path	date	wc	source_type	tc_id	verdict
/Users/sameralzubaidi/Desktop/kids_marketplace_app/e2e-test-results/2026-05-31T15-31-06/report.md	2026-05-31	0	automated	REG-R01	PASS
/Users/sameralzubaidi/Desktop/kids_marketplace_app/e2e-test-results/2026-05-31T15-31-06/report.md	2026-05-31	0	automated	REG-R03	PASS
/Users/sameralzubaidi/Desktop/kids_marketplace_app/e2e-test-results/2026-05-31T15-31-06/report.md	2026-05-31	0	automated	REG-R04	PASS
/Users/sameralzubaidi/Desktop/kids_marketplace_app/e2e-test-results/2026-05-31T15-31-06/report.md	2026-05-31	0	automated	TC-J01	PASS
/Users/sameralzubaidi/Desktop/kids_marketplace_app/e2e-test-results/2026-05-31T15-31-06/report.md	2026-05-31	0	automated	TC-J02	PASS
/Users/sameralzubaidi/Desktop/kids_marketplace_app/e2e-test-results/2026-05-31T15-31-06/report.md	2026-05-31	0	automated	TC-J03	PASS
/Users/sameralzubaidi/Desktop/kids_marketplace_app/e2e-test-results/2026-05-31T15-31-06/report.md	2026-05-31	0	automated	TC-J04	PASS
/Users/sameralzubaidi/Desktop/kids_marketplace_app/e2e-test-results/2026-05-31T15-31-06/report.md	2026-05-31	0	automated	TC-J05	PASS
/Users/sameralzubaidi/Desktop/kids_marketplace_app/e2e-test-results/2026-05-31T15-31-06/report.md	2026-05-31	0	automated	TC-K01	PASS
/Users/sameralzubaidi/Desktop/kids_marketplace_app/e2e-test-results/2026-05-31T15-31-06/report.md	2026-05-31	0	automated	TC-K02	PASS
/Users/sameralzubaidi/Desktop/kids_marketplace_app/e2e-test-results/2026-05-31T15-31-06/report.md	2026-05-31	0	automated	TC-K03	PASS
/Users/sameralzubaidi/Desktop/kids_marketplace_app/e2e-test-results/2026-05-31T15-31-06/report.md	2026-05-31	0	automated	TC-L01	PASS
/Users/sameralzubaidi/Desktop/kids_marketplace_app/e2e-test-results/2026-05-31T15-31-06/report.md	2026-05-31	0	automated	TC-L02	PASS
/Users/sameralzubaidi/Desktop/kids_marketplace_app/e2e-test-results/2026-05-31T15-31-06/report.md	2026-05-31	0	automated	TC-L03	PASS
/Users/sameralzubaidi/Desktop/kids_marketplace_app/e2e-test-results/2026-05-31T15-31-06/report.md	2026-05-31	0	automated	TC-L04	PASS
/Users/sameralzubaidi/Desktop/kids_marketplace_app/e2e-test-results/2026-05-31T15-31-06/report.md	2026-05-31	0	automated	TC-L05	PASS
/Users/sameralzubaidi/Desktop/kids_marketplace_app/e2e-test-results/2026-05-31T15-31-06/report.md	2026-05-31	0	automated	TC-L06	PASS
/Users/sameralzubaidi/Desktop/kids_marketplace_app/e2e-test-results/2026-05-31T15-31-06/report.md	2026-05-31	0	automated	TC-L07	PASS
/Users/sameralzubaidi/Desktop/kids_marketplace_app/e2e-test-results/2026-05-31T15-31-06/report.md	2026-05-31	0	automated	TC-L08	PASS
/Users/sameralzubaidi/Desktop/kids_marketplace_app/e2e-test-results/2026-05-31T15-31-06/report.md	2026-05-31	0	automated	TC-R05	PASS
/Users/sameralzubaidi/Desktop/kids_marketplace_app/e2e-test-results/2026-05-31T15-31-06/report.md	2026-05-31	0	automated	TC-R06	PASS
/Users/sameralzubaidi/Desktop/kids_marketplace_app/e2e-test-results/2026-05-31T15-31-06/report.md	2026-05-31	0	automated	REG-R02	PASS
/Users/sameralzubaidi/Desktop/kids_marketplace_app/e2e-test-results/2026-05-31T15-31-06/report.md	2026-05-31	0	automated	TC-A04	PASS
/Users/sameralzubaidi/Desktop/kids_marketplace_app/e2e-test-results/2026-05-31T15-31-06/report.md	2026-05-31	0	automated	TC-B01	PASS
/Users/sameralzubaidi/Desktop/kids_marketplace_app/e2e-test-results/2026-05-31T15-31-06/report.md	2026-05-31	0	automated	TC-B03	PASS
/Users/sameralzubaidi/Desktop/kids_marketplace_app/e2e-test-results/2026-05-31T15-31-06/report.md	2026-05-31	0	automated	TC-B04	PASS
/Users/sameralzubaidi/Desktop/kids_marketplace_app/e2e-test-results/2026-05-31T15-31-06/report.md	2026-05-31	0	automated	TC-B05	PASS
/Users/sameralzubaidi/Desktop/kids_marketplace_app/e2e-test-results/2026-05-31T15-31-06/report.md	2026-05-31	0	automated	TC-R01	PASS
/Users/sameralzubaidi/Desktop/kids_marketplace_app/e2e-test-results/2026-05-31T15-31-06/report.md	2026-05-31	0	automated	TC-R02	PASS
/Users/sameralzubaidi/Desktop/kids_marketplace_app/e2e-test-results/2026-05-31T15-31-06/report.md	2026-05-31	0	automated	TC-R13	PASS
/Users/sameralzubaidi/Desktop/kids_marketplace_app/e2e-test-results/2026-05-31T15-31-06/report.md	2026-05-31	0	automated	REG-R05	PASS
/Users/sameralzubaidi/Desktop/kids_marketplace_app/e2e-test-results/2026-05-31T15-31-06/report.md	2026-05-31	0	automated	TC-D01	PASS
/Users/sameralzubaidi/Desktop/kids_marketplace_app/e2e-test-results/2026-05-31T15-31-06/report.md	2026-05-31	0	automated	TC-D02	PASS
/Users/sameralzubaidi/Desktop/kids_marketplace_app/e2e-test-results/2026-05-31T15-31-06/report.md	2026-05-31	0	automated	TC-D03	PASS
/Users/sameralzubaidi/Desktop/kids_marketplace_app/e2e-test-results/2026-05-31T15-31-06/report.md	2026-05-31	0	automated	TC-D04	PASS
/Users/sameralzubaidi/Desktop/kids_marketplace_app/e2e-test-results/2026-05-31T15-31-06/report.md	2026-05-31	0	automated	TC-D05	PASS
/Users/sameralzubaidi/Desktop/kids_marketplace_app/e2e-test-results/2026-05-31T15-31-06/report.md	2026-05-31	0	automated	REG-R06	PASS
/Users/sameralzubaidi/Desktop/kids_marketplace_app/e2e-test-results/2026-05-31T15-31-06/report.md	2026-05-31	0	automated	REG-R07	PASS
/Users/sameralzubaidi/Desktop/kids_marketplace_app/e2e-test-results/2026-05-31T15-31-06/report.md	2026-05-31	0	automated	TC-C01	PASS
/Users/sameralzubaidi/Desktop/kids_marketplace_app/e2e-test-results/2026-05-31T15-31-06/report.md	2026-05-31	0	automated	TC-C02	PASS
/Users/sameralzubaidi/Desktop/kids_marketplace_app/e2e-test-results/2026-05-31T15-31-06/report.md	2026-05-31	0	automated	TC-C04	PASS
/Users/sameralzubaidi/Desktop/kids_marketplace_app/e2e-test-results/2026-05-31T15-31-06/report.md	2026-05-31	0	automated	TC-C05	PASS
/Users/sameralzubaidi/Desktop/kids_marketplace_app/e2e-test-results/2026-05-31T15-31-06/report.md	2026-05-31	0	automated	TC-C06	PASS
/Users/sameralzubaidi/Desktop/kids_marketplace_app/e2e-test-results/2026-05-31T15-31-06/report.md	2026-05-31	0	automated	TC-R07	PASS
/Users/sameralzubaidi/Desktop/kids_marketplace_app/e2e-test-results/2026-05-31T15-31-06/report.md	2026-05-31	0	automated	REG-R08	PASS
/Users/sameralzubaidi/Desktop/kids_marketplace_app/e2e-test-results/2026-05-31T15-31-06/report.md	2026-05-31	0	automated	TC-C07	PASS
/Users/sameralzubaidi/Desktop/kids_marketplace_app/e2e-test-results/2026-05-31T15-31-06/report.md	2026-05-31	0	automated	TC-C08	PASS
/Users/sameralzubaidi/Desktop/kids_marketplace_app/e2e-test-results/2026-05-31T15-31-06/report.md	2026-05-31	0	automated	TC-A01	PASS
/Users/sameralzubaidi/Desktop/kids_marketplace_app/e2e-test-results/2026-05-31T15-31-06/report.md	2026-05-31	0	automated	TC-A02	PASS
/Users/sameralzubaidi/Desktop/kids_marketplace_app/e2e-test-results/2026-05-31T15-31-06/report.md	2026-05-31	0	automated	TC-A03	PASS
/Users/sameralzubaidi/Desktop/kids_marketplace_app/e2e-test-results/2026-05-31T15-31-06/report.md	2026-05-31	0	automated	TC-E01	PASS
/Users/sameralzubaidi/Desktop/kids_marketplace_app/e2e-test-results/2026-05-31T15-31-06/report.md	2026-05-31	0	automated	TC-E02	PASS
/Users/sameralzubaidi/Desktop/kids_marketplace_app/e2e-test-results/2026-05-31T15-31-06/report.md	2026-05-31	0	automated	TC-E03	PASS
/Users/sameralzubaidi/Desktop/kids_marketplace_app/e2e-test-results/2026-05-31T15-31-06/report.md	2026-05-31	0	automated	TC-E04	PASS
/Users/sameralzubaidi/Desktop/kids_marketplace_app/e2e-test-results/2026-05-31T15-31-06/report.md	2026-05-31	0	automated	TC-H01	PASS
/Users/sameralzubaidi/Desktop/kids_marketplace_app/e2e-test-results/2026-05-31T15-31-06/report.md	2026-05-31	0	automated	TC-H02	PASS
/Users/sameralzubaidi/Desktop/kids_marketplace_app/e2e-test-results/2026-05-31T15-31-06/report.md	2026-05-31	0	automated	TC-H03	PASS
/Users/sameralzubaidi/Desktop/kids_marketplace_app/e2e-test-results/2026-05-31T15-31-06/report.md	2026-05-31	0	automated	TC-H04	PASS
/Users/sameralzubaidi/Desktop/kids_marketplace_app/e2e-test-results/2026-05-31T15-31-06/report.md	2026-05-31	0	automated	TC-Q01	PASS
/Users/sameralzubaidi/Desktop/kids_marketplace_app/e2e-test-results/2026-05-31T15-31-06/report.md	2026-05-31	0	automated	TC-Q02	PASS
/Users/sameralzubaidi/Desktop/kids_marketplace_app/e2e-test-results/2026-05-31T15-31-06/report.md	2026-05-31	0	automated	TC-Q03	PASS
/Users/sameralzubaidi/Desktop/kids_marketplace_app/e2e-test-results/2026-05-31T15-31-06/report.md	2026-05-31	0	automated	TC-Q04	PASS
/Users/sameralzubaidi/Desktop/kids_marketplace_app/e2e-test-results/2026-05-31T15-31-06/report.md	2026-05-31	0	automated	TC-Q05	PASS
/Users/sameralzubaidi/Desktop/kids_marketplace_app/e2e-test-results/2026-05-31T15-31-06/report.md	2026-05-31	0	automated	TC-Q06	PASS
/Users/sameralzubaidi/Desktop/kids_marketplace_app/e2e-test-results/2026-05-31T15-31-06/report.md	2026-05-31	0	automated	TC-Q07	PASS
/Users/sameralzubaidi/Desktop/kids_marketplace_app/e2e-test-results/2026-05-31T15-31-06/report.md	2026-05-31	0	automated	TC-Q08	PASS
/Users/sameralzubaidi/Desktop/kids_marketplace_app/e2e-test-results/2026-05-31T15-31-06/report.md	2026-05-31	0	automated	TC-Q09	PASS
/Users/sameralzubaidi/Desktop/kids_marketplace_app/e2e-test-results/2026-05-31T15-31-06/report.md	2026-05-31	0	automated	TC-Q10	PASS
/Users/sameralzubaidi/Desktop/kids_marketplace_app/e2e-test-results/2026-05-31T15-31-06/report.md	2026-05-31	0	automated	TC-Q12	PASS
/Users/sameralzubaidi/Desktop/kids_marketplace_app/e2e-test-results/2026-05-31T15-31-06/report.md	2026-05-31	0	automated	TC-Q15	PASS
/Users/sameralzubaidi/Desktop/kids_marketplace_app/e2e-test-results/2026-05-31T15-31-06/report.md	2026-05-31	0	automated	TC-Q17	PASS
/Users/sameralzubaidi/Desktop/kids_marketplace_app/e2e-test-results/2026-05-31T15-31-06/report.md	2026-05-31	0	automated	TC-E05	PASS
/Users/sameralzubaidi/Desktop/kids_marketplace_app/e2e-test-results/2026-05-31T15-31-06/report.md	2026-05-31	0	automated	TC-R10	PASS
/Users/sameralzubaidi/Desktop/kids_marketplace_app/e2e-test-results/2026-05-31T15-31-06/report.md	2026-05-31	0	automated	TC-E06	PASS
/Users/sameralzubaidi/Desktop/kids_marketplace_app/e2e-test-results/2026-05-31T15-31-06/report.md	2026-05-31	0	automated	TC-R09	PASS
/Users/sameralzubaidi/Desktop/kids_marketplace_app/e2e-test-results/2026-05-31T15-31-06/report.md	2026-05-31	0	automated	TC-F01	PASS
/Users/sameralzubaidi/Desktop/kids_marketplace_app/e2e-test-results/2026-05-31T15-31-06/report.md	2026-05-31	0	automated	TC-F02	PASS
/Users/sameralzubaidi/Desktop/kids_marketplace_app/e2e-test-results/2026-05-31T15-31-06/report.md	2026-05-31	0	automated	TC-F03	PASS
/Users/sameralzubaidi/Desktop/kids_marketplace_app/e2e-test-results/2026-05-31T15-31-06/report.md	2026-05-31	0	automated	TC-R08	PASS
/Users/sameralzubaidi/Desktop/kids_marketplace_app/e2e-test-results/2026-05-31T15-31-06/report.md	2026-05-31	0	automated	TC-G04	PASS
/Users/sameralzubaidi/Desktop/kids_marketplace_app/e2e-test-results/2026-05-31T15-31-06/report.md	2026-05-31	0	automated	TC-I01	PASS
/Users/sameralzubaidi/Desktop/kids_marketplace_app/e2e-test-results/2026-05-31T15-31-06/report.md	2026-05-31	0	automated	TC-I02	PASS
/Users/sameralzubaidi/Desktop/kids_marketplace_app/e2e-test-results/2026-05-31T15-31-06/report.md	2026-05-31	0	automated	TC-I03	PASS
/Users/sameralzubaidi/Desktop/kids_marketplace_app/e2e-test-results/2026-05-31T15-31-06/report.md	2026-05-31	0	automated	TC-I04	PASS
/Users/sameralzubaidi/Desktop/kids_marketplace_app/e2e-test-results/2026-05-31T15-31-06/report.md	2026-05-31	0	automated	TC-I05	PASS
/Users/sameralzubaidi/Desktop/kids_marketplace_app/e2e-test-results/2026-05-31T15-31-06/report.md	2026-05-31	0	automated	TC-M01	PASS
/Users/sameralzubaidi/Desktop/kids_marketplace_app/e2e-test-results/2026-05-31T15-31-06/report.md	2026-05-31	0	automated	TC-M02	PASS
/Users/sameralzubaidi/Desktop/kids_marketplace_app/e2e-test-results/2026-05-31T15-31-06/report.md	2026-05-31	0	automated	TC-M03	PASS
/Users/sameralzubaidi/Desktop/kids_marketplace_app/e2e-test-results/2026-05-31T15-31-06/report.md	2026-05-31	0	automated	TC-M04	PASS
/Users/sameralzubaidi/Desktop/kids_marketplace_app/e2e-test-results/2026-05-31T15-31-06/report.md	2026-05-31	0	automated	TC-M05	PASS
/Users/sameralzubaidi/Desktop/kids_marketplace_app/e2e-test-results/2026-05-31T15-31-06/report.md	2026-05-31	0	automated	TC-M06	PASS
/Users/sameralzubaidi/Desktop/kids_marketplace_app/e2e-test-results/2026-05-31T15-31-06/report.md	2026-05-31	0	automated	TC-M07	PASS
/Users/sameralzubaidi/Desktop/kids_marketplace_app/e2e-test-results/2026-05-31T15-31-06/report.md	2026-05-31	0	automated	TC-M08	PASS
/Users/sameralzubaidi/Desktop/kids_marketplace_app/e2e-test-results/2026-05-31T15-31-06/report.md	2026-05-31	0	automated	TC-M09	PASS
/Users/sameralzubaidi/Desktop/kids_marketplace_app/e2e-test-results/2026-05-31T15-31-06/report.md	2026-05-31	0	automated	TC-M10	PASS
/Users/sameralzubaidi/Desktop/kids_marketplace_app/e2e-test-results/2026-05-31T15-31-06/report.md	2026-05-31	0	automated	TC-M11	PASS
/Users/sameralzubaidi/Desktop/kids_marketplace_app/e2e-test-results/2026-05-31T15-31-06/report.md	2026-05-31	0	automated	TC-M12	PASS
/Users/sameralzubaidi/Desktop/kids_marketplace_app/e2e-test-results/2026-05-31T15-31-06/report.md	2026-05-31	0	automated	TC-M14	PASS
/Users/sameralzubaidi/Desktop/kids_marketplace_app/e2e-test-results/2026-05-31T15-31-06/report.md	2026-05-31	0	automated	TC-M15	PASS
/Users/sameralzubaidi/Desktop/kids_marketplace_app/e2e-test-results/2026-05-31T15-31-06/report.md	2026-05-31	0	automated	TC-N01	PASS
/Users/sameralzubaidi/Desktop/kids_marketplace_app/e2e-test-results/2026-05-31T15-31-06/report.md	2026-05-31	0	automated	TC-N02	PASS
/Users/sameralzubaidi/Desktop/kids_marketplace_app/e2e-test-results/2026-05-31T15-31-06/report.md	2026-05-31	0	automated	TC-O01	FAIL
/Users/sameralzubaidi/Desktop/kids_marketplace_app/e2e-test-results/2026-05-31T15-31-06/report.md	2026-05-31	0	automated	TC-O02	FAIL
/Users/sameralzubaidi/Desktop/kids_marketplace_app/e2e-test-results/2026-05-31T15-31-06/report.md	2026-05-31	0	automated	TC-O03	FAIL
/Users/sameralzubaidi/Desktop/kids_marketplace_app/e2e-test-results/2026-05-31T15-31-06/report.md	2026-05-31	0	automated	TC-O04	FAIL
/Users/sameralzubaidi/Desktop/kids_marketplace_app/e2e-test-results/2026-05-31T15-31-06/report.md	2026-05-31	0	automated	TC-O05	FAIL
/Users/sameralzubaidi/Desktop/kids_marketplace_app/e2e-test-results/2026-05-31T15-31-06/report.md	2026-05-31	0	automated	TC-O06	FAIL
/Users/sameralzubaidi/Desktop/kids_marketplace_app/e2e-test-results/2026-05-31T15-31-06/report.md	2026-05-31	0	automated	TC-O07	FAIL
/Users/sameralzubaidi/Desktop/kids_marketplace_app/e2e-test-results/2026-05-31T15-31-06/report.md	2026-05-31	0	automated	TC-P01	PASS
/Users/sameralzubaidi/Desktop/kids_marketplace_app/e2e-test-results/2026-05-31T15-31-06/report.md	2026-05-31	0	automated	TC-P02	PASS
/Users/sameralzubaidi/Desktop/kids_marketplace_app/e2e-test-results/2026-05-31T15-31-06/report.md	2026-05-31	0	automated	TC-P03	PASS
/Users/sameralzubaidi/Desktop/kids_marketplace_app/e2e-test-results/2026-05-31T15-31-06/report.md	2026-05-31	0	automated	TC-P04	PASS
/Users/sameralzubaidi/Desktop/kids_marketplace_app/e2e-test-results/2026-05-31T15-31-06/report.md	2026-05-31	0	automated	TC-P05	PASS
/Users/sameralzubaidi/Desktop/kids_marketplace_app/e2e-test-results/2026-05-31T15-31-06/report.md	2026-05-31	0	automated	TC-P06	PASS
/Users/sameralzubaidi/Desktop/kids_marketplace_app/e2e-test-results/2026-05-31T15-31-06/report.md	2026-05-31	0	automated	TC-P07	PASS
/Users/sameralzubaidi/Desktop/kids_marketplace_app/e2e-test-results/2026-05-31T15-31-06/report.md	2026-05-31	0	automated	TC-P08	PASS
/Users/sameralzubaidi/Desktop/kids_marketplace_app/e2e-test-results/2026-05-31T15-31-06/report.md	2026-05-31	0	automated	TC-Q18	PASS
/Users/sameralzubaidi/Desktop/kids_marketplace_app/e2e-test-results/2026-05-31T15-31-06/report.md	2026-05-31	0	automated	TC-Q19	PASS
/Users/sameralzubaidi/Desktop/kids_marketplace_app/e2e-test-results/2026-05-31T15-31-06/report.md	2026-05-31	0	automated	TC-Q20	PASS
/Users/sameralzubaidi/Desktop/kids_marketplace_app/e2e-test-results/2026-05-31T15-31-06/report.md	2026-05-31	0	automated	TC-B02	SKIPPED
/Users/sameralzubaidi/Desktop/kids_marketplace_app/e2e-test-results/2026-05-31T15-31-06/report.md	2026-05-31	0	automated	TC-B06	SKIPPED
/Users/sameralzubaidi/Desktop/kids_marketplace_app/e2e-test-results/2026-05-31T15-31-06/report.md	2026-05-31	0	automated	TC-C03	SKIPPED
/Users/sameralzubaidi/Desktop/kids_marketplace_app/e2e-test-results/2026-05-31T15-31-06/report.md	2026-05-31	0	automated	TC-G01	SKIPPED
/Users/sameralzubaidi/Desktop/kids_marketplace_app/e2e-test-results/2026-05-31T15-31-06/report.md	2026-05-31	0	automated	TC-G02	SKIPPED
/Users/sameralzubaidi/Desktop/kids_marketplace_app/e2e-test-results/2026-05-31T15-31-06/report.md	2026-05-31	0	automated	TC-G03	SKIPPED
/Users/sameralzubaidi/Desktop/kids_marketplace_app/e2e-test-results/2026-05-31T15-31-06/report.md	2026-05-31	0	automated	TC-M13	SKIPPED
/Users/sameralzubaidi/Desktop/kids_marketplace_app/e2e-test-results/2026-05-31T15-31-06/report.md	2026-05-31	0	automated	TC-Q11	SKIPPED
/Users/sameralzubaidi/Desktop/kids_marketplace_app/e2e-test-results/2026-05-31T15-31-06/report.md	2026-05-31	0	automated	TC-Q13	SKIPPED
/Users/sameralzubaidi/Desktop/kids_marketplace_app/e2e-test-results/2026-05-31T15-31-06/report.md	2026-05-31	0	automated	TC-Q14	SKIPPED
/Users/sameralzubaidi/Desktop/kids_marketplace_app/e2e-test-results/2026-05-31T15-31-06/report.md	2026-05-31	0	automated	TC-Q16	SKIPPED
/Users/sameralzubaidi/Desktop/kids_marketplace_app/e2e-test-results/2026-05-31T15-31-06/report.md	2026-05-31	0	automated	TC-R03	SKIPPED
/Users/sameralzubaidi/Desktop/kids_marketplace_app/e2e-test-results/2026-05-31T15-31-06/report.md	2026-05-31	0	automated	TC-R04	SKIPPED
/Users/sameralzubaidi/Desktop/kids_marketplace_app/e2e-test-results/2026-05-31T15-31-06/report.md	2026-05-31	0	automated	TC-R11	SKIPPED
/Users/sameralzubaidi/Desktop/kids_marketplace_app/e2e-test-results/2026-05-31T15-31-06/report.md	2026-05-31	0	automated	TC-R12	SKIPPED
/Users/sameralzubaidi/Desktop/kids_marketplace_app/test-automation/trade-flow-v2/reports/2026-05-31T13-04-19-345Z/report.md	2026-05-31	0	automated	TC-A01	PASS
/Users/sameralzubaidi/Desktop/kids_marketplace_app/test-automation/trade-flow-v2/reports/2026-05-31T13-04-19-345Z/report.md	2026-05-31	0	automated	TC-A02	PASS
/Users/sameralzubaidi/Desktop/kids_marketplace_app/test-automation/trade-flow-v2/reports/2026-05-31T13-04-19-345Z/report.md	2026-05-31	0	automated	TC-A03	PASS
/Users/sameralzubaidi/Desktop/kids_marketplace_app/test-automation/trade-flow-v2/reports/2026-05-31T13-04-19-345Z/report.md	2026-05-31	0	automated	TC-A04	PASS
/Users/sameralzubaidi/Desktop/kids_marketplace_app/test-automation/trade-flow-v2/reports/2026-05-31T13-04-19-345Z/report.md	2026-05-31	0	automated	TC-N01	SKIPPED
/Users/sameralzubaidi/Desktop/kids_marketplace_app/test-automation/trade-flow-v2/reports/2026-05-31T13-04-19-345Z/report.md	2026-05-31	0	automated	TC-N02	SKIPPED
/Users/sameralzubaidi/Desktop/kids_marketplace_app/test-automation/trade-flow-v2/reports/2026-05-31T15-04-42-404Z/report.md	2026-05-31	0	automated	TC-A01	PASS
/Users/sameralzubaidi/Desktop/kids_marketplace_app/test-automation/trade-flow-v2/reports/2026-05-31T15-04-42-404Z/report.md	2026-05-31	0	automated	TC-A02	PASS
/Users/sameralzubaidi/Desktop/kids_marketplace_app/test-automation/trade-flow-v2/reports/2026-05-31T15-04-42-404Z/report.md	2026-05-31	0	automated	TC-A03	PASS
/Users/sameralzubaidi/Desktop/kids_marketplace_app/test-automation/trade-flow-v2/reports/2026-05-31T15-04-42-404Z/report.md	2026-05-31	0	automated	TC-A04	PASS
/Users/sameralzubaidi/Desktop/kids_marketplace_app/test-automation/trade-flow-v2/reports/2026-05-31T15-04-42-404Z/report.md	2026-05-31	0	automated	TC-M01	PASS
/Users/sameralzubaidi/Desktop/kids_marketplace_app/test-automation/trade-flow-v2/reports/2026-05-31T15-04-42-404Z/report.md	2026-05-31	0	automated	TC-M02	PASS
/Users/sameralzubaidi/Desktop/kids_marketplace_app/test-automation/trade-flow-v2/reports/2026-05-31T15-04-42-404Z/report.md	2026-05-31	0	automated	TC-M03	PASS
/Users/sameralzubaidi/Desktop/kids_marketplace_app/test-automation/trade-flow-v2/reports/2026-05-31T15-04-42-404Z/report.md	2026-05-31	0	automated	TC-M04	PASS
/Users/sameralzubaidi/Desktop/kids_marketplace_app/test-automation/trade-flow-v2/reports/2026-05-31T15-04-42-404Z/report.md	2026-05-31	0	automated	TC-M05	PASS
/Users/sameralzubaidi/Desktop/kids_marketplace_app/test-automation/trade-flow-v2/reports/2026-05-31T15-04-42-404Z/report.md	2026-05-31	0	automated	TC-M06	PASS
/Users/sameralzubaidi/Desktop/kids_marketplace_app/test-automation/trade-flow-v2/reports/2026-05-31T15-04-42-404Z/report.md	2026-05-31	0	automated	TC-M07	PASS
/Users/sameralzubaidi/Desktop/kids_marketplace_app/test-automation/trade-flow-v2/reports/2026-05-31T15-04-42-404Z/report.md	2026-05-31	0	automated	TC-M08	PASS
/Users/sameralzubaidi/Desktop/kids_marketplace_app/test-automation/trade-flow-v2/reports/2026-05-31T15-04-42-404Z/report.md	2026-05-31	0	automated	TC-M09	PASS
/Users/sameralzubaidi/Desktop/kids_marketplace_app/test-automation/trade-flow-v2/reports/2026-05-31T15-04-42-404Z/report.md	2026-05-31	0	automated	TC-M10	PASS
/Users/sameralzubaidi/Desktop/kids_marketplace_app/test-automation/trade-flow-v2/reports/2026-05-31T15-04-42-404Z/report.md	2026-05-31	0	automated	TC-M11	PASS
/Users/sameralzubaidi/Desktop/kids_marketplace_app/test-automation/trade-flow-v2/reports/2026-05-31T15-04-42-404Z/report.md	2026-05-31	0	automated	TC-M12	PASS
/Users/sameralzubaidi/Desktop/kids_marketplace_app/test-automation/trade-flow-v2/reports/2026-05-31T15-04-42-404Z/report.md	2026-05-31	0	automated	TC-M14	PASS
/Users/sameralzubaidi/Desktop/kids_marketplace_app/test-automation/trade-flow-v2/reports/2026-05-31T15-04-42-404Z/report.md	2026-05-31	0	automated	TC-M15	PASS
/Users/sameralzubaidi/Desktop/kids_marketplace_app/test-automation/trade-flow-v2/reports/2026-05-31T15-04-42-404Z/report.md	2026-05-31	0	automated	TC-M13	SKIPPED
/Users/sameralzubaidi/Desktop/kids_marketplace_app/test-automation/trade-flow-v2/reports/2026-05-31T15-09-46-669Z/report.md	2026-05-31	0	automated	TC-A01	FAIL
/Users/sameralzubaidi/Desktop/kids_marketplace_app/test-automation/trade-flow-v2/reports/2026-05-31T15-09-46-669Z/report.md	2026-05-31	0	automated	TC-A02	FAIL
/Users/sameralzubaidi/Desktop/kids_marketplace_app/test-automation/trade-flow-v2/reports/2026-05-31T15-09-46-669Z/report.md	2026-05-31	0	automated	TC-A03	FAIL
/Users/sameralzubaidi/Desktop/kids_marketplace_app/test-automation/trade-flow-v2/reports/2026-05-31T15-09-46-669Z/report.md	2026-05-31	0	automated	TC-M13	SKIPPED
/Users/sameralzubaidi/Desktop/kids_marketplace_app/test-automation/trade-flow-v2/reports/2026-05-31T15-12-10-443Z/report.md	2026-05-31	0	automated	TC-A01	FAIL
/Users/sameralzubaidi/Desktop/kids_marketplace_app/test-automation/trade-flow-v2/reports/2026-05-31T15-12-10-443Z/report.md	2026-05-31	0	automated	TC-A02	FAIL
/Users/sameralzubaidi/Desktop/kids_marketplace_app/test-automation/trade-flow-v2/reports/2026-05-31T15-12-10-443Z/report.md	2026-05-31	0	automated	TC-A03	FAIL
/Users/sameralzubaidi/Desktop/kids_marketplace_app/test-automation/trade-flow-v2/reports/2026-05-31T15-12-10-443Z/report.md	2026-05-31	0	automated	TC-A04	FAIL
/Users/sameralzubaidi/Desktop/kids_marketplace_app/test-automation/trade-flow-v2/reports/2026-05-31T15-12-10-443Z/report.md	2026-05-31	0	automated	TC-M01	FAIL
/Users/sameralzubaidi/Desktop/kids_marketplace_app/test-automation/trade-flow-v2/reports/2026-05-31T15-12-10-443Z/report.md	2026-05-31	0	automated	TC-M02	FAIL
/Users/sameralzubaidi/Desktop/kids_marketplace_app/test-automation/trade-flow-v2/reports/2026-05-31T15-12-10-443Z/report.md	2026-05-31	0	automated	TC-M03	FAIL
/Users/sameralzubaidi/Desktop/kids_marketplace_app/test-automation/trade-flow-v2/reports/2026-05-31T15-12-10-443Z/report.md	2026-05-31	0	automated	TC-M04	FAIL
/Users/sameralzubaidi/Desktop/kids_marketplace_app/test-automation/trade-flow-v2/reports/2026-05-31T15-12-10-443Z/report.md	2026-05-31	0	automated	TC-M05	FAIL
/Users/sameralzubaidi/Desktop/kids_marketplace_app/test-automation/trade-flow-v2/reports/2026-05-31T15-12-10-443Z/report.md	2026-05-31	0	automated	TC-M06	FAIL
/Users/sameralzubaidi/Desktop/kids_marketplace_app/test-automation/trade-flow-v2/reports/2026-05-31T15-12-10-443Z/report.md	2026-05-31	0	automated	TC-M07	FAIL
/Users/sameralzubaidi/Desktop/kids_marketplace_app/test-automation/trade-flow-v2/reports/2026-05-31T15-12-10-443Z/report.md	2026-05-31	0	automated	TC-M08	FAIL
/Users/sameralzubaidi/Desktop/kids_marketplace_app/test-automation/trade-flow-v2/reports/2026-05-31T15-12-10-443Z/report.md	2026-05-31	0	automated	TC-M09	FAIL
/Users/sameralzubaidi/Desktop/kids_marketplace_app/test-automation/trade-flow-v2/reports/2026-05-31T15-12-10-443Z/report.md	2026-05-31	0	automated	TC-M10	FAIL
/Users/sameralzubaidi/Desktop/kids_marketplace_app/test-automation/trade-flow-v2/reports/2026-05-31T15-12-10-443Z/report.md	2026-05-31	0	automated	TC-M11	FAIL
/Users/sameralzubaidi/Desktop/kids_marketplace_app/test-automation/trade-flow-v2/reports/2026-05-31T15-12-10-443Z/report.md	2026-05-31	0	automated	TC-M12	FAIL
/Users/sameralzubaidi/Desktop/kids_marketplace_app/test-automation/trade-flow-v2/reports/2026-05-31T15-12-10-443Z/report.md	2026-05-31	0	automated	TC-M14	FAIL
/Users/sameralzubaidi/Desktop/kids_marketplace_app/test-automation/trade-flow-v2/reports/2026-05-31T15-12-10-443Z/report.md	2026-05-31	0	automated	TC-M15	FAIL
/Users/sameralzubaidi/Desktop/kids_marketplace_app/test-automation/trade-flow-v2/reports/2026-05-31T15-12-10-443Z/report.md	2026-05-31	0	automated	TC-M13	SKIPPED
/Users/sameralzubaidi/Desktop/kids_marketplace_app/e2e-test-results/2026-06-01T00-10-52/report.md	2026-06-01	0	automated	REG-R01	FAIL
/Users/sameralzubaidi/Desktop/kids_marketplace_app/e2e-test-results/2026-06-01T00-10-52/report.md	2026-06-01	0	automated	REG-R03	FAIL
/Users/sameralzubaidi/Desktop/kids_marketplace_app/e2e-test-results/2026-06-01T00-10-52/report.md	2026-06-01	0	automated	REG-R04	FAIL
/Users/sameralzubaidi/Desktop/kids_marketplace_app/e2e-test-results/2026-06-01T00-10-52/report.md	2026-06-01	0	automated	TC-J01	FAIL
/Users/sameralzubaidi/Desktop/kids_marketplace_app/e2e-test-results/2026-06-01T00-10-52/report.md	2026-06-01	0	automated	TC-J02	FAIL
/Users/sameralzubaidi/Desktop/kids_marketplace_app/e2e-test-results/2026-06-01T00-10-52/report.md	2026-06-01	0	automated	TC-J03	FAIL
/Users/sameralzubaidi/Desktop/kids_marketplace_app/e2e-test-results/2026-06-01T00-10-52/report.md	2026-06-01	0	automated	TC-J04	FAIL
/Users/sameralzubaidi/Desktop/kids_marketplace_app/e2e-test-results/2026-06-01T00-10-52/report.md	2026-06-01	0	automated	TC-J05	FAIL
/Users/sameralzubaidi/Desktop/kids_marketplace_app/e2e-test-results/2026-06-01T00-10-52/report.md	2026-06-01	0	automated	TC-K01	FAIL
/Users/sameralzubaidi/Desktop/kids_marketplace_app/e2e-test-results/2026-06-01T00-10-52/report.md	2026-06-01	0	automated	TC-K02	FAIL
/Users/sameralzubaidi/Desktop/kids_marketplace_app/e2e-test-results/2026-06-01T00-10-52/report.md	2026-06-01	0	automated	TC-K03	FAIL
/Users/sameralzubaidi/Desktop/kids_marketplace_app/e2e-test-results/2026-06-01T00-10-52/report.md	2026-06-01	0	automated	TC-L01	FAIL
/Users/sameralzubaidi/Desktop/kids_marketplace_app/e2e-test-results/2026-06-01T00-10-52/report.md	2026-06-01	0	automated	TC-L02	FAIL
/Users/sameralzubaidi/Desktop/kids_marketplace_app/e2e-test-results/2026-06-01T00-10-52/report.md	2026-06-01	0	automated	TC-L03	FAIL
/Users/sameralzubaidi/Desktop/kids_marketplace_app/e2e-test-results/2026-06-01T00-10-52/report.md	2026-06-01	0	automated	TC-L04	FAIL
/Users/sameralzubaidi/Desktop/kids_marketplace_app/e2e-test-results/2026-06-01T00-10-52/report.md	2026-06-01	0	automated	TC-L05	FAIL
/Users/sameralzubaidi/Desktop/kids_marketplace_app/e2e-test-results/2026-06-01T00-10-52/report.md	2026-06-01	0	automated	TC-L06	FAIL
/Users/sameralzubaidi/Desktop/kids_marketplace_app/e2e-test-results/2026-06-01T00-10-52/report.md	2026-06-01	0	automated	TC-L07	FAIL
/Users/sameralzubaidi/Desktop/kids_marketplace_app/e2e-test-results/2026-06-01T00-10-52/report.md	2026-06-01	0	automated	TC-L08	FAIL
/Users/sameralzubaidi/Desktop/kids_marketplace_app/e2e-test-results/2026-06-01T00-10-52/report.md	2026-06-01	0	automated	TC-R05	FAIL
/Users/sameralzubaidi/Desktop/kids_marketplace_app/e2e-test-results/2026-06-01T00-10-52/report.md	2026-06-01	0	automated	TC-R06	FAIL
/Users/sameralzubaidi/Desktop/kids_marketplace_app/e2e-test-results/2026-06-01T00-10-52/report.md	2026-06-01	0	automated	REG-R02	FAIL
/Users/sameralzubaidi/Desktop/kids_marketplace_app/e2e-test-results/2026-06-01T00-10-52/report.md	2026-06-01	0	automated	TC-A04	FAIL
/Users/sameralzubaidi/Desktop/kids_marketplace_app/e2e-test-results/2026-06-01T00-10-52/report.md	2026-06-01	0	automated	TC-B01	FAIL
/Users/sameralzubaidi/Desktop/kids_marketplace_app/e2e-test-results/2026-06-01T00-10-52/report.md	2026-06-01	0	automated	TC-B03	FAIL
/Users/sameralzubaidi/Desktop/kids_marketplace_app/e2e-test-results/2026-06-01T00-10-52/report.md	2026-06-01	0	automated	TC-B04	FAIL
/Users/sameralzubaidi/Desktop/kids_marketplace_app/e2e-test-results/2026-06-01T00-10-52/report.md	2026-06-01	0	automated	TC-B05	FAIL
/Users/sameralzubaidi/Desktop/kids_marketplace_app/e2e-test-results/2026-06-01T00-10-52/report.md	2026-06-01	0	automated	TC-R01	FAIL
/Users/sameralzubaidi/Desktop/kids_marketplace_app/e2e-test-results/2026-06-01T00-10-52/report.md	2026-06-01	0	automated	TC-R02	FAIL
/Users/sameralzubaidi/Desktop/kids_marketplace_app/e2e-test-results/2026-06-01T00-10-52/report.md	2026-06-01	0	automated	TC-R13	FAIL
/Users/sameralzubaidi/Desktop/kids_marketplace_app/e2e-test-results/2026-06-01T00-10-52/report.md	2026-06-01	0	automated	REG-R05	FAIL
/Users/sameralzubaidi/Desktop/kids_marketplace_app/e2e-test-results/2026-06-01T00-10-52/report.md	2026-06-01	0	automated	TC-D01	FAIL
/Users/sameralzubaidi/Desktop/kids_marketplace_app/e2e-test-results/2026-06-01T00-10-52/report.md	2026-06-01	0	automated	TC-D02	FAIL
/Users/sameralzubaidi/Desktop/kids_marketplace_app/e2e-test-results/2026-06-01T00-10-52/report.md	2026-06-01	0	automated	TC-D03	FAIL
/Users/sameralzubaidi/Desktop/kids_marketplace_app/e2e-test-results/2026-06-01T00-10-52/report.md	2026-06-01	0	automated	TC-D04	FAIL
/Users/sameralzubaidi/Desktop/kids_marketplace_app/e2e-test-results/2026-06-01T00-10-52/report.md	2026-06-01	0	automated	TC-D05	FAIL
/Users/sameralzubaidi/Desktop/kids_marketplace_app/e2e-test-results/2026-06-01T00-10-52/report.md	2026-06-01	0	automated	REG-R06	FAIL
/Users/sameralzubaidi/Desktop/kids_marketplace_app/e2e-test-results/2026-06-01T00-10-52/report.md	2026-06-01	0	automated	REG-R07	FAIL
/Users/sameralzubaidi/Desktop/kids_marketplace_app/e2e-test-results/2026-06-01T00-10-52/report.md	2026-06-01	0	automated	TC-C01	FAIL
/Users/sameralzubaidi/Desktop/kids_marketplace_app/e2e-test-results/2026-06-01T00-10-52/report.md	2026-06-01	0	automated	TC-C02	FAIL
/Users/sameralzubaidi/Desktop/kids_marketplace_app/e2e-test-results/2026-06-01T00-10-52/report.md	2026-06-01	0	automated	TC-C04	FAIL
/Users/sameralzubaidi/Desktop/kids_marketplace_app/e2e-test-results/2026-06-01T00-10-52/report.md	2026-06-01	0	automated	TC-C05	FAIL
/Users/sameralzubaidi/Desktop/kids_marketplace_app/e2e-test-results/2026-06-01T00-10-52/report.md	2026-06-01	0	automated	TC-C06	FAIL
/Users/sameralzubaidi/Desktop/kids_marketplace_app/e2e-test-results/2026-06-01T00-10-52/report.md	2026-06-01	0	automated	TC-R07	FAIL
/Users/sameralzubaidi/Desktop/kids_marketplace_app/e2e-test-results/2026-06-01T00-10-52/report.md	2026-06-01	0	automated	REG-R08	FAIL
/Users/sameralzubaidi/Desktop/kids_marketplace_app/e2e-test-results/2026-06-01T00-10-52/report.md	2026-06-01	0	automated	TC-C07	FAIL
/Users/sameralzubaidi/Desktop/kids_marketplace_app/e2e-test-results/2026-06-01T00-10-52/report.md	2026-06-01	0	automated	TC-C08	FAIL
/Users/sameralzubaidi/Desktop/kids_marketplace_app/e2e-test-results/2026-06-01T00-10-52/report.md	2026-06-01	0	automated	TC-A01	FAIL
/Users/sameralzubaidi/Desktop/kids_marketplace_app/e2e-test-results/2026-06-01T00-10-52/report.md	2026-06-01	0	automated	TC-A02	FAIL
/Users/sameralzubaidi/Desktop/kids_marketplace_app/e2e-test-results/2026-06-01T00-10-52/report.md	2026-06-01	0	automated	TC-A03	FAIL
/Users/sameralzubaidi/Desktop/kids_marketplace_app/e2e-test-results/2026-06-01T00-10-52/report.md	2026-06-01	0	automated	TC-E01	FAIL
/Users/sameralzubaidi/Desktop/kids_marketplace_app/e2e-test-results/2026-06-01T00-10-52/report.md	2026-06-01	0	automated	TC-E02	FAIL
/Users/sameralzubaidi/Desktop/kids_marketplace_app/e2e-test-results/2026-06-01T00-10-52/report.md	2026-06-01	0	automated	TC-E03	FAIL
/Users/sameralzubaidi/Desktop/kids_marketplace_app/e2e-test-results/2026-06-01T00-10-52/report.md	2026-06-01	0	automated	TC-E04	FAIL
/Users/sameralzubaidi/Desktop/kids_marketplace_app/e2e-test-results/2026-06-01T00-10-52/report.md	2026-06-01	0	automated	TC-H01	FAIL
/Users/sameralzubaidi/Desktop/kids_marketplace_app/e2e-test-results/2026-06-01T00-10-52/report.md	2026-06-01	0	automated	TC-H02	FAIL
/Users/sameralzubaidi/Desktop/kids_marketplace_app/e2e-test-results/2026-06-01T00-10-52/report.md	2026-06-01	0	automated	TC-H03	FAIL
/Users/sameralzubaidi/Desktop/kids_marketplace_app/e2e-test-results/2026-06-01T00-10-52/report.md	2026-06-01	0	automated	TC-H04	FAIL
/Users/sameralzubaidi/Desktop/kids_marketplace_app/e2e-test-results/2026-06-01T00-10-52/report.md	2026-06-01	0	automated	TC-Q01	FAIL
/Users/sameralzubaidi/Desktop/kids_marketplace_app/e2e-test-results/2026-06-01T00-10-52/report.md	2026-06-01	0	automated	TC-Q02	FAIL
/Users/sameralzubaidi/Desktop/kids_marketplace_app/e2e-test-results/2026-06-01T00-10-52/report.md	2026-06-01	0	automated	TC-Q03	FAIL
/Users/sameralzubaidi/Desktop/kids_marketplace_app/e2e-test-results/2026-06-01T00-10-52/report.md	2026-06-01	0	automated	TC-Q04	FAIL
/Users/sameralzubaidi/Desktop/kids_marketplace_app/e2e-test-results/2026-06-01T00-10-52/report.md	2026-06-01	0	automated	TC-Q05	FAIL
/Users/sameralzubaidi/Desktop/kids_marketplace_app/e2e-test-results/2026-06-01T00-10-52/report.md	2026-06-01	0	automated	TC-Q06	FAIL
/Users/sameralzubaidi/Desktop/kids_marketplace_app/e2e-test-results/2026-06-01T00-10-52/report.md	2026-06-01	0	automated	TC-Q07	FAIL
/Users/sameralzubaidi/Desktop/kids_marketplace_app/e2e-test-results/2026-06-01T00-10-52/report.md	2026-06-01	0	automated	TC-Q08	FAIL
/Users/sameralzubaidi/Desktop/kids_marketplace_app/e2e-test-results/2026-06-01T00-10-52/report.md	2026-06-01	0	automated	TC-Q09	FAIL
/Users/sameralzubaidi/Desktop/kids_marketplace_app/e2e-test-results/2026-06-01T00-10-52/report.md	2026-06-01	0	automated	TC-Q10	FAIL
/Users/sameralzubaidi/Desktop/kids_marketplace_app/e2e-test-results/2026-06-01T00-10-52/report.md	2026-06-01	0	automated	TC-Q12	FAIL
/Users/sameralzubaidi/Desktop/kids_marketplace_app/e2e-test-results/2026-06-01T00-10-52/report.md	2026-06-01	0	automated	TC-Q15	FAIL
/Users/sameralzubaidi/Desktop/kids_marketplace_app/e2e-test-results/2026-06-01T00-10-52/report.md	2026-06-01	0	automated	TC-Q17	FAIL
/Users/sameralzubaidi/Desktop/kids_marketplace_app/e2e-test-results/2026-06-01T00-10-52/report.md	2026-06-01	0	automated	TC-E05	PASS
/Users/sameralzubaidi/Desktop/kids_marketplace_app/e2e-test-results/2026-06-01T00-10-52/report.md	2026-06-01	0	automated	TC-R10	PASS
/Users/sameralzubaidi/Desktop/kids_marketplace_app/e2e-test-results/2026-06-01T00-10-52/report.md	2026-06-01	0	automated	TC-E06	PASS
/Users/sameralzubaidi/Desktop/kids_marketplace_app/e2e-test-results/2026-06-01T00-10-52/report.md	2026-06-01	0	automated	TC-R09	PASS
/Users/sameralzubaidi/Desktop/kids_marketplace_app/e2e-test-results/2026-06-01T00-10-52/report.md	2026-06-01	0	automated	TC-F01	FAIL
/Users/sameralzubaidi/Desktop/kids_marketplace_app/e2e-test-results/2026-06-01T00-10-52/report.md	2026-06-01	0	automated	TC-F02	FAIL
/Users/sameralzubaidi/Desktop/kids_marketplace_app/e2e-test-results/2026-06-01T00-10-52/report.md	2026-06-01	0	automated	TC-F03	FAIL
/Users/sameralzubaidi/Desktop/kids_marketplace_app/e2e-test-results/2026-06-01T00-10-52/report.md	2026-06-01	0	automated	TC-R08	FAIL
/Users/sameralzubaidi/Desktop/kids_marketplace_app/e2e-test-results/2026-06-01T00-10-52/report.md	2026-06-01	0	automated	TC-G04	FAIL
/Users/sameralzubaidi/Desktop/kids_marketplace_app/e2e-test-results/2026-06-01T00-10-52/report.md	2026-06-01	0	automated	TC-I01	FAIL
/Users/sameralzubaidi/Desktop/kids_marketplace_app/e2e-test-results/2026-06-01T00-10-52/report.md	2026-06-01	0	automated	TC-I02	FAIL
/Users/sameralzubaidi/Desktop/kids_marketplace_app/e2e-test-results/2026-06-01T00-10-52/report.md	2026-06-01	0	automated	TC-I03	FAIL
/Users/sameralzubaidi/Desktop/kids_marketplace_app/e2e-test-results/2026-06-01T00-10-52/report.md	2026-06-01	0	automated	TC-I04	FAIL
/Users/sameralzubaidi/Desktop/kids_marketplace_app/e2e-test-results/2026-06-01T00-10-52/report.md	2026-06-01	0	automated	TC-I05	FAIL
/Users/sameralzubaidi/Desktop/kids_marketplace_app/e2e-test-results/2026-06-01T00-10-52/report.md	2026-06-01	0	automated	TC-M01	FAIL
/Users/sameralzubaidi/Desktop/kids_marketplace_app/e2e-test-results/2026-06-01T00-10-52/report.md	2026-06-01	0	automated	TC-M02	FAIL
/Users/sameralzubaidi/Desktop/kids_marketplace_app/e2e-test-results/2026-06-01T00-10-52/report.md	2026-06-01	0	automated	TC-M03	FAIL
/Users/sameralzubaidi/Desktop/kids_marketplace_app/e2e-test-results/2026-06-01T00-10-52/report.md	2026-06-01	0	automated	TC-M04	FAIL
/Users/sameralzubaidi/Desktop/kids_marketplace_app/e2e-test-results/2026-06-01T00-10-52/report.md	2026-06-01	0	automated	TC-M05	FAIL
/Users/sameralzubaidi/Desktop/kids_marketplace_app/e2e-test-results/2026-06-01T00-10-52/report.md	2026-06-01	0	automated	TC-M06	FAIL
/Users/sameralzubaidi/Desktop/kids_marketplace_app/e2e-test-results/2026-06-01T00-10-52/report.md	2026-06-01	0	automated	TC-M07	FAIL
/Users/sameralzubaidi/Desktop/kids_marketplace_app/e2e-test-results/2026-06-01T00-10-52/report.md	2026-06-01	0	automated	TC-M08	FAIL
/Users/sameralzubaidi/Desktop/kids_marketplace_app/e2e-test-results/2026-06-01T00-10-52/report.md	2026-06-01	0	automated	TC-M09	FAIL
/Users/sameralzubaidi/Desktop/kids_marketplace_app/e2e-test-results/2026-06-01T00-10-52/report.md	2026-06-01	0	automated	TC-M10	FAIL
/Users/sameralzubaidi/Desktop/kids_marketplace_app/e2e-test-results/2026-06-01T00-10-52/report.md	2026-06-01	0	automated	TC-M11	FAIL
/Users/sameralzubaidi/Desktop/kids_marketplace_app/e2e-test-results/2026-06-01T00-10-52/report.md	2026-06-01	0	automated	TC-M12	FAIL
/Users/sameralzubaidi/Desktop/kids_marketplace_app/e2e-test-results/2026-06-01T00-10-52/report.md	2026-06-01	0	automated	TC-M14	FAIL
/Users/sameralzubaidi/Desktop/kids_marketplace_app/e2e-test-results/2026-06-01T00-10-52/report.md	2026-06-01	0	automated	TC-M15	FAIL
/Users/sameralzubaidi/Desktop/kids_marketplace_app/e2e-test-results/2026-06-01T00-10-52/report.md	2026-06-01	0	automated	TC-N01	PASS
/Users/sameralzubaidi/Desktop/kids_marketplace_app/e2e-test-results/2026-06-01T00-10-52/report.md	2026-06-01	0	automated	TC-N02	PASS
/Users/sameralzubaidi/Desktop/kids_marketplace_app/e2e-test-results/2026-06-01T00-10-52/report.md	2026-06-01	0	automated	TC-O01	FAIL
/Users/sameralzubaidi/Desktop/kids_marketplace_app/e2e-test-results/2026-06-01T00-10-52/report.md	2026-06-01	0	automated	TC-O02	FAIL
/Users/sameralzubaidi/Desktop/kids_marketplace_app/e2e-test-results/2026-06-01T00-10-52/report.md	2026-06-01	0	automated	TC-O03	FAIL
/Users/sameralzubaidi/Desktop/kids_marketplace_app/e2e-test-results/2026-06-01T00-10-52/report.md	2026-06-01	0	automated	TC-O04	FAIL
/Users/sameralzubaidi/Desktop/kids_marketplace_app/e2e-test-results/2026-06-01T00-10-52/report.md	2026-06-01	0	automated	TC-O05	FAIL
/Users/sameralzubaidi/Desktop/kids_marketplace_app/e2e-test-results/2026-06-01T00-10-52/report.md	2026-06-01	0	automated	TC-O06	FAIL
/Users/sameralzubaidi/Desktop/kids_marketplace_app/e2e-test-results/2026-06-01T00-10-52/report.md	2026-06-01	0	automated	TC-O07	FAIL
/Users/sameralzubaidi/Desktop/kids_marketplace_app/e2e-test-results/2026-06-01T00-10-52/report.md	2026-06-01	0	automated	TC-P01	PASS
/Users/sameralzubaidi/Desktop/kids_marketplace_app/e2e-test-results/2026-06-01T00-10-52/report.md	2026-06-01	0	automated	TC-P02	PASS
/Users/sameralzubaidi/Desktop/kids_marketplace_app/e2e-test-results/2026-06-01T00-10-52/report.md	2026-06-01	0	automated	TC-P03	PASS
/Users/sameralzubaidi/Desktop/kids_marketplace_app/e2e-test-results/2026-06-01T00-10-52/report.md	2026-06-01	0	automated	TC-P04	PASS
/Users/sameralzubaidi/Desktop/kids_marketplace_app/e2e-test-results/2026-06-01T00-10-52/report.md	2026-06-01	0	automated	TC-P05	PASS
/Users/sameralzubaidi/Desktop/kids_marketplace_app/e2e-test-results/2026-06-01T00-10-52/report.md	2026-06-01	0	automated	TC-P06	PASS
/Users/sameralzubaidi/Desktop/kids_marketplace_app/e2e-test-results/2026-06-01T00-10-52/report.md	2026-06-01	0	automated	TC-P07	PASS
/Users/sameralzubaidi/Desktop/kids_marketplace_app/e2e-test-results/2026-06-01T00-10-52/report.md	2026-06-01	0	automated	TC-P08	FAIL
/Users/sameralzubaidi/Desktop/kids_marketplace_app/e2e-test-results/2026-06-01T00-10-52/report.md	2026-06-01	0	automated	TC-Q18	FAIL
/Users/sameralzubaidi/Desktop/kids_marketplace_app/e2e-test-results/2026-06-01T00-10-52/report.md	2026-06-01	0	automated	TC-Q19	FAIL
/Users/sameralzubaidi/Desktop/kids_marketplace_app/e2e-test-results/2026-06-01T00-10-52/report.md	2026-06-01	0	automated	TC-Q20	FAIL
/Users/sameralzubaidi/Desktop/kids_marketplace_app/e2e-test-results/2026-06-01T00-10-52/report.md	2026-06-01	0	automated	TC-B02	SKIPPED
/Users/sameralzubaidi/Desktop/kids_marketplace_app/e2e-test-results/2026-06-01T00-10-52/report.md	2026-06-01	0	automated	TC-B06	SKIPPED
/Users/sameralzubaidi/Desktop/kids_marketplace_app/e2e-test-results/2026-06-01T00-10-52/report.md	2026-06-01	0	automated	TC-C03	SKIPPED
/Users/sameralzubaidi/Desktop/kids_marketplace_app/e2e-test-results/2026-06-01T00-10-52/report.md	2026-06-01	0	automated	TC-G01	SKIPPED
/Users/sameralzubaidi/Desktop/kids_marketplace_app/e2e-test-results/2026-06-01T00-10-52/report.md	2026-06-01	0	automated	TC-G02	SKIPPED
/Users/sameralzubaidi/Desktop/kids_marketplace_app/e2e-test-results/2026-06-01T00-10-52/report.md	2026-06-01	0	automated	TC-G03	SKIPPED
/Users/sameralzubaidi/Desktop/kids_marketplace_app/e2e-test-results/2026-06-01T00-10-52/report.md	2026-06-01	0	automated	TC-M13	SKIPPED
/Users/sameralzubaidi/Desktop/kids_marketplace_app/e2e-test-results/2026-06-01T00-10-52/report.md	2026-06-01	0	automated	TC-Q11	SKIPPED
/Users/sameralzubaidi/Desktop/kids_marketplace_app/e2e-test-results/2026-06-01T00-10-52/report.md	2026-06-01	0	automated	TC-Q13	SKIPPED
/Users/sameralzubaidi/Desktop/kids_marketplace_app/e2e-test-results/2026-06-01T00-10-52/report.md	2026-06-01	0	automated	TC-Q14	SKIPPED
/Users/sameralzubaidi/Desktop/kids_marketplace_app/e2e-test-results/2026-06-01T00-10-52/report.md	2026-06-01	0	automated	TC-Q16	SKIPPED
/Users/sameralzubaidi/Desktop/kids_marketplace_app/e2e-test-results/2026-06-01T00-10-52/report.md	2026-06-01	0	automated	TC-R03	SKIPPED
/Users/sameralzubaidi/Desktop/kids_marketplace_app/e2e-test-results/2026-06-01T00-10-52/report.md	2026-06-01	0	automated	TC-R04	SKIPPED
/Users/sameralzubaidi/Desktop/kids_marketplace_app/e2e-test-results/2026-06-01T00-10-52/report.md	2026-06-01	0	automated	TC-R11	SKIPPED
/Users/sameralzubaidi/Desktop/kids_marketplace_app/e2e-test-results/2026-06-01T00-10-52/report.md	2026-06-01	0	automated	TC-R12	SKIPPED
/Users/sameralzubaidi/Desktop/kids_marketplace_app/e2e-test-results/2026-06-01T00-31-27/report.md	2026-06-01	0	automated	REG-R01	FAIL
/Users/sameralzubaidi/Desktop/kids_marketplace_app/e2e-test-results/2026-06-01T00-31-27/report.md	2026-06-01	0	automated	REG-R03	FAIL
/Users/sameralzubaidi/Desktop/kids_marketplace_app/e2e-test-results/2026-06-01T00-31-27/report.md	2026-06-01	0	automated	REG-R04	FAIL
/Users/sameralzubaidi/Desktop/kids_marketplace_app/e2e-test-results/2026-06-01T00-31-27/report.md	2026-06-01	0	automated	TC-J01	FAIL
/Users/sameralzubaidi/Desktop/kids_marketplace_app/e2e-test-results/2026-06-01T00-31-27/report.md	2026-06-01	0	automated	TC-J02	FAIL
/Users/sameralzubaidi/Desktop/kids_marketplace_app/e2e-test-results/2026-06-01T00-31-27/report.md	2026-06-01	0	automated	TC-J03	FAIL
/Users/sameralzubaidi/Desktop/kids_marketplace_app/e2e-test-results/2026-06-01T00-31-27/report.md	2026-06-01	0	automated	TC-J04	FAIL
/Users/sameralzubaidi/Desktop/kids_marketplace_app/e2e-test-results/2026-06-01T00-31-27/report.md	2026-06-01	0	automated	TC-J05	FAIL
/Users/sameralzubaidi/Desktop/kids_marketplace_app/e2e-test-results/2026-06-01T00-31-27/report.md	2026-06-01	0	automated	TC-K01	FAIL
/Users/sameralzubaidi/Desktop/kids_marketplace_app/e2e-test-results/2026-06-01T00-31-27/report.md	2026-06-01	0	automated	TC-K02	FAIL
/Users/sameralzubaidi/Desktop/kids_marketplace_app/e2e-test-results/2026-06-01T00-31-27/report.md	2026-06-01	0	automated	TC-K03	FAIL
/Users/sameralzubaidi/Desktop/kids_marketplace_app/e2e-test-results/2026-06-01T00-31-27/report.md	2026-06-01	0	automated	TC-L01	FAIL
/Users/sameralzubaidi/Desktop/kids_marketplace_app/e2e-test-results/2026-06-01T00-31-27/report.md	2026-06-01	0	automated	TC-L02	FAIL
/Users/sameralzubaidi/Desktop/kids_marketplace_app/e2e-test-results/2026-06-01T00-31-27/report.md	2026-06-01	0	automated	TC-L03	FAIL
/Users/sameralzubaidi/Desktop/kids_marketplace_app/e2e-test-results/2026-06-01T00-31-27/report.md	2026-06-01	0	automated	TC-L04	FAIL
/Users/sameralzubaidi/Desktop/kids_marketplace_app/e2e-test-results/2026-06-01T00-31-27/report.md	2026-06-01	0	automated	TC-L05	FAIL
/Users/sameralzubaidi/Desktop/kids_marketplace_app/e2e-test-results/2026-06-01T00-31-27/report.md	2026-06-01	0	automated	TC-L06	FAIL
/Users/sameralzubaidi/Desktop/kids_marketplace_app/e2e-test-results/2026-06-01T00-31-27/report.md	2026-06-01	0	automated	TC-L07	FAIL
/Users/sameralzubaidi/Desktop/kids_marketplace_app/e2e-test-results/2026-06-01T00-31-27/report.md	2026-06-01	0	automated	TC-L08	FAIL
/Users/sameralzubaidi/Desktop/kids_marketplace_app/e2e-test-results/2026-06-01T00-31-27/report.md	2026-06-01	0	automated	TC-R05	FAIL
/Users/sameralzubaidi/Desktop/kids_marketplace_app/e2e-test-results/2026-06-01T00-31-27/report.md	2026-06-01	0	automated	TC-R06	FAIL
/Users/sameralzubaidi/Desktop/kids_marketplace_app/e2e-test-results/2026-06-01T00-31-27/report.md	2026-06-01	0	automated	REG-R02	FAIL
/Users/sameralzubaidi/Desktop/kids_marketplace_app/e2e-test-results/2026-06-01T00-31-27/report.md	2026-06-01	0	automated	TC-A04	FAIL
/Users/sameralzubaidi/Desktop/kids_marketplace_app/e2e-test-results/2026-06-01T00-31-27/report.md	2026-06-01	0	automated	TC-B01	FAIL
/Users/sameralzubaidi/Desktop/kids_marketplace_app/e2e-test-results/2026-06-01T00-31-27/report.md	2026-06-01	0	automated	TC-B03	FAIL
/Users/sameralzubaidi/Desktop/kids_marketplace_app/e2e-test-results/2026-06-01T00-31-27/report.md	2026-06-01	0	automated	TC-B04	FAIL
/Users/sameralzubaidi/Desktop/kids_marketplace_app/e2e-test-results/2026-06-01T00-31-27/report.md	2026-06-01	0	automated	TC-B05	FAIL
/Users/sameralzubaidi/Desktop/kids_marketplace_app/e2e-test-results/2026-06-01T00-31-27/report.md	2026-06-01	0	automated	TC-R01	FAIL
/Users/sameralzubaidi/Desktop/kids_marketplace_app/e2e-test-results/2026-06-01T00-31-27/report.md	2026-06-01	0	automated	TC-R02	FAIL
/Users/sameralzubaidi/Desktop/kids_marketplace_app/e2e-test-results/2026-06-01T00-31-27/report.md	2026-06-01	0	automated	TC-R13	FAIL
/Users/sameralzubaidi/Desktop/kids_marketplace_app/e2e-test-results/2026-06-01T00-31-27/report.md	2026-06-01	0	automated	REG-R05	FAIL
/Users/sameralzubaidi/Desktop/kids_marketplace_app/e2e-test-results/2026-06-01T00-31-27/report.md	2026-06-01	0	automated	TC-D01	FAIL
/Users/sameralzubaidi/Desktop/kids_marketplace_app/e2e-test-results/2026-06-01T00-31-27/report.md	2026-06-01	0	automated	TC-D02	FAIL
/Users/sameralzubaidi/Desktop/kids_marketplace_app/e2e-test-results/2026-06-01T00-31-27/report.md	2026-06-01	0	automated	TC-D03	FAIL
/Users/sameralzubaidi/Desktop/kids_marketplace_app/e2e-test-results/2026-06-01T00-31-27/report.md	2026-06-01	0	automated	TC-D04	FAIL
/Users/sameralzubaidi/Desktop/kids_marketplace_app/e2e-test-results/2026-06-01T00-31-27/report.md	2026-06-01	0	automated	TC-D05	FAIL
/Users/sameralzubaidi/Desktop/kids_marketplace_app/e2e-test-results/2026-06-01T00-31-27/report.md	2026-06-01	0	automated	REG-R06	FAIL
/Users/sameralzubaidi/Desktop/kids_marketplace_app/e2e-test-results/2026-06-01T00-31-27/report.md	2026-06-01	0	automated	REG-R07	FAIL
/Users/sameralzubaidi/Desktop/kids_marketplace_app/e2e-test-results/2026-06-01T00-31-27/report.md	2026-06-01	0	automated	TC-C01	FAIL
/Users/sameralzubaidi/Desktop/kids_marketplace_app/e2e-test-results/2026-06-01T00-31-27/report.md	2026-06-01	0	automated	TC-C02	FAIL
/Users/sameralzubaidi/Desktop/kids_marketplace_app/e2e-test-results/2026-06-01T00-31-27/report.md	2026-06-01	0	automated	TC-C04	FAIL
/Users/sameralzubaidi/Desktop/kids_marketplace_app/e2e-test-results/2026-06-01T00-31-27/report.md	2026-06-01	0	automated	TC-C05	FAIL
/Users/sameralzubaidi/Desktop/kids_marketplace_app/e2e-test-results/2026-06-01T00-31-27/report.md	2026-06-01	0	automated	TC-C06	FAIL
/Users/sameralzubaidi/Desktop/kids_marketplace_app/e2e-test-results/2026-06-01T00-31-27/report.md	2026-06-01	0	automated	TC-R07	FAIL
/Users/sameralzubaidi/Desktop/kids_marketplace_app/e2e-test-results/2026-06-01T00-31-27/report.md	2026-06-01	0	automated	REG-R08	FAIL
/Users/sameralzubaidi/Desktop/kids_marketplace_app/e2e-test-results/2026-06-01T00-31-27/report.md	2026-06-01	0	automated	TC-C07	FAIL
/Users/sameralzubaidi/Desktop/kids_marketplace_app/e2e-test-results/2026-06-01T00-31-27/report.md	2026-06-01	0	automated	TC-C08	FAIL
/Users/sameralzubaidi/Desktop/kids_marketplace_app/e2e-test-results/2026-06-01T00-31-27/report.md	2026-06-01	0	automated	TC-A01	FAIL
/Users/sameralzubaidi/Desktop/kids_marketplace_app/e2e-test-results/2026-06-01T00-31-27/report.md	2026-06-01	0	automated	TC-A02	FAIL
/Users/sameralzubaidi/Desktop/kids_marketplace_app/e2e-test-results/2026-06-01T00-31-27/report.md	2026-06-01	0	automated	TC-A03	FAIL
/Users/sameralzubaidi/Desktop/kids_marketplace_app/e2e-test-results/2026-06-01T00-31-27/report.md	2026-06-01	0	automated	TC-E01	FAIL
/Users/sameralzubaidi/Desktop/kids_marketplace_app/e2e-test-results/2026-06-01T00-31-27/report.md	2026-06-01	0	automated	TC-E02	FAIL
/Users/sameralzubaidi/Desktop/kids_marketplace_app/e2e-test-results/2026-06-01T00-31-27/report.md	2026-06-01	0	automated	TC-E03	FAIL
/Users/sameralzubaidi/Desktop/kids_marketplace_app/e2e-test-results/2026-06-01T00-31-27/report.md	2026-06-01	0	automated	TC-E04	FAIL
/Users/sameralzubaidi/Desktop/kids_marketplace_app/e2e-test-results/2026-06-01T00-31-27/report.md	2026-06-01	0	automated	TC-H01	FAIL
/Users/sameralzubaidi/Desktop/kids_marketplace_app/e2e-test-results/2026-06-01T00-31-27/report.md	2026-06-01	0	automated	TC-H02	FAIL
/Users/sameralzubaidi/Desktop/kids_marketplace_app/e2e-test-results/2026-06-01T00-31-27/report.md	2026-06-01	0	automated	TC-H03	FAIL
/Users/sameralzubaidi/Desktop/kids_marketplace_app/e2e-test-results/2026-06-01T00-31-27/report.md	2026-06-01	0	automated	TC-H04	FAIL
/Users/sameralzubaidi/Desktop/kids_marketplace_app/e2e-test-results/2026-06-01T00-31-27/report.md	2026-06-01	0	automated	TC-Q01	FAIL
/Users/sameralzubaidi/Desktop/kids_marketplace_app/e2e-test-results/2026-06-01T00-31-27/report.md	2026-06-01	0	automated	TC-Q02	FAIL
/Users/sameralzubaidi/Desktop/kids_marketplace_app/e2e-test-results/2026-06-01T00-31-27/report.md	2026-06-01	0	automated	TC-Q03	FAIL
/Users/sameralzubaidi/Desktop/kids_marketplace_app/e2e-test-results/2026-06-01T00-31-27/report.md	2026-06-01	0	automated	TC-Q04	FAIL
/Users/sameralzubaidi/Desktop/kids_marketplace_app/e2e-test-results/2026-06-01T00-31-27/report.md	2026-06-01	0	automated	TC-Q05	FAIL
/Users/sameralzubaidi/Desktop/kids_marketplace_app/e2e-test-results/2026-06-01T00-31-27/report.md	2026-06-01	0	automated	TC-Q06	FAIL
/Users/sameralzubaidi/Desktop/kids_marketplace_app/e2e-test-results/2026-06-01T00-31-27/report.md	2026-06-01	0	automated	TC-Q07	FAIL
/Users/sameralzubaidi/Desktop/kids_marketplace_app/e2e-test-results/2026-06-01T00-31-27/report.md	2026-06-01	0	automated	TC-Q08	FAIL
/Users/sameralzubaidi/Desktop/kids_marketplace_app/e2e-test-results/2026-06-01T00-31-27/report.md	2026-06-01	0	automated	TC-Q09	FAIL
/Users/sameralzubaidi/Desktop/kids_marketplace_app/e2e-test-results/2026-06-01T00-31-27/report.md	2026-06-01	0	automated	TC-Q10	FAIL
/Users/sameralzubaidi/Desktop/kids_marketplace_app/e2e-test-results/2026-06-01T00-31-27/report.md	2026-06-01	0	automated	TC-Q12	FAIL
/Users/sameralzubaidi/Desktop/kids_marketplace_app/e2e-test-results/2026-06-01T00-31-27/report.md	2026-06-01	0	automated	TC-Q15	FAIL
/Users/sameralzubaidi/Desktop/kids_marketplace_app/e2e-test-results/2026-06-01T00-31-27/report.md	2026-06-01	0	automated	TC-Q17	FAIL
/Users/sameralzubaidi/Desktop/kids_marketplace_app/e2e-test-results/2026-06-01T00-31-27/report.md	2026-06-01	0	automated	TC-E05	FAIL
/Users/sameralzubaidi/Desktop/kids_marketplace_app/e2e-test-results/2026-06-01T00-31-27/report.md	2026-06-01	0	automated	TC-R10	FAIL
/Users/sameralzubaidi/Desktop/kids_marketplace_app/e2e-test-results/2026-06-01T00-31-27/report.md	2026-06-01	0	automated	TC-E06	FAIL
/Users/sameralzubaidi/Desktop/kids_marketplace_app/e2e-test-results/2026-06-01T00-31-27/report.md	2026-06-01	0	automated	TC-R09	FAIL
/Users/sameralzubaidi/Desktop/kids_marketplace_app/e2e-test-results/2026-06-01T00-31-27/report.md	2026-06-01	0	automated	TC-F01	FAIL
/Users/sameralzubaidi/Desktop/kids_marketplace_app/e2e-test-results/2026-06-01T00-31-27/report.md	2026-06-01	0	automated	TC-F02	FAIL
/Users/sameralzubaidi/Desktop/kids_marketplace_app/e2e-test-results/2026-06-01T00-31-27/report.md	2026-06-01	0	automated	TC-F03	FAIL
/Users/sameralzubaidi/Desktop/kids_marketplace_app/e2e-test-results/2026-06-01T00-31-27/report.md	2026-06-01	0	automated	TC-R08	FAIL
/Users/sameralzubaidi/Desktop/kids_marketplace_app/e2e-test-results/2026-06-01T00-31-27/report.md	2026-06-01	0	automated	TC-G04	FAIL
/Users/sameralzubaidi/Desktop/kids_marketplace_app/e2e-test-results/2026-06-01T00-31-27/report.md	2026-06-01	0	automated	TC-I01	FAIL
/Users/sameralzubaidi/Desktop/kids_marketplace_app/e2e-test-results/2026-06-01T00-31-27/report.md	2026-06-01	0	automated	TC-I02	FAIL
/Users/sameralzubaidi/Desktop/kids_marketplace_app/e2e-test-results/2026-06-01T00-31-27/report.md	2026-06-01	0	automated	TC-I03	FAIL
/Users/sameralzubaidi/Desktop/kids_marketplace_app/e2e-test-results/2026-06-01T00-31-27/report.md	2026-06-01	0	automated	TC-I04	FAIL
/Users/sameralzubaidi/Desktop/kids_marketplace_app/e2e-test-results/2026-06-01T00-31-27/report.md	2026-06-01	0	automated	TC-I05	FAIL
/Users/sameralzubaidi/Desktop/kids_marketplace_app/e2e-test-results/2026-06-01T00-31-27/report.md	2026-06-01	0	automated	TC-M01	FAIL
/Users/sameralzubaidi/Desktop/kids_marketplace_app/e2e-test-results/2026-06-01T00-31-27/report.md	2026-06-01	0	automated	TC-M02	FAIL
/Users/sameralzubaidi/Desktop/kids_marketplace_app/e2e-test-results/2026-06-01T00-31-27/report.md	2026-06-01	0	automated	TC-M03	FAIL
/Users/sameralzubaidi/Desktop/kids_marketplace_app/e2e-test-results/2026-06-01T00-31-27/report.md	2026-06-01	0	automated	TC-M04	FAIL
/Users/sameralzubaidi/Desktop/kids_marketplace_app/e2e-test-results/2026-06-01T00-31-27/report.md	2026-06-01	0	automated	TC-M05	FAIL
/Users/sameralzubaidi/Desktop/kids_marketplace_app/e2e-test-results/2026-06-01T00-31-27/report.md	2026-06-01	0	automated	TC-M06	FAIL
/Users/sameralzubaidi/Desktop/kids_marketplace_app/e2e-test-results/2026-06-01T00-31-27/report.md	2026-06-01	0	automated	TC-M07	FAIL
/Users/sameralzubaidi/Desktop/kids_marketplace_app/e2e-test-results/2026-06-01T00-31-27/report.md	2026-06-01	0	automated	TC-M08	FAIL
/Users/sameralzubaidi/Desktop/kids_marketplace_app/e2e-test-results/2026-06-01T00-31-27/report.md	2026-06-01	0	automated	TC-M09	FAIL
/Users/sameralzubaidi/Desktop/kids_marketplace_app/e2e-test-results/2026-06-01T00-31-27/report.md	2026-06-01	0	automated	TC-M10	FAIL
/Users/sameralzubaidi/Desktop/kids_marketplace_app/e2e-test-results/2026-06-01T00-31-27/report.md	2026-06-01	0	automated	TC-M11	FAIL
/Users/sameralzubaidi/Desktop/kids_marketplace_app/e2e-test-results/2026-06-01T00-31-27/report.md	2026-06-01	0	automated	TC-M12	FAIL
/Users/sameralzubaidi/Desktop/kids_marketplace_app/e2e-test-results/2026-06-01T00-31-27/report.md	2026-06-01	0	automated	TC-M14	FAIL
/Users/sameralzubaidi/Desktop/kids_marketplace_app/e2e-test-results/2026-06-01T00-31-27/report.md	2026-06-01	0	automated	TC-M15	FAIL
/Users/sameralzubaidi/Desktop/kids_marketplace_app/e2e-test-results/2026-06-01T00-31-27/report.md	2026-06-01	0	automated	TC-N01	FAIL
/Users/sameralzubaidi/Desktop/kids_marketplace_app/e2e-test-results/2026-06-01T00-31-27/report.md	2026-06-01	0	automated	TC-N02	FAIL
/Users/sameralzubaidi/Desktop/kids_marketplace_app/e2e-test-results/2026-06-01T00-31-27/report.md	2026-06-01	0	automated	TC-O01	FAIL
/Users/sameralzubaidi/Desktop/kids_marketplace_app/e2e-test-results/2026-06-01T00-31-27/report.md	2026-06-01	0	automated	TC-O02	FAIL
/Users/sameralzubaidi/Desktop/kids_marketplace_app/e2e-test-results/2026-06-01T00-31-27/report.md	2026-06-01	0	automated	TC-O03	FAIL
/Users/sameralzubaidi/Desktop/kids_marketplace_app/e2e-test-results/2026-06-01T00-31-27/report.md	2026-06-01	0	automated	TC-O04	FAIL
/Users/sameralzubaidi/Desktop/kids_marketplace_app/e2e-test-results/2026-06-01T00-31-27/report.md	2026-06-01	0	automated	TC-O05	FAIL
/Users/sameralzubaidi/Desktop/kids_marketplace_app/e2e-test-results/2026-06-01T00-31-27/report.md	2026-06-01	0	automated	TC-O06	FAIL
/Users/sameralzubaidi/Desktop/kids_marketplace_app/e2e-test-results/2026-06-01T00-31-27/report.md	2026-06-01	0	automated	TC-O07	FAIL
/Users/sameralzubaidi/Desktop/kids_marketplace_app/e2e-test-results/2026-06-01T00-31-27/report.md	2026-06-01	0	automated	TC-P01	FAIL
/Users/sameralzubaidi/Desktop/kids_marketplace_app/e2e-test-results/2026-06-01T00-31-27/report.md	2026-06-01	0	automated	TC-P02	FAIL
/Users/sameralzubaidi/Desktop/kids_marketplace_app/e2e-test-results/2026-06-01T00-31-27/report.md	2026-06-01	0	automated	TC-P03	FAIL
/Users/sameralzubaidi/Desktop/kids_marketplace_app/e2e-test-results/2026-06-01T00-31-27/report.md	2026-06-01	0	automated	TC-P04	FAIL
/Users/sameralzubaidi/Desktop/kids_marketplace_app/e2e-test-results/2026-06-01T00-31-27/report.md	2026-06-01	0	automated	TC-P05	FAIL
/Users/sameralzubaidi/Desktop/kids_marketplace_app/e2e-test-results/2026-06-01T00-31-27/report.md	2026-06-01	0	automated	TC-P06	FAIL
/Users/sameralzubaidi/Desktop/kids_marketplace_app/e2e-test-results/2026-06-01T00-31-27/report.md	2026-06-01	0	automated	TC-P07	FAIL
/Users/sameralzubaidi/Desktop/kids_marketplace_app/e2e-test-results/2026-06-01T00-31-27/report.md	2026-06-01	0	automated	TC-P08	FAIL
/Users/sameralzubaidi/Desktop/kids_marketplace_app/e2e-test-results/2026-06-01T00-31-27/report.md	2026-06-01	0	automated	TC-Q18	FAIL
/Users/sameralzubaidi/Desktop/kids_marketplace_app/e2e-test-results/2026-06-01T00-31-27/report.md	2026-06-01	0	automated	TC-Q19	FAIL
/Users/sameralzubaidi/Desktop/kids_marketplace_app/e2e-test-results/2026-06-01T00-31-27/report.md	2026-06-01	0	automated	TC-Q20	FAIL
/Users/sameralzubaidi/Desktop/kids_marketplace_app/e2e-test-results/2026-06-01T00-31-27/report.md	2026-06-01	0	automated	TC-B02	SKIPPED
/Users/sameralzubaidi/Desktop/kids_marketplace_app/e2e-test-results/2026-06-01T00-31-27/report.md	2026-06-01	0	automated	TC-B06	SKIPPED
/Users/sameralzubaidi/Desktop/kids_marketplace_app/e2e-test-results/2026-06-01T00-31-27/report.md	2026-06-01	0	automated	TC-C03	SKIPPED
/Users/sameralzubaidi/Desktop/kids_marketplace_app/e2e-test-results/2026-06-01T00-31-27/report.md	2026-06-01	0	automated	TC-G01	SKIPPED
/Users/sameralzubaidi/Desktop/kids_marketplace_app/e2e-test-results/2026-06-01T00-31-27/report.md	2026-06-01	0	automated	TC-G02	SKIPPED
/Users/sameralzubaidi/Desktop/kids_marketplace_app/e2e-test-results/2026-06-01T00-31-27/report.md	2026-06-01	0	automated	TC-G03	SKIPPED
/Users/sameralzubaidi/Desktop/kids_marketplace_app/e2e-test-results/2026-06-01T00-31-27/report.md	2026-06-01	0	automated	TC-M13	SKIPPED
/Users/sameralzubaidi/Desktop/kids_marketplace_app/e2e-test-results/2026-06-01T00-31-27/report.md	2026-06-01	0	automated	TC-Q11	SKIPPED
/Users/sameralzubaidi/Desktop/kids_marketplace_app/e2e-test-results/2026-06-01T00-31-27/report.md	2026-06-01	0	automated	TC-Q13	SKIPPED
/Users/sameralzubaidi/Desktop/kids_marketplace_app/e2e-test-results/2026-06-01T00-31-27/report.md	2026-06-01	0	automated	TC-Q14	SKIPPED
/Users/sameralzubaidi/Desktop/kids_marketplace_app/e2e-test-results/2026-06-01T00-31-27/report.md	2026-06-01	0	automated	TC-Q16	SKIPPED
/Users/sameralzubaidi/Desktop/kids_marketplace_app/e2e-test-results/2026-06-01T00-31-27/report.md	2026-06-01	0	automated	TC-R03	SKIPPED
/Users/sameralzubaidi/Desktop/kids_marketplace_app/e2e-test-results/2026-06-01T00-31-27/report.md	2026-06-01	0	automated	TC-R04	SKIPPED
/Users/sameralzubaidi/Desktop/kids_marketplace_app/e2e-test-results/2026-06-01T00-31-27/report.md	2026-06-01	0	automated	TC-R11	SKIPPED
/Users/sameralzubaidi/Desktop/kids_marketplace_app/e2e-test-results/2026-06-01T00-31-27/report.md	2026-06-01	0	automated	TC-R12	SKIPPED
/Users/sameralzubaidi/Desktop/kids_marketplace_app/e2e-test-results/2026-06-02T10-55-31/report.md	2026-06-02	0	automated	REG-R01	PASS
/Users/sameralzubaidi/Desktop/kids_marketplace_app/e2e-test-results/2026-06-02T10-55-31/report.md	2026-06-02	0	automated	REG-R03	PASS
/Users/sameralzubaidi/Desktop/kids_marketplace_app/e2e-test-results/2026-06-02T10-55-31/report.md	2026-06-02	0	automated	REG-R04	PASS
/Users/sameralzubaidi/Desktop/kids_marketplace_app/e2e-test-results/2026-06-02T10-55-31/report.md	2026-06-02	0	automated	TC-J01	PASS
/Users/sameralzubaidi/Desktop/kids_marketplace_app/e2e-test-results/2026-06-02T10-55-31/report.md	2026-06-02	0	automated	TC-J02	PASS
/Users/sameralzubaidi/Desktop/kids_marketplace_app/e2e-test-results/2026-06-02T10-55-31/report.md	2026-06-02	0	automated	TC-J03	PASS
/Users/sameralzubaidi/Desktop/kids_marketplace_app/e2e-test-results/2026-06-02T10-55-31/report.md	2026-06-02	0	automated	TC-J04	PASS
/Users/sameralzubaidi/Desktop/kids_marketplace_app/e2e-test-results/2026-06-02T10-55-31/report.md	2026-06-02	0	automated	TC-J05	PASS
/Users/sameralzubaidi/Desktop/kids_marketplace_app/e2e-test-results/2026-06-02T10-55-31/report.md	2026-06-02	0	automated	TC-K01	PASS
/Users/sameralzubaidi/Desktop/kids_marketplace_app/e2e-test-results/2026-06-02T10-55-31/report.md	2026-06-02	0	automated	TC-K02	PASS
/Users/sameralzubaidi/Desktop/kids_marketplace_app/e2e-test-results/2026-06-02T10-55-31/report.md	2026-06-02	0	automated	TC-K03	PASS
/Users/sameralzubaidi/Desktop/kids_marketplace_app/e2e-test-results/2026-06-02T10-55-31/report.md	2026-06-02	0	automated	TC-L01	PASS
/Users/sameralzubaidi/Desktop/kids_marketplace_app/e2e-test-results/2026-06-02T10-55-31/report.md	2026-06-02	0	automated	TC-L02	PASS
/Users/sameralzubaidi/Desktop/kids_marketplace_app/e2e-test-results/2026-06-02T10-55-31/report.md	2026-06-02	0	automated	TC-L03	PASS
/Users/sameralzubaidi/Desktop/kids_marketplace_app/e2e-test-results/2026-06-02T10-55-31/report.md	2026-06-02	0	automated	TC-L04	PASS
/Users/sameralzubaidi/Desktop/kids_marketplace_app/e2e-test-results/2026-06-02T10-55-31/report.md	2026-06-02	0	automated	TC-L05	PASS
/Users/sameralzubaidi/Desktop/kids_marketplace_app/e2e-test-results/2026-06-02T10-55-31/report.md	2026-06-02	0	automated	TC-L06	PASS
/Users/sameralzubaidi/Desktop/kids_marketplace_app/e2e-test-results/2026-06-02T10-55-31/report.md	2026-06-02	0	automated	TC-L07	PASS
/Users/sameralzubaidi/Desktop/kids_marketplace_app/e2e-test-results/2026-06-02T10-55-31/report.md	2026-06-02	0	automated	TC-L08	PASS
/Users/sameralzubaidi/Desktop/kids_marketplace_app/e2e-test-results/2026-06-02T10-55-31/report.md	2026-06-02	0	automated	TC-R05	PASS
/Users/sameralzubaidi/Desktop/kids_marketplace_app/e2e-test-results/2026-06-02T10-55-31/report.md	2026-06-02	0	automated	TC-R06	PASS
/Users/sameralzubaidi/Desktop/kids_marketplace_app/e2e-test-results/2026-06-02T10-55-31/report.md	2026-06-02	0	automated	REG-R02	PASS
/Users/sameralzubaidi/Desktop/kids_marketplace_app/e2e-test-results/2026-06-02T10-55-31/report.md	2026-06-02	0	automated	TC-A04	PASS
/Users/sameralzubaidi/Desktop/kids_marketplace_app/e2e-test-results/2026-06-02T10-55-31/report.md	2026-06-02	0	automated	TC-B01	PASS
/Users/sameralzubaidi/Desktop/kids_marketplace_app/e2e-test-results/2026-06-02T10-55-31/report.md	2026-06-02	0	automated	TC-B03	PASS
/Users/sameralzubaidi/Desktop/kids_marketplace_app/e2e-test-results/2026-06-02T10-55-31/report.md	2026-06-02	0	automated	TC-B04	PASS
/Users/sameralzubaidi/Desktop/kids_marketplace_app/e2e-test-results/2026-06-02T10-55-31/report.md	2026-06-02	0	automated	TC-B05	PASS
/Users/sameralzubaidi/Desktop/kids_marketplace_app/e2e-test-results/2026-06-02T10-55-31/report.md	2026-06-02	0	automated	TC-R01	PASS
/Users/sameralzubaidi/Desktop/kids_marketplace_app/e2e-test-results/2026-06-02T10-55-31/report.md	2026-06-02	0	automated	TC-R02	PASS
/Users/sameralzubaidi/Desktop/kids_marketplace_app/e2e-test-results/2026-06-02T10-55-31/report.md	2026-06-02	0	automated	TC-R13	PASS
/Users/sameralzubaidi/Desktop/kids_marketplace_app/e2e-test-results/2026-06-02T10-55-31/report.md	2026-06-02	0	automated	REG-R05	PASS
/Users/sameralzubaidi/Desktop/kids_marketplace_app/e2e-test-results/2026-06-02T10-55-31/report.md	2026-06-02	0	automated	TC-D01	PASS
/Users/sameralzubaidi/Desktop/kids_marketplace_app/e2e-test-results/2026-06-02T10-55-31/report.md	2026-06-02	0	automated	TC-D02	PASS
/Users/sameralzubaidi/Desktop/kids_marketplace_app/e2e-test-results/2026-06-02T10-55-31/report.md	2026-06-02	0	automated	TC-D03	PASS
/Users/sameralzubaidi/Desktop/kids_marketplace_app/e2e-test-results/2026-06-02T10-55-31/report.md	2026-06-02	0	automated	TC-D04	PASS
/Users/sameralzubaidi/Desktop/kids_marketplace_app/e2e-test-results/2026-06-02T10-55-31/report.md	2026-06-02	0	automated	TC-D05	PASS
/Users/sameralzubaidi/Desktop/kids_marketplace_app/e2e-test-results/2026-06-02T10-55-31/report.md	2026-06-02	0	automated	REG-R06	PASS
/Users/sameralzubaidi/Desktop/kids_marketplace_app/e2e-test-results/2026-06-02T10-55-31/report.md	2026-06-02	0	automated	REG-R07	PASS
/Users/sameralzubaidi/Desktop/kids_marketplace_app/e2e-test-results/2026-06-02T10-55-31/report.md	2026-06-02	0	automated	TC-C01	PASS
/Users/sameralzubaidi/Desktop/kids_marketplace_app/e2e-test-results/2026-06-02T10-55-31/report.md	2026-06-02	0	automated	TC-C02	PASS
/Users/sameralzubaidi/Desktop/kids_marketplace_app/e2e-test-results/2026-06-02T10-55-31/report.md	2026-06-02	0	automated	TC-C04	PASS
/Users/sameralzubaidi/Desktop/kids_marketplace_app/e2e-test-results/2026-06-02T10-55-31/report.md	2026-06-02	0	automated	TC-C05	PASS
/Users/sameralzubaidi/Desktop/kids_marketplace_app/e2e-test-results/2026-06-02T10-55-31/report.md	2026-06-02	0	automated	TC-C06	PASS
/Users/sameralzubaidi/Desktop/kids_marketplace_app/e2e-test-results/2026-06-02T10-55-31/report.md	2026-06-02	0	automated	TC-R07	PASS
/Users/sameralzubaidi/Desktop/kids_marketplace_app/e2e-test-results/2026-06-02T10-55-31/report.md	2026-06-02	0	automated	REG-R08	PASS
/Users/sameralzubaidi/Desktop/kids_marketplace_app/e2e-test-results/2026-06-02T10-55-31/report.md	2026-06-02	0	automated	TC-C07	PASS
/Users/sameralzubaidi/Desktop/kids_marketplace_app/e2e-test-results/2026-06-02T10-55-31/report.md	2026-06-02	0	automated	TC-C08	PASS
/Users/sameralzubaidi/Desktop/kids_marketplace_app/e2e-test-results/2026-06-02T10-55-31/report.md	2026-06-02	0	automated	TC-A01	PASS
/Users/sameralzubaidi/Desktop/kids_marketplace_app/e2e-test-results/2026-06-02T10-55-31/report.md	2026-06-02	0	automated	TC-A02	PASS
/Users/sameralzubaidi/Desktop/kids_marketplace_app/e2e-test-results/2026-06-02T10-55-31/report.md	2026-06-02	0	automated	TC-A03	PASS
/Users/sameralzubaidi/Desktop/kids_marketplace_app/e2e-test-results/2026-06-02T10-55-31/report.md	2026-06-02	0	automated	TC-E01	PASS
/Users/sameralzubaidi/Desktop/kids_marketplace_app/e2e-test-results/2026-06-02T10-55-31/report.md	2026-06-02	0	automated	TC-E02	PASS
/Users/sameralzubaidi/Desktop/kids_marketplace_app/e2e-test-results/2026-06-02T10-55-31/report.md	2026-06-02	0	automated	TC-E03	PASS
/Users/sameralzubaidi/Desktop/kids_marketplace_app/e2e-test-results/2026-06-02T10-55-31/report.md	2026-06-02	0	automated	TC-E04	PASS
/Users/sameralzubaidi/Desktop/kids_marketplace_app/e2e-test-results/2026-06-02T10-55-31/report.md	2026-06-02	0	automated	TC-H01	PASS
/Users/sameralzubaidi/Desktop/kids_marketplace_app/e2e-test-results/2026-06-02T10-55-31/report.md	2026-06-02	0	automated	TC-H02	PASS
/Users/sameralzubaidi/Desktop/kids_marketplace_app/e2e-test-results/2026-06-02T10-55-31/report.md	2026-06-02	0	automated	TC-H03	PASS
/Users/sameralzubaidi/Desktop/kids_marketplace_app/e2e-test-results/2026-06-02T10-55-31/report.md	2026-06-02	0	automated	TC-H04	PASS
/Users/sameralzubaidi/Desktop/kids_marketplace_app/e2e-test-results/2026-06-02T10-55-31/report.md	2026-06-02	0	automated	TC-Q01	PASS
/Users/sameralzubaidi/Desktop/kids_marketplace_app/e2e-test-results/2026-06-02T10-55-31/report.md	2026-06-02	0	automated	TC-Q02	PASS
/Users/sameralzubaidi/Desktop/kids_marketplace_app/e2e-test-results/2026-06-02T10-55-31/report.md	2026-06-02	0	automated	TC-Q03	PASS
/Users/sameralzubaidi/Desktop/kids_marketplace_app/e2e-test-results/2026-06-02T10-55-31/report.md	2026-06-02	0	automated	TC-Q04	PASS
/Users/sameralzubaidi/Desktop/kids_marketplace_app/e2e-test-results/2026-06-02T10-55-31/report.md	2026-06-02	0	automated	TC-Q05	PASS
/Users/sameralzubaidi/Desktop/kids_marketplace_app/e2e-test-results/2026-06-02T10-55-31/report.md	2026-06-02	0	automated	TC-Q06	PASS
/Users/sameralzubaidi/Desktop/kids_marketplace_app/e2e-test-results/2026-06-02T10-55-31/report.md	2026-06-02	0	automated	TC-Q07	PASS
/Users/sameralzubaidi/Desktop/kids_marketplace_app/e2e-test-results/2026-06-02T10-55-31/report.md	2026-06-02	0	automated	TC-Q08	PASS
/Users/sameralzubaidi/Desktop/kids_marketplace_app/e2e-test-results/2026-06-02T10-55-31/report.md	2026-06-02	0	automated	TC-Q09	PASS
/Users/sameralzubaidi/Desktop/kids_marketplace_app/e2e-test-results/2026-06-02T10-55-31/report.md	2026-06-02	0	automated	TC-Q10	PASS
/Users/sameralzubaidi/Desktop/kids_marketplace_app/e2e-test-results/2026-06-02T10-55-31/report.md	2026-06-02	0	automated	TC-Q12	PASS
/Users/sameralzubaidi/Desktop/kids_marketplace_app/e2e-test-results/2026-06-02T10-55-31/report.md	2026-06-02	0	automated	TC-Q15	PASS
/Users/sameralzubaidi/Desktop/kids_marketplace_app/e2e-test-results/2026-06-02T10-55-31/report.md	2026-06-02	0	automated	TC-Q17	PASS
/Users/sameralzubaidi/Desktop/kids_marketplace_app/e2e-test-results/2026-06-02T10-55-31/report.md	2026-06-02	0	automated	TC-F01	PASS
/Users/sameralzubaidi/Desktop/kids_marketplace_app/e2e-test-results/2026-06-02T10-55-31/report.md	2026-06-02	0	automated	TC-F02	PASS
/Users/sameralzubaidi/Desktop/kids_marketplace_app/e2e-test-results/2026-06-02T10-55-31/report.md	2026-06-02	0	automated	TC-F03	PASS
/Users/sameralzubaidi/Desktop/kids_marketplace_app/e2e-test-results/2026-06-02T10-55-31/report.md	2026-06-02	0	automated	TC-R08	PASS
/Users/sameralzubaidi/Desktop/kids_marketplace_app/e2e-test-results/2026-06-02T10-55-31/report.md	2026-06-02	0	automated	TC-G04	PASS
/Users/sameralzubaidi/Desktop/kids_marketplace_app/e2e-test-results/2026-06-02T10-55-31/report.md	2026-06-02	0	automated	TC-I01	PASS
/Users/sameralzubaidi/Desktop/kids_marketplace_app/e2e-test-results/2026-06-02T10-55-31/report.md	2026-06-02	0	automated	TC-I02	PASS
/Users/sameralzubaidi/Desktop/kids_marketplace_app/e2e-test-results/2026-06-02T10-55-31/report.md	2026-06-02	0	automated	TC-I03	PASS
/Users/sameralzubaidi/Desktop/kids_marketplace_app/e2e-test-results/2026-06-02T10-55-31/report.md	2026-06-02	0	automated	TC-I04	PASS
/Users/sameralzubaidi/Desktop/kids_marketplace_app/e2e-test-results/2026-06-02T10-55-31/report.md	2026-06-02	0	automated	TC-I05	PASS
/Users/sameralzubaidi/Desktop/kids_marketplace_app/e2e-test-results/2026-06-02T10-55-31/report.md	2026-06-02	0	automated	TC-M01	PASS
/Users/sameralzubaidi/Desktop/kids_marketplace_app/e2e-test-results/2026-06-02T10-55-31/report.md	2026-06-02	0	automated	TC-M02	PASS
/Users/sameralzubaidi/Desktop/kids_marketplace_app/e2e-test-results/2026-06-02T10-55-31/report.md	2026-06-02	0	automated	TC-M03	PASS
/Users/sameralzubaidi/Desktop/kids_marketplace_app/e2e-test-results/2026-06-02T10-55-31/report.md	2026-06-02	0	automated	TC-M04	PASS
/Users/sameralzubaidi/Desktop/kids_marketplace_app/e2e-test-results/2026-06-02T10-55-31/report.md	2026-06-02	0	automated	TC-M05	PASS
/Users/sameralzubaidi/Desktop/kids_marketplace_app/e2e-test-results/2026-06-02T10-55-31/report.md	2026-06-02	0	automated	TC-M06	PASS
/Users/sameralzubaidi/Desktop/kids_marketplace_app/e2e-test-results/2026-06-02T10-55-31/report.md	2026-06-02	0	automated	TC-M07	PASS
/Users/sameralzubaidi/Desktop/kids_marketplace_app/e2e-test-results/2026-06-02T10-55-31/report.md	2026-06-02	0	automated	TC-M08	PASS
/Users/sameralzubaidi/Desktop/kids_marketplace_app/e2e-test-results/2026-06-02T10-55-31/report.md	2026-06-02	0	automated	TC-M09	PASS
/Users/sameralzubaidi/Desktop/kids_marketplace_app/e2e-test-results/2026-06-02T10-55-31/report.md	2026-06-02	0	automated	TC-M10	PASS
/Users/sameralzubaidi/Desktop/kids_marketplace_app/e2e-test-results/2026-06-02T10-55-31/report.md	2026-06-02	0	automated	TC-M11	PASS
/Users/sameralzubaidi/Desktop/kids_marketplace_app/e2e-test-results/2026-06-02T10-55-31/report.md	2026-06-02	0	automated	TC-M12	PASS
/Users/sameralzubaidi/Desktop/kids_marketplace_app/e2e-test-results/2026-06-02T10-55-31/report.md	2026-06-02	0	automated	TC-M14	PASS
/Users/sameralzubaidi/Desktop/kids_marketplace_app/e2e-test-results/2026-06-02T10-55-31/report.md	2026-06-02	0	automated	TC-M15	PASS
/Users/sameralzubaidi/Desktop/kids_marketplace_app/e2e-test-results/2026-06-02T10-55-31/report.md	2026-06-02	0	automated	TC-O01	PASS
/Users/sameralzubaidi/Desktop/kids_marketplace_app/e2e-test-results/2026-06-02T10-55-31/report.md	2026-06-02	0	automated	TC-O02	PASS
/Users/sameralzubaidi/Desktop/kids_marketplace_app/e2e-test-results/2026-06-02T10-55-31/report.md	2026-06-02	0	automated	TC-O03	PASS
/Users/sameralzubaidi/Desktop/kids_marketplace_app/e2e-test-results/2026-06-02T10-55-31/report.md	2026-06-02	0	automated	TC-O04	PASS
/Users/sameralzubaidi/Desktop/kids_marketplace_app/e2e-test-results/2026-06-02T10-55-31/report.md	2026-06-02	0	automated	TC-O05	PASS
/Users/sameralzubaidi/Desktop/kids_marketplace_app/e2e-test-results/2026-06-02T10-55-31/report.md	2026-06-02	0	automated	TC-O06	PASS
/Users/sameralzubaidi/Desktop/kids_marketplace_app/e2e-test-results/2026-06-02T10-55-31/report.md	2026-06-02	0	automated	TC-O07	PASS
/Users/sameralzubaidi/Desktop/kids_marketplace_app/e2e-test-results/2026-06-02T10-55-31/report.md	2026-06-02	0	automated	TC-B02	SKIPPED
/Users/sameralzubaidi/Desktop/kids_marketplace_app/e2e-test-results/2026-06-02T10-55-31/report.md	2026-06-02	0	automated	TC-B06	SKIPPED
/Users/sameralzubaidi/Desktop/kids_marketplace_app/e2e-test-results/2026-06-02T10-55-31/report.md	2026-06-02	0	automated	TC-C03	SKIPPED
/Users/sameralzubaidi/Desktop/kids_marketplace_app/e2e-test-results/2026-06-02T10-55-31/report.md	2026-06-02	0	automated	TC-G01	SKIPPED
/Users/sameralzubaidi/Desktop/kids_marketplace_app/e2e-test-results/2026-06-02T10-55-31/report.md	2026-06-02	0	automated	TC-G02	SKIPPED
/Users/sameralzubaidi/Desktop/kids_marketplace_app/e2e-test-results/2026-06-02T10-55-31/report.md	2026-06-02	0	automated	TC-G03	SKIPPED
/Users/sameralzubaidi/Desktop/kids_marketplace_app/e2e-test-results/2026-06-02T10-55-31/report.md	2026-06-02	0	automated	TC-M13	SKIPPED
/Users/sameralzubaidi/Desktop/kids_marketplace_app/e2e-test-results/2026-06-02T10-55-31/report.md	2026-06-02	0	automated	TC-Q11	SKIPPED
/Users/sameralzubaidi/Desktop/kids_marketplace_app/e2e-test-results/2026-06-02T10-55-31/report.md	2026-06-02	0	automated	TC-Q13	SKIPPED
/Users/sameralzubaidi/Desktop/kids_marketplace_app/e2e-test-results/2026-06-02T10-55-31/report.md	2026-06-02	0	automated	TC-Q14	SKIPPED
/Users/sameralzubaidi/Desktop/kids_marketplace_app/e2e-test-results/2026-06-02T10-55-31/report.md	2026-06-02	0	automated	TC-Q16	SKIPPED
/Users/sameralzubaidi/Desktop/kids_marketplace_app/e2e-test-results/2026-06-02T10-55-31/report.md	2026-06-02	0	automated	TC-R03	SKIPPED
/Users/sameralzubaidi/Desktop/kids_marketplace_app/e2e-test-results/2026-06-02T10-55-31/report.md	2026-06-02	0	automated	TC-R04	SKIPPED
/Users/sameralzubaidi/Desktop/kids_marketplace_app/e2e-test-results/2026-06-02T10-55-31/report.md	2026-06-02	0	automated	TC-R11	SKIPPED
/Users/sameralzubaidi/Desktop/kids_marketplace_app/e2e-test-results/2026-06-02T10-55-31/report.md	2026-06-02	0	automated	TC-R12	SKIPPED
/Users/sameralzubaidi/Desktop/kids_marketplace_app/e2e-test-results/2026-06-02T10-55-54/report.md	2026-06-02	0	automated	REG-R01	PASS
/Users/sameralzubaidi/Desktop/kids_marketplace_app/e2e-test-results/2026-06-02T10-55-54/report.md	2026-06-02	0	automated	REG-R03	PASS
/Users/sameralzubaidi/Desktop/kids_marketplace_app/e2e-test-results/2026-06-02T10-55-54/report.md	2026-06-02	0	automated	REG-R04	PASS
/Users/sameralzubaidi/Desktop/kids_marketplace_app/e2e-test-results/2026-06-02T10-55-54/report.md	2026-06-02	0	automated	TC-J01	PASS
/Users/sameralzubaidi/Desktop/kids_marketplace_app/e2e-test-results/2026-06-02T10-55-54/report.md	2026-06-02	0	automated	TC-J02	PASS
/Users/sameralzubaidi/Desktop/kids_marketplace_app/e2e-test-results/2026-06-02T10-55-54/report.md	2026-06-02	0	automated	TC-J03	PASS
/Users/sameralzubaidi/Desktop/kids_marketplace_app/e2e-test-results/2026-06-02T10-55-54/report.md	2026-06-02	0	automated	TC-J04	PASS
/Users/sameralzubaidi/Desktop/kids_marketplace_app/e2e-test-results/2026-06-02T10-55-54/report.md	2026-06-02	0	automated	TC-J05	PASS
/Users/sameralzubaidi/Desktop/kids_marketplace_app/e2e-test-results/2026-06-02T10-55-54/report.md	2026-06-02	0	automated	TC-K01	PASS
/Users/sameralzubaidi/Desktop/kids_marketplace_app/e2e-test-results/2026-06-02T10-55-54/report.md	2026-06-02	0	automated	TC-K02	PASS
/Users/sameralzubaidi/Desktop/kids_marketplace_app/e2e-test-results/2026-06-02T10-55-54/report.md	2026-06-02	0	automated	TC-K03	PASS
/Users/sameralzubaidi/Desktop/kids_marketplace_app/e2e-test-results/2026-06-02T10-55-54/report.md	2026-06-02	0	automated	TC-L01	PASS
/Users/sameralzubaidi/Desktop/kids_marketplace_app/e2e-test-results/2026-06-02T10-55-54/report.md	2026-06-02	0	automated	TC-L02	PASS
/Users/sameralzubaidi/Desktop/kids_marketplace_app/e2e-test-results/2026-06-02T10-55-54/report.md	2026-06-02	0	automated	TC-L03	PASS
/Users/sameralzubaidi/Desktop/kids_marketplace_app/e2e-test-results/2026-06-02T10-55-54/report.md	2026-06-02	0	automated	TC-L04	PASS
/Users/sameralzubaidi/Desktop/kids_marketplace_app/e2e-test-results/2026-06-02T10-55-54/report.md	2026-06-02	0	automated	TC-L05	PASS
/Users/sameralzubaidi/Desktop/kids_marketplace_app/e2e-test-results/2026-06-02T10-55-54/report.md	2026-06-02	0	automated	TC-L06	PASS
/Users/sameralzubaidi/Desktop/kids_marketplace_app/e2e-test-results/2026-06-02T10-55-54/report.md	2026-06-02	0	automated	TC-L07	PASS
/Users/sameralzubaidi/Desktop/kids_marketplace_app/e2e-test-results/2026-06-02T10-55-54/report.md	2026-06-02	0	automated	TC-L08	PASS
/Users/sameralzubaidi/Desktop/kids_marketplace_app/e2e-test-results/2026-06-02T10-55-54/report.md	2026-06-02	0	automated	TC-R05	PASS
/Users/sameralzubaidi/Desktop/kids_marketplace_app/e2e-test-results/2026-06-02T10-55-54/report.md	2026-06-02	0	automated	TC-R06	PASS
/Users/sameralzubaidi/Desktop/kids_marketplace_app/e2e-test-results/2026-06-02T10-55-54/report.md	2026-06-02	0	automated	REG-R02	PASS
/Users/sameralzubaidi/Desktop/kids_marketplace_app/e2e-test-results/2026-06-02T10-55-54/report.md	2026-06-02	0	automated	TC-A04	PASS
/Users/sameralzubaidi/Desktop/kids_marketplace_app/e2e-test-results/2026-06-02T10-55-54/report.md	2026-06-02	0	automated	TC-B01	PASS
/Users/sameralzubaidi/Desktop/kids_marketplace_app/e2e-test-results/2026-06-02T10-55-54/report.md	2026-06-02	0	automated	TC-B03	PASS
/Users/sameralzubaidi/Desktop/kids_marketplace_app/e2e-test-results/2026-06-02T10-55-54/report.md	2026-06-02	0	automated	TC-B04	PASS
/Users/sameralzubaidi/Desktop/kids_marketplace_app/e2e-test-results/2026-06-02T10-55-54/report.md	2026-06-02	0	automated	TC-B05	PASS
/Users/sameralzubaidi/Desktop/kids_marketplace_app/e2e-test-results/2026-06-02T10-55-54/report.md	2026-06-02	0	automated	TC-R01	PASS
/Users/sameralzubaidi/Desktop/kids_marketplace_app/e2e-test-results/2026-06-02T10-55-54/report.md	2026-06-02	0	automated	TC-R02	PASS
/Users/sameralzubaidi/Desktop/kids_marketplace_app/e2e-test-results/2026-06-02T10-55-54/report.md	2026-06-02	0	automated	TC-R13	PASS
/Users/sameralzubaidi/Desktop/kids_marketplace_app/e2e-test-results/2026-06-02T10-55-54/report.md	2026-06-02	0	automated	REG-R05	PASS
/Users/sameralzubaidi/Desktop/kids_marketplace_app/e2e-test-results/2026-06-02T10-55-54/report.md	2026-06-02	0	automated	TC-D01	PASS
/Users/sameralzubaidi/Desktop/kids_marketplace_app/e2e-test-results/2026-06-02T10-55-54/report.md	2026-06-02	0	automated	TC-D02	PASS
/Users/sameralzubaidi/Desktop/kids_marketplace_app/e2e-test-results/2026-06-02T10-55-54/report.md	2026-06-02	0	automated	TC-D03	PASS
/Users/sameralzubaidi/Desktop/kids_marketplace_app/e2e-test-results/2026-06-02T10-55-54/report.md	2026-06-02	0	automated	TC-D04	PASS
/Users/sameralzubaidi/Desktop/kids_marketplace_app/e2e-test-results/2026-06-02T10-55-54/report.md	2026-06-02	0	automated	TC-D05	PASS
/Users/sameralzubaidi/Desktop/kids_marketplace_app/e2e-test-results/2026-06-02T10-55-54/report.md	2026-06-02	0	automated	REG-R06	PASS
/Users/sameralzubaidi/Desktop/kids_marketplace_app/e2e-test-results/2026-06-02T10-55-54/report.md	2026-06-02	0	automated	REG-R07	PASS
/Users/sameralzubaidi/Desktop/kids_marketplace_app/e2e-test-results/2026-06-02T10-55-54/report.md	2026-06-02	0	automated	TC-C01	PASS
/Users/sameralzubaidi/Desktop/kids_marketplace_app/e2e-test-results/2026-06-02T10-55-54/report.md	2026-06-02	0	automated	TC-C02	PASS
/Users/sameralzubaidi/Desktop/kids_marketplace_app/e2e-test-results/2026-06-02T10-55-54/report.md	2026-06-02	0	automated	TC-C04	PASS
/Users/sameralzubaidi/Desktop/kids_marketplace_app/e2e-test-results/2026-06-02T10-55-54/report.md	2026-06-02	0	automated	TC-C05	PASS
/Users/sameralzubaidi/Desktop/kids_marketplace_app/e2e-test-results/2026-06-02T10-55-54/report.md	2026-06-02	0	automated	TC-C06	PASS
/Users/sameralzubaidi/Desktop/kids_marketplace_app/e2e-test-results/2026-06-02T10-55-54/report.md	2026-06-02	0	automated	TC-R07	PASS
/Users/sameralzubaidi/Desktop/kids_marketplace_app/e2e-test-results/2026-06-02T10-55-54/report.md	2026-06-02	0	automated	REG-R08	PASS
/Users/sameralzubaidi/Desktop/kids_marketplace_app/e2e-test-results/2026-06-02T10-55-54/report.md	2026-06-02	0	automated	TC-C07	PASS
/Users/sameralzubaidi/Desktop/kids_marketplace_app/e2e-test-results/2026-06-02T10-55-54/report.md	2026-06-02	0	automated	TC-C08	PASS
/Users/sameralzubaidi/Desktop/kids_marketplace_app/e2e-test-results/2026-06-02T10-55-54/report.md	2026-06-02	0	automated	TC-A01	PASS
/Users/sameralzubaidi/Desktop/kids_marketplace_app/e2e-test-results/2026-06-02T10-55-54/report.md	2026-06-02	0	automated	TC-A02	PASS
/Users/sameralzubaidi/Desktop/kids_marketplace_app/e2e-test-results/2026-06-02T10-55-54/report.md	2026-06-02	0	automated	TC-A03	PASS
/Users/sameralzubaidi/Desktop/kids_marketplace_app/e2e-test-results/2026-06-02T10-55-54/report.md	2026-06-02	0	automated	TC-E01	PASS
/Users/sameralzubaidi/Desktop/kids_marketplace_app/e2e-test-results/2026-06-02T10-55-54/report.md	2026-06-02	0	automated	TC-E02	PASS
/Users/sameralzubaidi/Desktop/kids_marketplace_app/e2e-test-results/2026-06-02T10-55-54/report.md	2026-06-02	0	automated	TC-E03	PASS
/Users/sameralzubaidi/Desktop/kids_marketplace_app/e2e-test-results/2026-06-02T10-55-54/report.md	2026-06-02	0	automated	TC-E04	PASS
/Users/sameralzubaidi/Desktop/kids_marketplace_app/e2e-test-results/2026-06-02T10-55-54/report.md	2026-06-02	0	automated	TC-H01	PASS
/Users/sameralzubaidi/Desktop/kids_marketplace_app/e2e-test-results/2026-06-02T10-55-54/report.md	2026-06-02	0	automated	TC-H02	PASS
/Users/sameralzubaidi/Desktop/kids_marketplace_app/e2e-test-results/2026-06-02T10-55-54/report.md	2026-06-02	0	automated	TC-H03	PASS
/Users/sameralzubaidi/Desktop/kids_marketplace_app/e2e-test-results/2026-06-02T10-55-54/report.md	2026-06-02	0	automated	TC-H04	PASS
/Users/sameralzubaidi/Desktop/kids_marketplace_app/e2e-test-results/2026-06-02T10-55-54/report.md	2026-06-02	0	automated	TC-Q01	PASS
/Users/sameralzubaidi/Desktop/kids_marketplace_app/e2e-test-results/2026-06-02T10-55-54/report.md	2026-06-02	0	automated	TC-Q02	PASS
/Users/sameralzubaidi/Desktop/kids_marketplace_app/e2e-test-results/2026-06-02T10-55-54/report.md	2026-06-02	0	automated	TC-Q03	PASS
/Users/sameralzubaidi/Desktop/kids_marketplace_app/e2e-test-results/2026-06-02T10-55-54/report.md	2026-06-02	0	automated	TC-Q04	PASS
/Users/sameralzubaidi/Desktop/kids_marketplace_app/e2e-test-results/2026-06-02T10-55-54/report.md	2026-06-02	0	automated	TC-Q05	PASS
/Users/sameralzubaidi/Desktop/kids_marketplace_app/e2e-test-results/2026-06-02T10-55-54/report.md	2026-06-02	0	automated	TC-Q06	PASS
/Users/sameralzubaidi/Desktop/kids_marketplace_app/e2e-test-results/2026-06-02T10-55-54/report.md	2026-06-02	0	automated	TC-Q07	PASS
/Users/sameralzubaidi/Desktop/kids_marketplace_app/e2e-test-results/2026-06-02T10-55-54/report.md	2026-06-02	0	automated	TC-Q08	PASS
/Users/sameralzubaidi/Desktop/kids_marketplace_app/e2e-test-results/2026-06-02T10-55-54/report.md	2026-06-02	0	automated	TC-Q09	PASS
/Users/sameralzubaidi/Desktop/kids_marketplace_app/e2e-test-results/2026-06-02T10-55-54/report.md	2026-06-02	0	automated	TC-Q10	PASS
/Users/sameralzubaidi/Desktop/kids_marketplace_app/e2e-test-results/2026-06-02T10-55-54/report.md	2026-06-02	0	automated	TC-Q12	PASS
/Users/sameralzubaidi/Desktop/kids_marketplace_app/e2e-test-results/2026-06-02T10-55-54/report.md	2026-06-02	0	automated	TC-Q15	PASS
/Users/sameralzubaidi/Desktop/kids_marketplace_app/e2e-test-results/2026-06-02T10-55-54/report.md	2026-06-02	0	automated	TC-Q17	PASS
/Users/sameralzubaidi/Desktop/kids_marketplace_app/e2e-test-results/2026-06-02T10-55-54/report.md	2026-06-02	0	automated	TC-F01	PASS
/Users/sameralzubaidi/Desktop/kids_marketplace_app/e2e-test-results/2026-06-02T10-55-54/report.md	2026-06-02	0	automated	TC-F02	PASS
/Users/sameralzubaidi/Desktop/kids_marketplace_app/e2e-test-results/2026-06-02T10-55-54/report.md	2026-06-02	0	automated	TC-F03	PASS
/Users/sameralzubaidi/Desktop/kids_marketplace_app/e2e-test-results/2026-06-02T10-55-54/report.md	2026-06-02	0	automated	TC-R08	PASS
/Users/sameralzubaidi/Desktop/kids_marketplace_app/e2e-test-results/2026-06-02T10-55-54/report.md	2026-06-02	0	automated	TC-G04	PASS
/Users/sameralzubaidi/Desktop/kids_marketplace_app/e2e-test-results/2026-06-02T10-55-54/report.md	2026-06-02	0	automated	TC-I01	PASS
/Users/sameralzubaidi/Desktop/kids_marketplace_app/e2e-test-results/2026-06-02T10-55-54/report.md	2026-06-02	0	automated	TC-I02	PASS
/Users/sameralzubaidi/Desktop/kids_marketplace_app/e2e-test-results/2026-06-02T10-55-54/report.md	2026-06-02	0	automated	TC-I03	PASS
/Users/sameralzubaidi/Desktop/kids_marketplace_app/e2e-test-results/2026-06-02T10-55-54/report.md	2026-06-02	0	automated	TC-I04	PASS
/Users/sameralzubaidi/Desktop/kids_marketplace_app/e2e-test-results/2026-06-02T10-55-54/report.md	2026-06-02	0	automated	TC-I05	PASS
/Users/sameralzubaidi/Desktop/kids_marketplace_app/e2e-test-results/2026-06-02T10-55-54/report.md	2026-06-02	0	automated	TC-M01	PASS
/Users/sameralzubaidi/Desktop/kids_marketplace_app/e2e-test-results/2026-06-02T10-55-54/report.md	2026-06-02	0	automated	TC-M02	PASS
/Users/sameralzubaidi/Desktop/kids_marketplace_app/e2e-test-results/2026-06-02T10-55-54/report.md	2026-06-02	0	automated	TC-M03	PASS
/Users/sameralzubaidi/Desktop/kids_marketplace_app/e2e-test-results/2026-06-02T10-55-54/report.md	2026-06-02	0	automated	TC-M04	PASS
/Users/sameralzubaidi/Desktop/kids_marketplace_app/e2e-test-results/2026-06-02T10-55-54/report.md	2026-06-02	0	automated	TC-M05	PASS
/Users/sameralzubaidi/Desktop/kids_marketplace_app/e2e-test-results/2026-06-02T10-55-54/report.md	2026-06-02	0	automated	TC-M06	PASS
/Users/sameralzubaidi/Desktop/kids_marketplace_app/e2e-test-results/2026-06-02T10-55-54/report.md	2026-06-02	0	automated	TC-M07	PASS
/Users/sameralzubaidi/Desktop/kids_marketplace_app/e2e-test-results/2026-06-02T10-55-54/report.md	2026-06-02	0	automated	TC-M08	PASS
/Users/sameralzubaidi/Desktop/kids_marketplace_app/e2e-test-results/2026-06-02T10-55-54/report.md	2026-06-02	0	automated	TC-M09	PASS
/Users/sameralzubaidi/Desktop/kids_marketplace_app/e2e-test-results/2026-06-02T10-55-54/report.md	2026-06-02	0	automated	TC-M10	PASS
/Users/sameralzubaidi/Desktop/kids_marketplace_app/e2e-test-results/2026-06-02T10-55-54/report.md	2026-06-02	0	automated	TC-M11	PASS
/Users/sameralzubaidi/Desktop/kids_marketplace_app/e2e-test-results/2026-06-02T10-55-54/report.md	2026-06-02	0	automated	TC-M12	PASS
/Users/sameralzubaidi/Desktop/kids_marketplace_app/e2e-test-results/2026-06-02T10-55-54/report.md	2026-06-02	0	automated	TC-M14	PASS
/Users/sameralzubaidi/Desktop/kids_marketplace_app/e2e-test-results/2026-06-02T10-55-54/report.md	2026-06-02	0	automated	TC-M15	PASS
/Users/sameralzubaidi/Desktop/kids_marketplace_app/e2e-test-results/2026-06-02T10-55-54/report.md	2026-06-02	0	automated	TC-O01	PASS
/Users/sameralzubaidi/Desktop/kids_marketplace_app/e2e-test-results/2026-06-02T10-55-54/report.md	2026-06-02	0	automated	TC-O02	PASS
/Users/sameralzubaidi/Desktop/kids_marketplace_app/e2e-test-results/2026-06-02T10-55-54/report.md	2026-06-02	0	automated	TC-O03	PASS
/Users/sameralzubaidi/Desktop/kids_marketplace_app/e2e-test-results/2026-06-02T10-55-54/report.md	2026-06-02	0	automated	TC-O04	PASS
/Users/sameralzubaidi/Desktop/kids_marketplace_app/e2e-test-results/2026-06-02T10-55-54/report.md	2026-06-02	0	automated	TC-O05	PASS
/Users/sameralzubaidi/Desktop/kids_marketplace_app/e2e-test-results/2026-06-02T10-55-54/report.md	2026-06-02	0	automated	TC-O06	PASS
/Users/sameralzubaidi/Desktop/kids_marketplace_app/e2e-test-results/2026-06-02T10-55-54/report.md	2026-06-02	0	automated	TC-O07	PASS
/Users/sameralzubaidi/Desktop/kids_marketplace_app/e2e-test-results/2026-06-02T10-55-54/report.md	2026-06-02	0	automated	TC-B02	SKIPPED
/Users/sameralzubaidi/Desktop/kids_marketplace_app/e2e-test-results/2026-06-02T10-55-54/report.md	2026-06-02	0	automated	TC-B06	SKIPPED
/Users/sameralzubaidi/Desktop/kids_marketplace_app/e2e-test-results/2026-06-02T10-55-54/report.md	2026-06-02	0	automated	TC-C03	SKIPPED
/Users/sameralzubaidi/Desktop/kids_marketplace_app/e2e-test-results/2026-06-02T10-55-54/report.md	2026-06-02	0	automated	TC-G01	SKIPPED
/Users/sameralzubaidi/Desktop/kids_marketplace_app/e2e-test-results/2026-06-02T10-55-54/report.md	2026-06-02	0	automated	TC-G02	SKIPPED
/Users/sameralzubaidi/Desktop/kids_marketplace_app/e2e-test-results/2026-06-02T10-55-54/report.md	2026-06-02	0	automated	TC-G03	SKIPPED
/Users/sameralzubaidi/Desktop/kids_marketplace_app/e2e-test-results/2026-06-02T10-55-54/report.md	2026-06-02	0	automated	TC-M13	SKIPPED
/Users/sameralzubaidi/Desktop/kids_marketplace_app/e2e-test-results/2026-06-02T10-55-54/report.md	2026-06-02	0	automated	TC-Q11	SKIPPED
/Users/sameralzubaidi/Desktop/kids_marketplace_app/e2e-test-results/2026-06-02T10-55-54/report.md	2026-06-02	0	automated	TC-Q13	SKIPPED
/Users/sameralzubaidi/Desktop/kids_marketplace_app/e2e-test-results/2026-06-02T10-55-54/report.md	2026-06-02	0	automated	TC-Q14	SKIPPED
/Users/sameralzubaidi/Desktop/kids_marketplace_app/e2e-test-results/2026-06-02T10-55-54/report.md	2026-06-02	0	automated	TC-Q16	SKIPPED
/Users/sameralzubaidi/Desktop/kids_marketplace_app/e2e-test-results/2026-06-02T10-55-54/report.md	2026-06-02	0	automated	TC-R03	SKIPPED
/Users/sameralzubaidi/Desktop/kids_marketplace_app/e2e-test-results/2026-06-02T10-55-54/report.md	2026-06-02	0	automated	TC-R04	SKIPPED
/Users/sameralzubaidi/Desktop/kids_marketplace_app/e2e-test-results/2026-06-02T10-55-54/report.md	2026-06-02	0	automated	TC-R11	SKIPPED
/Users/sameralzubaidi/Desktop/kids_marketplace_app/e2e-test-results/2026-06-02T10-55-54/report.md	2026-06-02	0	automated	TC-R12	SKIPPED
/Users/sameralzubaidi/Desktop/kids_marketplace_app/e2e-test-results/2026-06-02T11-11-23/report.md	2026-06-02	0	automated	REG-R01	PASS
/Users/sameralzubaidi/Desktop/kids_marketplace_app/e2e-test-results/2026-06-02T11-11-23/report.md	2026-06-02	0	automated	REG-R03	PASS
/Users/sameralzubaidi/Desktop/kids_marketplace_app/e2e-test-results/2026-06-02T11-11-23/report.md	2026-06-02	0	automated	REG-R04	PASS
/Users/sameralzubaidi/Desktop/kids_marketplace_app/e2e-test-results/2026-06-02T11-11-23/report.md	2026-06-02	0	automated	TC-J01	PASS
/Users/sameralzubaidi/Desktop/kids_marketplace_app/e2e-test-results/2026-06-02T11-11-23/report.md	2026-06-02	0	automated	TC-J02	PASS
/Users/sameralzubaidi/Desktop/kids_marketplace_app/e2e-test-results/2026-06-02T11-11-23/report.md	2026-06-02	0	automated	TC-J03	PASS
/Users/sameralzubaidi/Desktop/kids_marketplace_app/e2e-test-results/2026-06-02T11-11-23/report.md	2026-06-02	0	automated	TC-J04	PASS
/Users/sameralzubaidi/Desktop/kids_marketplace_app/e2e-test-results/2026-06-02T11-11-23/report.md	2026-06-02	0	automated	TC-J05	PASS
/Users/sameralzubaidi/Desktop/kids_marketplace_app/e2e-test-results/2026-06-02T11-11-23/report.md	2026-06-02	0	automated	TC-K01	PASS
/Users/sameralzubaidi/Desktop/kids_marketplace_app/e2e-test-results/2026-06-02T11-11-23/report.md	2026-06-02	0	automated	TC-K02	PASS
/Users/sameralzubaidi/Desktop/kids_marketplace_app/e2e-test-results/2026-06-02T11-11-23/report.md	2026-06-02	0	automated	TC-K03	PASS
/Users/sameralzubaidi/Desktop/kids_marketplace_app/e2e-test-results/2026-06-02T11-11-23/report.md	2026-06-02	0	automated	TC-L01	PASS
/Users/sameralzubaidi/Desktop/kids_marketplace_app/e2e-test-results/2026-06-02T11-11-23/report.md	2026-06-02	0	automated	TC-L02	PASS
/Users/sameralzubaidi/Desktop/kids_marketplace_app/e2e-test-results/2026-06-02T11-11-23/report.md	2026-06-02	0	automated	TC-L03	PASS
/Users/sameralzubaidi/Desktop/kids_marketplace_app/e2e-test-results/2026-06-02T11-11-23/report.md	2026-06-02	0	automated	TC-L04	PASS
/Users/sameralzubaidi/Desktop/kids_marketplace_app/e2e-test-results/2026-06-02T11-11-23/report.md	2026-06-02	0	automated	TC-L05	PASS
/Users/sameralzubaidi/Desktop/kids_marketplace_app/e2e-test-results/2026-06-02T11-11-23/report.md	2026-06-02	0	automated	TC-L06	PASS
/Users/sameralzubaidi/Desktop/kids_marketplace_app/e2e-test-results/2026-06-02T11-11-23/report.md	2026-06-02	0	automated	TC-L07	PASS
/Users/sameralzubaidi/Desktop/kids_marketplace_app/e2e-test-results/2026-06-02T11-11-23/report.md	2026-06-02	0	automated	TC-L08	PASS
/Users/sameralzubaidi/Desktop/kids_marketplace_app/e2e-test-results/2026-06-02T11-11-23/report.md	2026-06-02	0	automated	TC-R05	PASS
/Users/sameralzubaidi/Desktop/kids_marketplace_app/e2e-test-results/2026-06-02T11-11-23/report.md	2026-06-02	0	automated	TC-R06	PASS
/Users/sameralzubaidi/Desktop/kids_marketplace_app/e2e-test-results/2026-06-02T11-11-23/report.md	2026-06-02	0	automated	REG-R02	PASS
/Users/sameralzubaidi/Desktop/kids_marketplace_app/e2e-test-results/2026-06-02T11-11-23/report.md	2026-06-02	0	automated	TC-A04	PASS
/Users/sameralzubaidi/Desktop/kids_marketplace_app/e2e-test-results/2026-06-02T11-11-23/report.md	2026-06-02	0	automated	TC-B01	PASS
/Users/sameralzubaidi/Desktop/kids_marketplace_app/e2e-test-results/2026-06-02T11-11-23/report.md	2026-06-02	0	automated	TC-B03	PASS
/Users/sameralzubaidi/Desktop/kids_marketplace_app/e2e-test-results/2026-06-02T11-11-23/report.md	2026-06-02	0	automated	TC-B04	PASS
/Users/sameralzubaidi/Desktop/kids_marketplace_app/e2e-test-results/2026-06-02T11-11-23/report.md	2026-06-02	0	automated	TC-B05	PASS
/Users/sameralzubaidi/Desktop/kids_marketplace_app/e2e-test-results/2026-06-02T11-11-23/report.md	2026-06-02	0	automated	TC-R01	PASS
/Users/sameralzubaidi/Desktop/kids_marketplace_app/e2e-test-results/2026-06-02T11-11-23/report.md	2026-06-02	0	automated	TC-R02	PASS
/Users/sameralzubaidi/Desktop/kids_marketplace_app/e2e-test-results/2026-06-02T11-11-23/report.md	2026-06-02	0	automated	TC-R13	PASS
/Users/sameralzubaidi/Desktop/kids_marketplace_app/e2e-test-results/2026-06-02T11-11-23/report.md	2026-06-02	0	automated	REG-R05	PASS
/Users/sameralzubaidi/Desktop/kids_marketplace_app/e2e-test-results/2026-06-02T11-11-23/report.md	2026-06-02	0	automated	TC-D01	PASS
/Users/sameralzubaidi/Desktop/kids_marketplace_app/e2e-test-results/2026-06-02T11-11-23/report.md	2026-06-02	0	automated	TC-D02	PASS
/Users/sameralzubaidi/Desktop/kids_marketplace_app/e2e-test-results/2026-06-02T11-11-23/report.md	2026-06-02	0	automated	TC-D03	PASS
/Users/sameralzubaidi/Desktop/kids_marketplace_app/e2e-test-results/2026-06-02T11-11-23/report.md	2026-06-02	0	automated	TC-D04	PASS
/Users/sameralzubaidi/Desktop/kids_marketplace_app/e2e-test-results/2026-06-02T11-11-23/report.md	2026-06-02	0	automated	TC-D05	PASS
/Users/sameralzubaidi/Desktop/kids_marketplace_app/e2e-test-results/2026-06-02T11-11-23/report.md	2026-06-02	0	automated	REG-R06	PASS
/Users/sameralzubaidi/Desktop/kids_marketplace_app/e2e-test-results/2026-06-02T11-11-23/report.md	2026-06-02	0	automated	REG-R07	PASS
/Users/sameralzubaidi/Desktop/kids_marketplace_app/e2e-test-results/2026-06-02T11-11-23/report.md	2026-06-02	0	automated	TC-C01	PASS
/Users/sameralzubaidi/Desktop/kids_marketplace_app/e2e-test-results/2026-06-02T11-11-23/report.md	2026-06-02	0	automated	TC-C02	PASS
/Users/sameralzubaidi/Desktop/kids_marketplace_app/e2e-test-results/2026-06-02T11-11-23/report.md	2026-06-02	0	automated	TC-C04	PASS
/Users/sameralzubaidi/Desktop/kids_marketplace_app/e2e-test-results/2026-06-02T11-11-23/report.md	2026-06-02	0	automated	TC-C05	PASS
/Users/sameralzubaidi/Desktop/kids_marketplace_app/e2e-test-results/2026-06-02T11-11-23/report.md	2026-06-02	0	automated	TC-C06	PASS
/Users/sameralzubaidi/Desktop/kids_marketplace_app/e2e-test-results/2026-06-02T11-11-23/report.md	2026-06-02	0	automated	TC-R07	PASS
/Users/sameralzubaidi/Desktop/kids_marketplace_app/e2e-test-results/2026-06-02T11-11-23/report.md	2026-06-02	0	automated	REG-R08	PASS
/Users/sameralzubaidi/Desktop/kids_marketplace_app/e2e-test-results/2026-06-02T11-11-23/report.md	2026-06-02	0	automated	TC-C07	PASS
/Users/sameralzubaidi/Desktop/kids_marketplace_app/e2e-test-results/2026-06-02T11-11-23/report.md	2026-06-02	0	automated	TC-C08	PASS
/Users/sameralzubaidi/Desktop/kids_marketplace_app/e2e-test-results/2026-06-02T11-11-23/report.md	2026-06-02	0	automated	TC-A01	PASS
/Users/sameralzubaidi/Desktop/kids_marketplace_app/e2e-test-results/2026-06-02T11-11-23/report.md	2026-06-02	0	automated	TC-A02	PASS
/Users/sameralzubaidi/Desktop/kids_marketplace_app/e2e-test-results/2026-06-02T11-11-23/report.md	2026-06-02	0	automated	TC-A03	PASS
/Users/sameralzubaidi/Desktop/kids_marketplace_app/e2e-test-results/2026-06-02T11-11-23/report.md	2026-06-02	0	automated	TC-E01	PASS
/Users/sameralzubaidi/Desktop/kids_marketplace_app/e2e-test-results/2026-06-02T11-11-23/report.md	2026-06-02	0	automated	TC-E02	PASS
/Users/sameralzubaidi/Desktop/kids_marketplace_app/e2e-test-results/2026-06-02T11-11-23/report.md	2026-06-02	0	automated	TC-E03	PASS
/Users/sameralzubaidi/Desktop/kids_marketplace_app/e2e-test-results/2026-06-02T11-11-23/report.md	2026-06-02	0	automated	TC-E04	PASS
/Users/sameralzubaidi/Desktop/kids_marketplace_app/e2e-test-results/2026-06-02T11-11-23/report.md	2026-06-02	0	automated	TC-H01	PASS
/Users/sameralzubaidi/Desktop/kids_marketplace_app/e2e-test-results/2026-06-02T11-11-23/report.md	2026-06-02	0	automated	TC-H02	PASS
/Users/sameralzubaidi/Desktop/kids_marketplace_app/e2e-test-results/2026-06-02T11-11-23/report.md	2026-06-02	0	automated	TC-H03	PASS
/Users/sameralzubaidi/Desktop/kids_marketplace_app/e2e-test-results/2026-06-02T11-11-23/report.md	2026-06-02	0	automated	TC-H04	PASS
/Users/sameralzubaidi/Desktop/kids_marketplace_app/e2e-test-results/2026-06-02T11-11-23/report.md	2026-06-02	0	automated	TC-Q01	PASS
/Users/sameralzubaidi/Desktop/kids_marketplace_app/e2e-test-results/2026-06-02T11-11-23/report.md	2026-06-02	0	automated	TC-Q02	PASS
/Users/sameralzubaidi/Desktop/kids_marketplace_app/e2e-test-results/2026-06-02T11-11-23/report.md	2026-06-02	0	automated	TC-Q03	PASS
/Users/sameralzubaidi/Desktop/kids_marketplace_app/e2e-test-results/2026-06-02T11-11-23/report.md	2026-06-02	0	automated	TC-Q04	PASS
/Users/sameralzubaidi/Desktop/kids_marketplace_app/e2e-test-results/2026-06-02T11-11-23/report.md	2026-06-02	0	automated	TC-Q05	PASS
/Users/sameralzubaidi/Desktop/kids_marketplace_app/e2e-test-results/2026-06-02T11-11-23/report.md	2026-06-02	0	automated	TC-Q06	PASS
/Users/sameralzubaidi/Desktop/kids_marketplace_app/e2e-test-results/2026-06-02T11-11-23/report.md	2026-06-02	0	automated	TC-Q07	PASS
/Users/sameralzubaidi/Desktop/kids_marketplace_app/e2e-test-results/2026-06-02T11-11-23/report.md	2026-06-02	0	automated	TC-Q08	PASS
/Users/sameralzubaidi/Desktop/kids_marketplace_app/e2e-test-results/2026-06-02T11-11-23/report.md	2026-06-02	0	automated	TC-Q09	PASS
/Users/sameralzubaidi/Desktop/kids_marketplace_app/e2e-test-results/2026-06-02T11-11-23/report.md	2026-06-02	0	automated	TC-Q10	PASS
/Users/sameralzubaidi/Desktop/kids_marketplace_app/e2e-test-results/2026-06-02T11-11-23/report.md	2026-06-02	0	automated	TC-Q12	PASS
/Users/sameralzubaidi/Desktop/kids_marketplace_app/e2e-test-results/2026-06-02T11-11-23/report.md	2026-06-02	0	automated	TC-Q15	PASS
/Users/sameralzubaidi/Desktop/kids_marketplace_app/e2e-test-results/2026-06-02T11-11-23/report.md	2026-06-02	0	automated	TC-Q17	PASS
/Users/sameralzubaidi/Desktop/kids_marketplace_app/e2e-test-results/2026-06-02T11-11-23/report.md	2026-06-02	0	automated	TC-F01	PASS
/Users/sameralzubaidi/Desktop/kids_marketplace_app/e2e-test-results/2026-06-02T11-11-23/report.md	2026-06-02	0	automated	TC-F02	PASS
/Users/sameralzubaidi/Desktop/kids_marketplace_app/e2e-test-results/2026-06-02T11-11-23/report.md	2026-06-02	0	automated	TC-F03	PASS
/Users/sameralzubaidi/Desktop/kids_marketplace_app/e2e-test-results/2026-06-02T11-11-23/report.md	2026-06-02	0	automated	TC-R08	PASS
/Users/sameralzubaidi/Desktop/kids_marketplace_app/e2e-test-results/2026-06-02T11-11-23/report.md	2026-06-02	0	automated	TC-G04	PASS
/Users/sameralzubaidi/Desktop/kids_marketplace_app/e2e-test-results/2026-06-02T11-11-23/report.md	2026-06-02	0	automated	TC-I01	PASS
/Users/sameralzubaidi/Desktop/kids_marketplace_app/e2e-test-results/2026-06-02T11-11-23/report.md	2026-06-02	0	automated	TC-I02	PASS
/Users/sameralzubaidi/Desktop/kids_marketplace_app/e2e-test-results/2026-06-02T11-11-23/report.md	2026-06-02	0	automated	TC-I03	PASS
/Users/sameralzubaidi/Desktop/kids_marketplace_app/e2e-test-results/2026-06-02T11-11-23/report.md	2026-06-02	0	automated	TC-I04	PASS
/Users/sameralzubaidi/Desktop/kids_marketplace_app/e2e-test-results/2026-06-02T11-11-23/report.md	2026-06-02	0	automated	TC-I05	PASS
/Users/sameralzubaidi/Desktop/kids_marketplace_app/e2e-test-results/2026-06-02T11-11-23/report.md	2026-06-02	0	automated	TC-M01	PASS
/Users/sameralzubaidi/Desktop/kids_marketplace_app/e2e-test-results/2026-06-02T11-11-23/report.md	2026-06-02	0	automated	TC-M02	PASS
/Users/sameralzubaidi/Desktop/kids_marketplace_app/e2e-test-results/2026-06-02T11-11-23/report.md	2026-06-02	0	automated	TC-M03	PASS
/Users/sameralzubaidi/Desktop/kids_marketplace_app/e2e-test-results/2026-06-02T11-11-23/report.md	2026-06-02	0	automated	TC-M04	PASS
/Users/sameralzubaidi/Desktop/kids_marketplace_app/e2e-test-results/2026-06-02T11-11-23/report.md	2026-06-02	0	automated	TC-M05	PASS
/Users/sameralzubaidi/Desktop/kids_marketplace_app/e2e-test-results/2026-06-02T11-11-23/report.md	2026-06-02	0	automated	TC-M06	PASS
/Users/sameralzubaidi/Desktop/kids_marketplace_app/e2e-test-results/2026-06-02T11-11-23/report.md	2026-06-02	0	automated	TC-M07	PASS
/Users/sameralzubaidi/Desktop/kids_marketplace_app/e2e-test-results/2026-06-02T11-11-23/report.md	2026-06-02	0	automated	TC-M08	PASS
/Users/sameralzubaidi/Desktop/kids_marketplace_app/e2e-test-results/2026-06-02T11-11-23/report.md	2026-06-02	0	automated	TC-M09	PASS
/Users/sameralzubaidi/Desktop/kids_marketplace_app/e2e-test-results/2026-06-02T11-11-23/report.md	2026-06-02	0	automated	TC-M10	PASS
/Users/sameralzubaidi/Desktop/kids_marketplace_app/e2e-test-results/2026-06-02T11-11-23/report.md	2026-06-02	0	automated	TC-M11	PASS
/Users/sameralzubaidi/Desktop/kids_marketplace_app/e2e-test-results/2026-06-02T11-11-23/report.md	2026-06-02	0	automated	TC-M12	PASS
/Users/sameralzubaidi/Desktop/kids_marketplace_app/e2e-test-results/2026-06-02T11-11-23/report.md	2026-06-02	0	automated	TC-M14	PASS
/Users/sameralzubaidi/Desktop/kids_marketplace_app/e2e-test-results/2026-06-02T11-11-23/report.md	2026-06-02	0	automated	TC-M15	PASS
/Users/sameralzubaidi/Desktop/kids_marketplace_app/e2e-test-results/2026-06-02T11-11-23/report.md	2026-06-02	0	automated	TC-O01	PASS
/Users/sameralzubaidi/Desktop/kids_marketplace_app/e2e-test-results/2026-06-02T11-11-23/report.md	2026-06-02	0	automated	TC-O02	PASS
/Users/sameralzubaidi/Desktop/kids_marketplace_app/e2e-test-results/2026-06-02T11-11-23/report.md	2026-06-02	0	automated	TC-O03	PASS
/Users/sameralzubaidi/Desktop/kids_marketplace_app/e2e-test-results/2026-06-02T11-11-23/report.md	2026-06-02	0	automated	TC-O04	PASS
/Users/sameralzubaidi/Desktop/kids_marketplace_app/e2e-test-results/2026-06-02T11-11-23/report.md	2026-06-02	0	automated	TC-O05	PASS
/Users/sameralzubaidi/Desktop/kids_marketplace_app/e2e-test-results/2026-06-02T11-11-23/report.md	2026-06-02	0	automated	TC-O06	PASS
/Users/sameralzubaidi/Desktop/kids_marketplace_app/e2e-test-results/2026-06-02T11-11-23/report.md	2026-06-02	0	automated	TC-O07	PASS
/Users/sameralzubaidi/Desktop/kids_marketplace_app/e2e-test-results/2026-06-02T11-11-23/report.md	2026-06-02	0	automated	TC-B02	SKIPPED
/Users/sameralzubaidi/Desktop/kids_marketplace_app/e2e-test-results/2026-06-02T11-11-23/report.md	2026-06-02	0	automated	TC-B06	SKIPPED
/Users/sameralzubaidi/Desktop/kids_marketplace_app/e2e-test-results/2026-06-02T11-11-23/report.md	2026-06-02	0	automated	TC-C03	SKIPPED
/Users/sameralzubaidi/Desktop/kids_marketplace_app/e2e-test-results/2026-06-02T11-11-23/report.md	2026-06-02	0	automated	TC-G01	SKIPPED
/Users/sameralzubaidi/Desktop/kids_marketplace_app/e2e-test-results/2026-06-02T11-11-23/report.md	2026-06-02	0	automated	TC-G02	SKIPPED
/Users/sameralzubaidi/Desktop/kids_marketplace_app/e2e-test-results/2026-06-02T11-11-23/report.md	2026-06-02	0	automated	TC-G03	SKIPPED
/Users/sameralzubaidi/Desktop/kids_marketplace_app/e2e-test-results/2026-06-02T11-11-23/report.md	2026-06-02	0	automated	TC-M13	SKIPPED
/Users/sameralzubaidi/Desktop/kids_marketplace_app/e2e-test-results/2026-06-02T11-11-23/report.md	2026-06-02	0	automated	TC-Q11	SKIPPED
/Users/sameralzubaidi/Desktop/kids_marketplace_app/e2e-test-results/2026-06-02T11-11-23/report.md	2026-06-02	0	automated	TC-Q13	SKIPPED
/Users/sameralzubaidi/Desktop/kids_marketplace_app/e2e-test-results/2026-06-02T11-11-23/report.md	2026-06-02	0	automated	TC-Q14	SKIPPED
/Users/sameralzubaidi/Desktop/kids_marketplace_app/e2e-test-results/2026-06-02T11-11-23/report.md	2026-06-02	0	automated	TC-Q16	SKIPPED
/Users/sameralzubaidi/Desktop/kids_marketplace_app/e2e-test-results/2026-06-02T11-11-23/report.md	2026-06-02	0	automated	TC-R03	SKIPPED
/Users/sameralzubaidi/Desktop/kids_marketplace_app/e2e-test-results/2026-06-02T11-11-23/report.md	2026-06-02	0	automated	TC-R04	SKIPPED
/Users/sameralzubaidi/Desktop/kids_marketplace_app/e2e-test-results/2026-06-02T11-11-23/report.md	2026-06-02	0	automated	TC-R11	SKIPPED
/Users/sameralzubaidi/Desktop/kids_marketplace_app/e2e-test-results/2026-06-02T11-11-23/report.md	2026-06-02	0	automated	TC-R12	SKIPPED
/Users/sameralzubaidi/Desktop/kids_marketplace_app/e2e-test-results/2026-06-02T11-24-07/report.md	2026-06-02	0	automated	REG-R01	PASS
/Users/sameralzubaidi/Desktop/kids_marketplace_app/e2e-test-results/2026-06-02T11-24-07/report.md	2026-06-02	0	automated	REG-R03	PASS
/Users/sameralzubaidi/Desktop/kids_marketplace_app/e2e-test-results/2026-06-02T11-24-07/report.md	2026-06-02	0	automated	REG-R04	PASS
/Users/sameralzubaidi/Desktop/kids_marketplace_app/e2e-test-results/2026-06-02T11-24-07/report.md	2026-06-02	0	automated	TC-J01	PASS
/Users/sameralzubaidi/Desktop/kids_marketplace_app/e2e-test-results/2026-06-02T11-24-07/report.md	2026-06-02	0	automated	TC-J02	PASS
/Users/sameralzubaidi/Desktop/kids_marketplace_app/e2e-test-results/2026-06-02T11-24-07/report.md	2026-06-02	0	automated	TC-J03	PASS
/Users/sameralzubaidi/Desktop/kids_marketplace_app/e2e-test-results/2026-06-02T11-24-07/report.md	2026-06-02	0	automated	TC-J04	PASS
/Users/sameralzubaidi/Desktop/kids_marketplace_app/e2e-test-results/2026-06-02T11-24-07/report.md	2026-06-02	0	automated	TC-J05	PASS
/Users/sameralzubaidi/Desktop/kids_marketplace_app/e2e-test-results/2026-06-02T11-24-07/report.md	2026-06-02	0	automated	TC-K01	PASS
/Users/sameralzubaidi/Desktop/kids_marketplace_app/e2e-test-results/2026-06-02T11-24-07/report.md	2026-06-02	0	automated	TC-K02	PASS
/Users/sameralzubaidi/Desktop/kids_marketplace_app/e2e-test-results/2026-06-02T11-24-07/report.md	2026-06-02	0	automated	TC-K03	PASS
/Users/sameralzubaidi/Desktop/kids_marketplace_app/e2e-test-results/2026-06-02T11-24-07/report.md	2026-06-02	0	automated	TC-L01	PASS
/Users/sameralzubaidi/Desktop/kids_marketplace_app/e2e-test-results/2026-06-02T11-24-07/report.md	2026-06-02	0	automated	TC-L02	PASS
/Users/sameralzubaidi/Desktop/kids_marketplace_app/e2e-test-results/2026-06-02T11-24-07/report.md	2026-06-02	0	automated	TC-L03	PASS
/Users/sameralzubaidi/Desktop/kids_marketplace_app/e2e-test-results/2026-06-02T11-24-07/report.md	2026-06-02	0	automated	TC-L04	PASS
/Users/sameralzubaidi/Desktop/kids_marketplace_app/e2e-test-results/2026-06-02T11-24-07/report.md	2026-06-02	0	automated	TC-L05	PASS
/Users/sameralzubaidi/Desktop/kids_marketplace_app/e2e-test-results/2026-06-02T11-24-07/report.md	2026-06-02	0	automated	TC-L06	PASS
/Users/sameralzubaidi/Desktop/kids_marketplace_app/e2e-test-results/2026-06-02T11-24-07/report.md	2026-06-02	0	automated	TC-L07	PASS
/Users/sameralzubaidi/Desktop/kids_marketplace_app/e2e-test-results/2026-06-02T11-24-07/report.md	2026-06-02	0	automated	TC-L08	PASS
/Users/sameralzubaidi/Desktop/kids_marketplace_app/e2e-test-results/2026-06-02T11-24-07/report.md	2026-06-02	0	automated	TC-R05	PASS
/Users/sameralzubaidi/Desktop/kids_marketplace_app/e2e-test-results/2026-06-02T11-24-07/report.md	2026-06-02	0	automated	TC-R06	PASS
/Users/sameralzubaidi/Desktop/kids_marketplace_app/e2e-test-results/2026-06-02T11-24-07/report.md	2026-06-02	0	automated	REG-R02	PASS
/Users/sameralzubaidi/Desktop/kids_marketplace_app/e2e-test-results/2026-06-02T11-24-07/report.md	2026-06-02	0	automated	TC-A04	PASS
/Users/sameralzubaidi/Desktop/kids_marketplace_app/e2e-test-results/2026-06-02T11-24-07/report.md	2026-06-02	0	automated	TC-B01	PASS
/Users/sameralzubaidi/Desktop/kids_marketplace_app/e2e-test-results/2026-06-02T11-24-07/report.md	2026-06-02	0	automated	TC-B03	PASS
/Users/sameralzubaidi/Desktop/kids_marketplace_app/e2e-test-results/2026-06-02T11-24-07/report.md	2026-06-02	0	automated	TC-B04	PASS
/Users/sameralzubaidi/Desktop/kids_marketplace_app/e2e-test-results/2026-06-02T11-24-07/report.md	2026-06-02	0	automated	TC-B05	PASS
/Users/sameralzubaidi/Desktop/kids_marketplace_app/e2e-test-results/2026-06-02T11-24-07/report.md	2026-06-02	0	automated	TC-R01	PASS
/Users/sameralzubaidi/Desktop/kids_marketplace_app/e2e-test-results/2026-06-02T11-24-07/report.md	2026-06-02	0	automated	TC-R02	PASS
/Users/sameralzubaidi/Desktop/kids_marketplace_app/e2e-test-results/2026-06-02T11-24-07/report.md	2026-06-02	0	automated	TC-R13	PASS
/Users/sameralzubaidi/Desktop/kids_marketplace_app/e2e-test-results/2026-06-02T11-24-07/report.md	2026-06-02	0	automated	REG-R05	PASS
/Users/sameralzubaidi/Desktop/kids_marketplace_app/e2e-test-results/2026-06-02T11-24-07/report.md	2026-06-02	0	automated	TC-D01	PASS
/Users/sameralzubaidi/Desktop/kids_marketplace_app/e2e-test-results/2026-06-02T11-24-07/report.md	2026-06-02	0	automated	TC-D02	PASS
/Users/sameralzubaidi/Desktop/kids_marketplace_app/e2e-test-results/2026-06-02T11-24-07/report.md	2026-06-02	0	automated	TC-D03	PASS
/Users/sameralzubaidi/Desktop/kids_marketplace_app/e2e-test-results/2026-06-02T11-24-07/report.md	2026-06-02	0	automated	TC-D04	PASS
/Users/sameralzubaidi/Desktop/kids_marketplace_app/e2e-test-results/2026-06-02T11-24-07/report.md	2026-06-02	0	automated	TC-D05	PASS
/Users/sameralzubaidi/Desktop/kids_marketplace_app/e2e-test-results/2026-06-02T11-24-07/report.md	2026-06-02	0	automated	REG-R06	PASS
/Users/sameralzubaidi/Desktop/kids_marketplace_app/e2e-test-results/2026-06-02T11-24-07/report.md	2026-06-02	0	automated	REG-R07	PASS
/Users/sameralzubaidi/Desktop/kids_marketplace_app/e2e-test-results/2026-06-02T11-24-07/report.md	2026-06-02	0	automated	TC-C01	PASS
/Users/sameralzubaidi/Desktop/kids_marketplace_app/e2e-test-results/2026-06-02T11-24-07/report.md	2026-06-02	0	automated	TC-C02	PASS
/Users/sameralzubaidi/Desktop/kids_marketplace_app/e2e-test-results/2026-06-02T11-24-07/report.md	2026-06-02	0	automated	TC-C04	PASS
/Users/sameralzubaidi/Desktop/kids_marketplace_app/e2e-test-results/2026-06-02T11-24-07/report.md	2026-06-02	0	automated	TC-C05	PASS
/Users/sameralzubaidi/Desktop/kids_marketplace_app/e2e-test-results/2026-06-02T11-24-07/report.md	2026-06-02	0	automated	TC-C06	PASS
/Users/sameralzubaidi/Desktop/kids_marketplace_app/e2e-test-results/2026-06-02T11-24-07/report.md	2026-06-02	0	automated	TC-R07	PASS
/Users/sameralzubaidi/Desktop/kids_marketplace_app/e2e-test-results/2026-06-02T11-24-07/report.md	2026-06-02	0	automated	REG-R08	PASS
/Users/sameralzubaidi/Desktop/kids_marketplace_app/e2e-test-results/2026-06-02T11-24-07/report.md	2026-06-02	0	automated	TC-C07	PASS
/Users/sameralzubaidi/Desktop/kids_marketplace_app/e2e-test-results/2026-06-02T11-24-07/report.md	2026-06-02	0	automated	TC-C08	PASS
/Users/sameralzubaidi/Desktop/kids_marketplace_app/e2e-test-results/2026-06-02T11-24-07/report.md	2026-06-02	0	automated	TC-A01	PASS
/Users/sameralzubaidi/Desktop/kids_marketplace_app/e2e-test-results/2026-06-02T11-24-07/report.md	2026-06-02	0	automated	TC-A02	PASS
/Users/sameralzubaidi/Desktop/kids_marketplace_app/e2e-test-results/2026-06-02T11-24-07/report.md	2026-06-02	0	automated	TC-A03	PASS
/Users/sameralzubaidi/Desktop/kids_marketplace_app/e2e-test-results/2026-06-02T11-24-07/report.md	2026-06-02	0	automated	TC-E01	PASS
/Users/sameralzubaidi/Desktop/kids_marketplace_app/e2e-test-results/2026-06-02T11-24-07/report.md	2026-06-02	0	automated	TC-E02	PASS
/Users/sameralzubaidi/Desktop/kids_marketplace_app/e2e-test-results/2026-06-02T11-24-07/report.md	2026-06-02	0	automated	TC-E03	PASS
/Users/sameralzubaidi/Desktop/kids_marketplace_app/e2e-test-results/2026-06-02T11-24-07/report.md	2026-06-02	0	automated	TC-E04	PASS
/Users/sameralzubaidi/Desktop/kids_marketplace_app/e2e-test-results/2026-06-02T11-24-07/report.md	2026-06-02	0	automated	TC-H01	PASS
/Users/sameralzubaidi/Desktop/kids_marketplace_app/e2e-test-results/2026-06-02T11-24-07/report.md	2026-06-02	0	automated	TC-H02	PASS
/Users/sameralzubaidi/Desktop/kids_marketplace_app/e2e-test-results/2026-06-02T11-24-07/report.md	2026-06-02	0	automated	TC-H03	PASS
/Users/sameralzubaidi/Desktop/kids_marketplace_app/e2e-test-results/2026-06-02T11-24-07/report.md	2026-06-02	0	automated	TC-H04	PASS
/Users/sameralzubaidi/Desktop/kids_marketplace_app/e2e-test-results/2026-06-02T11-24-07/report.md	2026-06-02	0	automated	TC-Q01	PASS
/Users/sameralzubaidi/Desktop/kids_marketplace_app/e2e-test-results/2026-06-02T11-24-07/report.md	2026-06-02	0	automated	TC-Q02	PASS
/Users/sameralzubaidi/Desktop/kids_marketplace_app/e2e-test-results/2026-06-02T11-24-07/report.md	2026-06-02	0	automated	TC-Q03	PASS
/Users/sameralzubaidi/Desktop/kids_marketplace_app/e2e-test-results/2026-06-02T11-24-07/report.md	2026-06-02	0	automated	TC-Q04	PASS
/Users/sameralzubaidi/Desktop/kids_marketplace_app/e2e-test-results/2026-06-02T11-24-07/report.md	2026-06-02	0	automated	TC-Q05	PASS
/Users/sameralzubaidi/Desktop/kids_marketplace_app/e2e-test-results/2026-06-02T11-24-07/report.md	2026-06-02	0	automated	TC-Q06	PASS
/Users/sameralzubaidi/Desktop/kids_marketplace_app/e2e-test-results/2026-06-02T11-24-07/report.md	2026-06-02	0	automated	TC-Q07	PASS
/Users/sameralzubaidi/Desktop/kids_marketplace_app/e2e-test-results/2026-06-02T11-24-07/report.md	2026-06-02	0	automated	TC-Q08	PASS
/Users/sameralzubaidi/Desktop/kids_marketplace_app/e2e-test-results/2026-06-02T11-24-07/report.md	2026-06-02	0	automated	TC-Q09	PASS
/Users/sameralzubaidi/Desktop/kids_marketplace_app/e2e-test-results/2026-06-02T11-24-07/report.md	2026-06-02	0	automated	TC-Q10	PASS
/Users/sameralzubaidi/Desktop/kids_marketplace_app/e2e-test-results/2026-06-02T11-24-07/report.md	2026-06-02	0	automated	TC-Q12	PASS
/Users/sameralzubaidi/Desktop/kids_marketplace_app/e2e-test-results/2026-06-02T11-24-07/report.md	2026-06-02	0	automated	TC-Q15	PASS
/Users/sameralzubaidi/Desktop/kids_marketplace_app/e2e-test-results/2026-06-02T11-24-07/report.md	2026-06-02	0	automated	TC-Q17	PASS
/Users/sameralzubaidi/Desktop/kids_marketplace_app/e2e-test-results/2026-06-02T11-24-07/report.md	2026-06-02	0	automated	TC-F01	PASS
/Users/sameralzubaidi/Desktop/kids_marketplace_app/e2e-test-results/2026-06-02T11-24-07/report.md	2026-06-02	0	automated	TC-F02	PASS
/Users/sameralzubaidi/Desktop/kids_marketplace_app/e2e-test-results/2026-06-02T11-24-07/report.md	2026-06-02	0	automated	TC-F03	PASS
/Users/sameralzubaidi/Desktop/kids_marketplace_app/e2e-test-results/2026-06-02T11-24-07/report.md	2026-06-02	0	automated	TC-R08	PASS
/Users/sameralzubaidi/Desktop/kids_marketplace_app/e2e-test-results/2026-06-02T11-24-07/report.md	2026-06-02	0	automated	TC-G04	PASS
/Users/sameralzubaidi/Desktop/kids_marketplace_app/e2e-test-results/2026-06-02T11-24-07/report.md	2026-06-02	0	automated	TC-I01	PASS
/Users/sameralzubaidi/Desktop/kids_marketplace_app/e2e-test-results/2026-06-02T11-24-07/report.md	2026-06-02	0	automated	TC-I02	PASS
/Users/sameralzubaidi/Desktop/kids_marketplace_app/e2e-test-results/2026-06-02T11-24-07/report.md	2026-06-02	0	automated	TC-I03	PASS
/Users/sameralzubaidi/Desktop/kids_marketplace_app/e2e-test-results/2026-06-02T11-24-07/report.md	2026-06-02	0	automated	TC-I04	PASS
/Users/sameralzubaidi/Desktop/kids_marketplace_app/e2e-test-results/2026-06-02T11-24-07/report.md	2026-06-02	0	automated	TC-I05	PASS
/Users/sameralzubaidi/Desktop/kids_marketplace_app/e2e-test-results/2026-06-02T11-24-07/report.md	2026-06-02	0	automated	TC-M01	PASS
/Users/sameralzubaidi/Desktop/kids_marketplace_app/e2e-test-results/2026-06-02T11-24-07/report.md	2026-06-02	0	automated	TC-M02	PASS
/Users/sameralzubaidi/Desktop/kids_marketplace_app/e2e-test-results/2026-06-02T11-24-07/report.md	2026-06-02	0	automated	TC-M03	PASS
/Users/sameralzubaidi/Desktop/kids_marketplace_app/e2e-test-results/2026-06-02T11-24-07/report.md	2026-06-02	0	automated	TC-M04	PASS
/Users/sameralzubaidi/Desktop/kids_marketplace_app/e2e-test-results/2026-06-02T11-24-07/report.md	2026-06-02	0	automated	TC-M05	PASS
/Users/sameralzubaidi/Desktop/kids_marketplace_app/e2e-test-results/2026-06-02T11-24-07/report.md	2026-06-02	0	automated	TC-M06	PASS
/Users/sameralzubaidi/Desktop/kids_marketplace_app/e2e-test-results/2026-06-02T11-24-07/report.md	2026-06-02	0	automated	TC-M07	PASS
/Users/sameralzubaidi/Desktop/kids_marketplace_app/e2e-test-results/2026-06-02T11-24-07/report.md	2026-06-02	0	automated	TC-M08	PASS
/Users/sameralzubaidi/Desktop/kids_marketplace_app/e2e-test-results/2026-06-02T11-24-07/report.md	2026-06-02	0	automated	TC-M09	PASS
/Users/sameralzubaidi/Desktop/kids_marketplace_app/e2e-test-results/2026-06-02T11-24-07/report.md	2026-06-02	0	automated	TC-M10	PASS
/Users/sameralzubaidi/Desktop/kids_marketplace_app/e2e-test-results/2026-06-02T11-24-07/report.md	2026-06-02	0	automated	TC-M11	PASS
/Users/sameralzubaidi/Desktop/kids_marketplace_app/e2e-test-results/2026-06-02T11-24-07/report.md	2026-06-02	0	automated	TC-M12	PASS
/Users/sameralzubaidi/Desktop/kids_marketplace_app/e2e-test-results/2026-06-02T11-24-07/report.md	2026-06-02	0	automated	TC-M14	PASS
/Users/sameralzubaidi/Desktop/kids_marketplace_app/e2e-test-results/2026-06-02T11-24-07/report.md	2026-06-02	0	automated	TC-M15	PASS
/Users/sameralzubaidi/Desktop/kids_marketplace_app/e2e-test-results/2026-06-02T11-24-07/report.md	2026-06-02	0	automated	TC-O01	PASS
/Users/sameralzubaidi/Desktop/kids_marketplace_app/e2e-test-results/2026-06-02T11-24-07/report.md	2026-06-02	0	automated	TC-O02	PASS
/Users/sameralzubaidi/Desktop/kids_marketplace_app/e2e-test-results/2026-06-02T11-24-07/report.md	2026-06-02	0	automated	TC-O03	PASS
/Users/sameralzubaidi/Desktop/kids_marketplace_app/e2e-test-results/2026-06-02T11-24-07/report.md	2026-06-02	0	automated	TC-O04	PASS
/Users/sameralzubaidi/Desktop/kids_marketplace_app/e2e-test-results/2026-06-02T11-24-07/report.md	2026-06-02	0	automated	TC-O05	PASS
/Users/sameralzubaidi/Desktop/kids_marketplace_app/e2e-test-results/2026-06-02T11-24-07/report.md	2026-06-02	0	automated	TC-O06	PASS
/Users/sameralzubaidi/Desktop/kids_marketplace_app/e2e-test-results/2026-06-02T11-24-07/report.md	2026-06-02	0	automated	TC-O07	PASS
/Users/sameralzubaidi/Desktop/kids_marketplace_app/e2e-test-results/2026-06-02T11-24-07/report.md	2026-06-02	0	automated	TC-B02	SKIPPED
/Users/sameralzubaidi/Desktop/kids_marketplace_app/e2e-test-results/2026-06-02T11-24-07/report.md	2026-06-02	0	automated	TC-B06	SKIPPED
/Users/sameralzubaidi/Desktop/kids_marketplace_app/e2e-test-results/2026-06-02T11-24-07/report.md	2026-06-02	0	automated	TC-C03	SKIPPED
/Users/sameralzubaidi/Desktop/kids_marketplace_app/e2e-test-results/2026-06-02T11-24-07/report.md	2026-06-02	0	automated	TC-G01	SKIPPED
/Users/sameralzubaidi/Desktop/kids_marketplace_app/e2e-test-results/2026-06-02T11-24-07/report.md	2026-06-02	0	automated	TC-G02	SKIPPED
/Users/sameralzubaidi/Desktop/kids_marketplace_app/e2e-test-results/2026-06-02T11-24-07/report.md	2026-06-02	0	automated	TC-G03	SKIPPED
/Users/sameralzubaidi/Desktop/kids_marketplace_app/e2e-test-results/2026-06-02T11-24-07/report.md	2026-06-02	0	automated	TC-M13	SKIPPED
/Users/sameralzubaidi/Desktop/kids_marketplace_app/e2e-test-results/2026-06-02T11-24-07/report.md	2026-06-02	0	automated	TC-Q11	SKIPPED
/Users/sameralzubaidi/Desktop/kids_marketplace_app/e2e-test-results/2026-06-02T11-24-07/report.md	2026-06-02	0	automated	TC-Q13	SKIPPED
/Users/sameralzubaidi/Desktop/kids_marketplace_app/e2e-test-results/2026-06-02T11-24-07/report.md	2026-06-02	0	automated	TC-Q14	SKIPPED
/Users/sameralzubaidi/Desktop/kids_marketplace_app/e2e-test-results/2026-06-02T11-24-07/report.md	2026-06-02	0	automated	TC-Q16	SKIPPED
/Users/sameralzubaidi/Desktop/kids_marketplace_app/e2e-test-results/2026-06-02T11-24-07/report.md	2026-06-02	0	automated	TC-R03	SKIPPED
/Users/sameralzubaidi/Desktop/kids_marketplace_app/e2e-test-results/2026-06-02T11-24-07/report.md	2026-06-02	0	automated	TC-R04	SKIPPED
/Users/sameralzubaidi/Desktop/kids_marketplace_app/e2e-test-results/2026-06-02T11-24-07/report.md	2026-06-02	0	automated	TC-R11	SKIPPED
/Users/sameralzubaidi/Desktop/kids_marketplace_app/e2e-test-results/2026-06-02T11-24-07/report.md	2026-06-02	0	automated	TC-R12	SKIPPED
/Users/sameralzubaidi/Desktop/kids_marketplace_app/e2e-test-results/2026-06-02T11-32-53/report.md	2026-06-02	0	automated	REG-R01	PASS
/Users/sameralzubaidi/Desktop/kids_marketplace_app/e2e-test-results/2026-06-02T11-32-53/report.md	2026-06-02	0	automated	REG-R03	PASS
/Users/sameralzubaidi/Desktop/kids_marketplace_app/e2e-test-results/2026-06-02T11-32-53/report.md	2026-06-02	0	automated	REG-R04	PASS
/Users/sameralzubaidi/Desktop/kids_marketplace_app/e2e-test-results/2026-06-02T11-32-53/report.md	2026-06-02	0	automated	TC-J01	PASS
/Users/sameralzubaidi/Desktop/kids_marketplace_app/e2e-test-results/2026-06-02T11-32-53/report.md	2026-06-02	0	automated	TC-J02	PASS
/Users/sameralzubaidi/Desktop/kids_marketplace_app/e2e-test-results/2026-06-02T11-32-53/report.md	2026-06-02	0	automated	TC-J03	PASS
/Users/sameralzubaidi/Desktop/kids_marketplace_app/e2e-test-results/2026-06-02T11-32-53/report.md	2026-06-02	0	automated	TC-J04	PASS
/Users/sameralzubaidi/Desktop/kids_marketplace_app/e2e-test-results/2026-06-02T11-32-53/report.md	2026-06-02	0	automated	TC-J05	PASS
/Users/sameralzubaidi/Desktop/kids_marketplace_app/e2e-test-results/2026-06-02T11-32-53/report.md	2026-06-02	0	automated	TC-K01	PASS
/Users/sameralzubaidi/Desktop/kids_marketplace_app/e2e-test-results/2026-06-02T11-32-53/report.md	2026-06-02	0	automated	TC-K02	PASS
/Users/sameralzubaidi/Desktop/kids_marketplace_app/e2e-test-results/2026-06-02T11-32-53/report.md	2026-06-02	0	automated	TC-K03	PASS
/Users/sameralzubaidi/Desktop/kids_marketplace_app/e2e-test-results/2026-06-02T11-32-53/report.md	2026-06-02	0	automated	TC-L01	PASS
/Users/sameralzubaidi/Desktop/kids_marketplace_app/e2e-test-results/2026-06-02T11-32-53/report.md	2026-06-02	0	automated	TC-L02	PASS
/Users/sameralzubaidi/Desktop/kids_marketplace_app/e2e-test-results/2026-06-02T11-32-53/report.md	2026-06-02	0	automated	TC-L03	PASS
/Users/sameralzubaidi/Desktop/kids_marketplace_app/e2e-test-results/2026-06-02T11-32-53/report.md	2026-06-02	0	automated	TC-L04	PASS
/Users/sameralzubaidi/Desktop/kids_marketplace_app/e2e-test-results/2026-06-02T11-32-53/report.md	2026-06-02	0	automated	TC-L05	PASS
/Users/sameralzubaidi/Desktop/kids_marketplace_app/e2e-test-results/2026-06-02T11-32-53/report.md	2026-06-02	0	automated	TC-L06	PASS
/Users/sameralzubaidi/Desktop/kids_marketplace_app/e2e-test-results/2026-06-02T11-32-53/report.md	2026-06-02	0	automated	TC-L07	PASS
/Users/sameralzubaidi/Desktop/kids_marketplace_app/e2e-test-results/2026-06-02T11-32-53/report.md	2026-06-02	0	automated	TC-L08	PASS
/Users/sameralzubaidi/Desktop/kids_marketplace_app/e2e-test-results/2026-06-02T11-32-53/report.md	2026-06-02	0	automated	TC-R05	PASS
/Users/sameralzubaidi/Desktop/kids_marketplace_app/e2e-test-results/2026-06-02T11-32-53/report.md	2026-06-02	0	automated	TC-R06	PASS
/Users/sameralzubaidi/Desktop/kids_marketplace_app/e2e-test-results/2026-06-02T11-32-53/report.md	2026-06-02	0	automated	REG-R02	FAIL
/Users/sameralzubaidi/Desktop/kids_marketplace_app/e2e-test-results/2026-06-02T11-32-53/report.md	2026-06-02	0	automated	TC-A04	FAIL
/Users/sameralzubaidi/Desktop/kids_marketplace_app/e2e-test-results/2026-06-02T11-32-53/report.md	2026-06-02	0	automated	TC-B01	FAIL
/Users/sameralzubaidi/Desktop/kids_marketplace_app/e2e-test-results/2026-06-02T11-32-53/report.md	2026-06-02	0	automated	TC-B03	FAIL
/Users/sameralzubaidi/Desktop/kids_marketplace_app/e2e-test-results/2026-06-02T11-32-53/report.md	2026-06-02	0	automated	TC-B04	FAIL
/Users/sameralzubaidi/Desktop/kids_marketplace_app/e2e-test-results/2026-06-02T11-32-53/report.md	2026-06-02	0	automated	TC-B05	FAIL
/Users/sameralzubaidi/Desktop/kids_marketplace_app/e2e-test-results/2026-06-02T11-32-53/report.md	2026-06-02	0	automated	TC-R01	FAIL
/Users/sameralzubaidi/Desktop/kids_marketplace_app/e2e-test-results/2026-06-02T11-32-53/report.md	2026-06-02	0	automated	TC-R02	FAIL
/Users/sameralzubaidi/Desktop/kids_marketplace_app/e2e-test-results/2026-06-02T11-32-53/report.md	2026-06-02	0	automated	TC-R13	FAIL
/Users/sameralzubaidi/Desktop/kids_marketplace_app/e2e-test-results/2026-06-02T11-32-53/report.md	2026-06-02	0	automated	REG-R05	PASS
/Users/sameralzubaidi/Desktop/kids_marketplace_app/e2e-test-results/2026-06-02T11-32-53/report.md	2026-06-02	0	automated	TC-D01	PASS
/Users/sameralzubaidi/Desktop/kids_marketplace_app/e2e-test-results/2026-06-02T11-32-53/report.md	2026-06-02	0	automated	TC-D02	PASS
/Users/sameralzubaidi/Desktop/kids_marketplace_app/e2e-test-results/2026-06-02T11-32-53/report.md	2026-06-02	0	automated	TC-D03	PASS
/Users/sameralzubaidi/Desktop/kids_marketplace_app/e2e-test-results/2026-06-02T11-32-53/report.md	2026-06-02	0	automated	TC-D04	PASS
/Users/sameralzubaidi/Desktop/kids_marketplace_app/e2e-test-results/2026-06-02T11-32-53/report.md	2026-06-02	0	automated	TC-D05	PASS
/Users/sameralzubaidi/Desktop/kids_marketplace_app/e2e-test-results/2026-06-02T11-32-53/report.md	2026-06-02	0	automated	REG-R06	FAIL
/Users/sameralzubaidi/Desktop/kids_marketplace_app/e2e-test-results/2026-06-02T11-32-53/report.md	2026-06-02	0	automated	REG-R07	FAIL
/Users/sameralzubaidi/Desktop/kids_marketplace_app/e2e-test-results/2026-06-02T11-32-53/report.md	2026-06-02	0	automated	TC-C01	FAIL
/Users/sameralzubaidi/Desktop/kids_marketplace_app/e2e-test-results/2026-06-02T11-32-53/report.md	2026-06-02	0	automated	TC-C02	FAIL
/Users/sameralzubaidi/Desktop/kids_marketplace_app/e2e-test-results/2026-06-02T11-32-53/report.md	2026-06-02	0	automated	TC-C04	FAIL
/Users/sameralzubaidi/Desktop/kids_marketplace_app/e2e-test-results/2026-06-02T11-32-53/report.md	2026-06-02	0	automated	TC-C05	FAIL
/Users/sameralzubaidi/Desktop/kids_marketplace_app/e2e-test-results/2026-06-02T11-32-53/report.md	2026-06-02	0	automated	TC-C06	FAIL
/Users/sameralzubaidi/Desktop/kids_marketplace_app/e2e-test-results/2026-06-02T11-32-53/report.md	2026-06-02	0	automated	TC-R07	FAIL
/Users/sameralzubaidi/Desktop/kids_marketplace_app/e2e-test-results/2026-06-02T11-32-53/report.md	2026-06-02	0	automated	REG-R08	FAIL
/Users/sameralzubaidi/Desktop/kids_marketplace_app/e2e-test-results/2026-06-02T11-32-53/report.md	2026-06-02	0	automated	TC-C07	FAIL
/Users/sameralzubaidi/Desktop/kids_marketplace_app/e2e-test-results/2026-06-02T11-32-53/report.md	2026-06-02	0	automated	TC-C08	FAIL
/Users/sameralzubaidi/Desktop/kids_marketplace_app/e2e-test-results/2026-06-02T11-32-53/report.md	2026-06-02	0	automated	TC-A01	FAIL
/Users/sameralzubaidi/Desktop/kids_marketplace_app/e2e-test-results/2026-06-02T11-32-53/report.md	2026-06-02	0	automated	TC-A02	FAIL
/Users/sameralzubaidi/Desktop/kids_marketplace_app/e2e-test-results/2026-06-02T11-32-53/report.md	2026-06-02	0	automated	TC-A03	FAIL
/Users/sameralzubaidi/Desktop/kids_marketplace_app/e2e-test-results/2026-06-02T11-32-53/report.md	2026-06-02	0	automated	TC-E01	FAIL
/Users/sameralzubaidi/Desktop/kids_marketplace_app/e2e-test-results/2026-06-02T11-32-53/report.md	2026-06-02	0	automated	TC-E02	FAIL
/Users/sameralzubaidi/Desktop/kids_marketplace_app/e2e-test-results/2026-06-02T11-32-53/report.md	2026-06-02	0	automated	TC-E03	FAIL
/Users/sameralzubaidi/Desktop/kids_marketplace_app/e2e-test-results/2026-06-02T11-32-53/report.md	2026-06-02	0	automated	TC-E04	FAIL
/Users/sameralzubaidi/Desktop/kids_marketplace_app/e2e-test-results/2026-06-02T11-32-53/report.md	2026-06-02	0	automated	TC-H01	FAIL
/Users/sameralzubaidi/Desktop/kids_marketplace_app/e2e-test-results/2026-06-02T11-32-53/report.md	2026-06-02	0	automated	TC-H02	FAIL
/Users/sameralzubaidi/Desktop/kids_marketplace_app/e2e-test-results/2026-06-02T11-32-53/report.md	2026-06-02	0	automated	TC-H03	FAIL
/Users/sameralzubaidi/Desktop/kids_marketplace_app/e2e-test-results/2026-06-02T11-32-53/report.md	2026-06-02	0	automated	TC-H04	FAIL
/Users/sameralzubaidi/Desktop/kids_marketplace_app/e2e-test-results/2026-06-02T11-32-53/report.md	2026-06-02	0	automated	TC-Q01	FAIL
/Users/sameralzubaidi/Desktop/kids_marketplace_app/e2e-test-results/2026-06-02T11-32-53/report.md	2026-06-02	0	automated	TC-Q02	FAIL
/Users/sameralzubaidi/Desktop/kids_marketplace_app/e2e-test-results/2026-06-02T11-32-53/report.md	2026-06-02	0	automated	TC-Q03	FAIL
/Users/sameralzubaidi/Desktop/kids_marketplace_app/e2e-test-results/2026-06-02T11-32-53/report.md	2026-06-02	0	automated	TC-Q04	FAIL
/Users/sameralzubaidi/Desktop/kids_marketplace_app/e2e-test-results/2026-06-02T11-32-53/report.md	2026-06-02	0	automated	TC-Q05	FAIL
/Users/sameralzubaidi/Desktop/kids_marketplace_app/e2e-test-results/2026-06-02T11-32-53/report.md	2026-06-02	0	automated	TC-Q06	FAIL
/Users/sameralzubaidi/Desktop/kids_marketplace_app/e2e-test-results/2026-06-02T11-32-53/report.md	2026-06-02	0	automated	TC-Q07	FAIL
/Users/sameralzubaidi/Desktop/kids_marketplace_app/e2e-test-results/2026-06-02T11-32-53/report.md	2026-06-02	0	automated	TC-Q08	FAIL
/Users/sameralzubaidi/Desktop/kids_marketplace_app/e2e-test-results/2026-06-02T11-32-53/report.md	2026-06-02	0	automated	TC-Q09	FAIL
/Users/sameralzubaidi/Desktop/kids_marketplace_app/e2e-test-results/2026-06-02T11-32-53/report.md	2026-06-02	0	automated	TC-Q10	FAIL
/Users/sameralzubaidi/Desktop/kids_marketplace_app/e2e-test-results/2026-06-02T11-32-53/report.md	2026-06-02	0	automated	TC-Q12	FAIL
/Users/sameralzubaidi/Desktop/kids_marketplace_app/e2e-test-results/2026-06-02T11-32-53/report.md	2026-06-02	0	automated	TC-Q15	FAIL
/Users/sameralzubaidi/Desktop/kids_marketplace_app/e2e-test-results/2026-06-02T11-32-53/report.md	2026-06-02	0	automated	TC-Q17	FAIL
/Users/sameralzubaidi/Desktop/kids_marketplace_app/e2e-test-results/2026-06-02T11-32-53/report.md	2026-06-02	0	automated	TC-F01	FAIL
/Users/sameralzubaidi/Desktop/kids_marketplace_app/e2e-test-results/2026-06-02T11-32-53/report.md	2026-06-02	0	automated	TC-F02	FAIL
/Users/sameralzubaidi/Desktop/kids_marketplace_app/e2e-test-results/2026-06-02T11-32-53/report.md	2026-06-02	0	automated	TC-F03	FAIL
/Users/sameralzubaidi/Desktop/kids_marketplace_app/e2e-test-results/2026-06-02T11-32-53/report.md	2026-06-02	0	automated	TC-R08	FAIL
/Users/sameralzubaidi/Desktop/kids_marketplace_app/e2e-test-results/2026-06-02T11-32-53/report.md	2026-06-02	0	automated	TC-G04	PASS
/Users/sameralzubaidi/Desktop/kids_marketplace_app/e2e-test-results/2026-06-02T11-32-53/report.md	2026-06-02	0	automated	TC-I01	FAIL
/Users/sameralzubaidi/Desktop/kids_marketplace_app/e2e-test-results/2026-06-02T11-32-53/report.md	2026-06-02	0	automated	TC-I02	FAIL
/Users/sameralzubaidi/Desktop/kids_marketplace_app/e2e-test-results/2026-06-02T11-32-53/report.md	2026-06-02	0	automated	TC-I03	FAIL
/Users/sameralzubaidi/Desktop/kids_marketplace_app/e2e-test-results/2026-06-02T11-32-53/report.md	2026-06-02	0	automated	TC-I04	FAIL
/Users/sameralzubaidi/Desktop/kids_marketplace_app/e2e-test-results/2026-06-02T11-32-53/report.md	2026-06-02	0	automated	TC-I05	FAIL
/Users/sameralzubaidi/Desktop/kids_marketplace_app/e2e-test-results/2026-06-02T11-32-53/report.md	2026-06-02	0	automated	TC-M01	FAIL
/Users/sameralzubaidi/Desktop/kids_marketplace_app/e2e-test-results/2026-06-02T11-32-53/report.md	2026-06-02	0	automated	TC-M02	FAIL
/Users/sameralzubaidi/Desktop/kids_marketplace_app/e2e-test-results/2026-06-02T11-32-53/report.md	2026-06-02	0	automated	TC-M03	FAIL
/Users/sameralzubaidi/Desktop/kids_marketplace_app/e2e-test-results/2026-06-02T11-32-53/report.md	2026-06-02	0	automated	TC-M04	FAIL
/Users/sameralzubaidi/Desktop/kids_marketplace_app/e2e-test-results/2026-06-02T11-32-53/report.md	2026-06-02	0	automated	TC-M05	FAIL
/Users/sameralzubaidi/Desktop/kids_marketplace_app/e2e-test-results/2026-06-02T11-32-53/report.md	2026-06-02	0	automated	TC-M06	FAIL
/Users/sameralzubaidi/Desktop/kids_marketplace_app/e2e-test-results/2026-06-02T11-32-53/report.md	2026-06-02	0	automated	TC-M07	FAIL
/Users/sameralzubaidi/Desktop/kids_marketplace_app/e2e-test-results/2026-06-02T11-32-53/report.md	2026-06-02	0	automated	TC-M08	FAIL
/Users/sameralzubaidi/Desktop/kids_marketplace_app/e2e-test-results/2026-06-02T11-32-53/report.md	2026-06-02	0	automated	TC-M09	FAIL
/Users/sameralzubaidi/Desktop/kids_marketplace_app/e2e-test-results/2026-06-02T11-32-53/report.md	2026-06-02	0	automated	TC-M10	FAIL
/Users/sameralzubaidi/Desktop/kids_marketplace_app/e2e-test-results/2026-06-02T11-32-53/report.md	2026-06-02	0	automated	TC-M11	FAIL
/Users/sameralzubaidi/Desktop/kids_marketplace_app/e2e-test-results/2026-06-02T11-32-53/report.md	2026-06-02	0	automated	TC-M12	FAIL
/Users/sameralzubaidi/Desktop/kids_marketplace_app/e2e-test-results/2026-06-02T11-32-53/report.md	2026-06-02	0	automated	TC-M14	FAIL
/Users/sameralzubaidi/Desktop/kids_marketplace_app/e2e-test-results/2026-06-02T11-32-53/report.md	2026-06-02	0	automated	TC-M15	FAIL
/Users/sameralzubaidi/Desktop/kids_marketplace_app/e2e-test-results/2026-06-02T11-32-53/report.md	2026-06-02	0	automated	TC-O01	FAIL
/Users/sameralzubaidi/Desktop/kids_marketplace_app/e2e-test-results/2026-06-02T11-32-53/report.md	2026-06-02	0	automated	TC-O02	FAIL
/Users/sameralzubaidi/Desktop/kids_marketplace_app/e2e-test-results/2026-06-02T11-32-53/report.md	2026-06-02	0	automated	TC-O03	FAIL
/Users/sameralzubaidi/Desktop/kids_marketplace_app/e2e-test-results/2026-06-02T11-32-53/report.md	2026-06-02	0	automated	TC-O04	FAIL
/Users/sameralzubaidi/Desktop/kids_marketplace_app/e2e-test-results/2026-06-02T11-32-53/report.md	2026-06-02	0	automated	TC-O05	FAIL
/Users/sameralzubaidi/Desktop/kids_marketplace_app/e2e-test-results/2026-06-02T11-32-53/report.md	2026-06-02	0	automated	TC-O06	FAIL
/Users/sameralzubaidi/Desktop/kids_marketplace_app/e2e-test-results/2026-06-02T11-32-53/report.md	2026-06-02	0	automated	TC-O07	FAIL
/Users/sameralzubaidi/Desktop/kids_marketplace_app/e2e-test-results/2026-06-02T11-32-53/report.md	2026-06-02	0	automated	TC-B02	SKIPPED
/Users/sameralzubaidi/Desktop/kids_marketplace_app/e2e-test-results/2026-06-02T11-32-53/report.md	2026-06-02	0	automated	TC-B06	SKIPPED
/Users/sameralzubaidi/Desktop/kids_marketplace_app/e2e-test-results/2026-06-02T11-32-53/report.md	2026-06-02	0	automated	TC-C03	SKIPPED
/Users/sameralzubaidi/Desktop/kids_marketplace_app/e2e-test-results/2026-06-02T11-32-53/report.md	2026-06-02	0	automated	TC-G01	SKIPPED
/Users/sameralzubaidi/Desktop/kids_marketplace_app/e2e-test-results/2026-06-02T11-32-53/report.md	2026-06-02	0	automated	TC-G02	SKIPPED
/Users/sameralzubaidi/Desktop/kids_marketplace_app/e2e-test-results/2026-06-02T11-32-53/report.md	2026-06-02	0	automated	TC-G03	SKIPPED
/Users/sameralzubaidi/Desktop/kids_marketplace_app/e2e-test-results/2026-06-02T11-32-53/report.md	2026-06-02	0	automated	TC-M13	SKIPPED
/Users/sameralzubaidi/Desktop/kids_marketplace_app/e2e-test-results/2026-06-02T11-32-53/report.md	2026-06-02	0	automated	TC-Q11	SKIPPED
/Users/sameralzubaidi/Desktop/kids_marketplace_app/e2e-test-results/2026-06-02T11-32-53/report.md	2026-06-02	0	automated	TC-Q13	SKIPPED
/Users/sameralzubaidi/Desktop/kids_marketplace_app/e2e-test-results/2026-06-02T11-32-53/report.md	2026-06-02	0	automated	TC-Q14	SKIPPED
/Users/sameralzubaidi/Desktop/kids_marketplace_app/e2e-test-results/2026-06-02T11-32-53/report.md	2026-06-02	0	automated	TC-Q16	SKIPPED
/Users/sameralzubaidi/Desktop/kids_marketplace_app/e2e-test-results/2026-06-02T11-32-53/report.md	2026-06-02	0	automated	TC-R03	SKIPPED
/Users/sameralzubaidi/Desktop/kids_marketplace_app/e2e-test-results/2026-06-02T11-32-53/report.md	2026-06-02	0	automated	TC-R04	SKIPPED
/Users/sameralzubaidi/Desktop/kids_marketplace_app/e2e-test-results/2026-06-02T11-32-53/report.md	2026-06-02	0	automated	TC-R11	SKIPPED
/Users/sameralzubaidi/Desktop/kids_marketplace_app/e2e-test-results/2026-06-02T11-32-53/report.md	2026-06-02	0	automated	TC-R12	SKIPPED
/Users/sameralzubaidi/Desktop/kids_marketplace_app/e2e-test-results/2026-06-02T12-16-02/report.md	2026-06-02	0	automated	REG-R01	PASS
/Users/sameralzubaidi/Desktop/kids_marketplace_app/e2e-test-results/2026-06-02T12-16-02/report.md	2026-06-02	0	automated	REG-R03	PASS
/Users/sameralzubaidi/Desktop/kids_marketplace_app/e2e-test-results/2026-06-02T12-16-02/report.md	2026-06-02	0	automated	REG-R04	PASS
/Users/sameralzubaidi/Desktop/kids_marketplace_app/e2e-test-results/2026-06-02T12-16-02/report.md	2026-06-02	0	automated	TC-J01	PASS
/Users/sameralzubaidi/Desktop/kids_marketplace_app/e2e-test-results/2026-06-02T12-16-02/report.md	2026-06-02	0	automated	TC-J02	PASS
/Users/sameralzubaidi/Desktop/kids_marketplace_app/e2e-test-results/2026-06-02T12-16-02/report.md	2026-06-02	0	automated	TC-J03	PASS
/Users/sameralzubaidi/Desktop/kids_marketplace_app/e2e-test-results/2026-06-02T12-16-02/report.md	2026-06-02	0	automated	TC-J04	PASS
/Users/sameralzubaidi/Desktop/kids_marketplace_app/e2e-test-results/2026-06-02T12-16-02/report.md	2026-06-02	0	automated	TC-J05	PASS
/Users/sameralzubaidi/Desktop/kids_marketplace_app/e2e-test-results/2026-06-02T12-16-02/report.md	2026-06-02	0	automated	TC-K01	PASS
/Users/sameralzubaidi/Desktop/kids_marketplace_app/e2e-test-results/2026-06-02T12-16-02/report.md	2026-06-02	0	automated	TC-K02	PASS
/Users/sameralzubaidi/Desktop/kids_marketplace_app/e2e-test-results/2026-06-02T12-16-02/report.md	2026-06-02	0	automated	TC-K03	PASS
/Users/sameralzubaidi/Desktop/kids_marketplace_app/e2e-test-results/2026-06-02T12-16-02/report.md	2026-06-02	0	automated	TC-L01	PASS
/Users/sameralzubaidi/Desktop/kids_marketplace_app/e2e-test-results/2026-06-02T12-16-02/report.md	2026-06-02	0	automated	TC-L02	PASS
/Users/sameralzubaidi/Desktop/kids_marketplace_app/e2e-test-results/2026-06-02T12-16-02/report.md	2026-06-02	0	automated	TC-L03	PASS
/Users/sameralzubaidi/Desktop/kids_marketplace_app/e2e-test-results/2026-06-02T12-16-02/report.md	2026-06-02	0	automated	TC-L04	PASS
/Users/sameralzubaidi/Desktop/kids_marketplace_app/e2e-test-results/2026-06-02T12-16-02/report.md	2026-06-02	0	automated	TC-L05	PASS
/Users/sameralzubaidi/Desktop/kids_marketplace_app/e2e-test-results/2026-06-02T12-16-02/report.md	2026-06-02	0	automated	TC-L06	PASS
/Users/sameralzubaidi/Desktop/kids_marketplace_app/e2e-test-results/2026-06-02T12-16-02/report.md	2026-06-02	0	automated	TC-L07	PASS
/Users/sameralzubaidi/Desktop/kids_marketplace_app/e2e-test-results/2026-06-02T12-16-02/report.md	2026-06-02	0	automated	TC-L08	PASS
/Users/sameralzubaidi/Desktop/kids_marketplace_app/e2e-test-results/2026-06-02T12-16-02/report.md	2026-06-02	0	automated	TC-R05	PASS
/Users/sameralzubaidi/Desktop/kids_marketplace_app/e2e-test-results/2026-06-02T12-16-02/report.md	2026-06-02	0	automated	TC-R06	PASS
/Users/sameralzubaidi/Desktop/kids_marketplace_app/e2e-test-results/2026-06-02T12-16-02/report.md	2026-06-02	0	automated	REG-R02	PASS
/Users/sameralzubaidi/Desktop/kids_marketplace_app/e2e-test-results/2026-06-02T12-16-02/report.md	2026-06-02	0	automated	TC-A04	PASS
/Users/sameralzubaidi/Desktop/kids_marketplace_app/e2e-test-results/2026-06-02T12-16-02/report.md	2026-06-02	0	automated	TC-B01	PASS
/Users/sameralzubaidi/Desktop/kids_marketplace_app/e2e-test-results/2026-06-02T12-16-02/report.md	2026-06-02	0	automated	TC-B03	PASS
/Users/sameralzubaidi/Desktop/kids_marketplace_app/e2e-test-results/2026-06-02T12-16-02/report.md	2026-06-02	0	automated	TC-B04	PASS
/Users/sameralzubaidi/Desktop/kids_marketplace_app/e2e-test-results/2026-06-02T12-16-02/report.md	2026-06-02	0	automated	TC-B05	PASS
/Users/sameralzubaidi/Desktop/kids_marketplace_app/e2e-test-results/2026-06-02T12-16-02/report.md	2026-06-02	0	automated	TC-R01	PASS
/Users/sameralzubaidi/Desktop/kids_marketplace_app/e2e-test-results/2026-06-02T12-16-02/report.md	2026-06-02	0	automated	TC-R02	PASS
/Users/sameralzubaidi/Desktop/kids_marketplace_app/e2e-test-results/2026-06-02T12-16-02/report.md	2026-06-02	0	automated	TC-R13	PASS
/Users/sameralzubaidi/Desktop/kids_marketplace_app/e2e-test-results/2026-06-02T12-16-02/report.md	2026-06-02	0	automated	REG-R05	PASS
/Users/sameralzubaidi/Desktop/kids_marketplace_app/e2e-test-results/2026-06-02T12-16-02/report.md	2026-06-02	0	automated	TC-D01	PASS
/Users/sameralzubaidi/Desktop/kids_marketplace_app/e2e-test-results/2026-06-02T12-16-02/report.md	2026-06-02	0	automated	TC-D02	PASS
/Users/sameralzubaidi/Desktop/kids_marketplace_app/e2e-test-results/2026-06-02T12-16-02/report.md	2026-06-02	0	automated	TC-D03	PASS
/Users/sameralzubaidi/Desktop/kids_marketplace_app/e2e-test-results/2026-06-02T12-16-02/report.md	2026-06-02	0	automated	TC-D04	PASS
/Users/sameralzubaidi/Desktop/kids_marketplace_app/e2e-test-results/2026-06-02T12-16-02/report.md	2026-06-02	0	automated	TC-D05	PASS
/Users/sameralzubaidi/Desktop/kids_marketplace_app/e2e-test-results/2026-06-02T12-16-02/report.md	2026-06-02	0	automated	REG-R06	PASS
/Users/sameralzubaidi/Desktop/kids_marketplace_app/e2e-test-results/2026-06-02T12-16-02/report.md	2026-06-02	0	automated	REG-R07	PASS
/Users/sameralzubaidi/Desktop/kids_marketplace_app/e2e-test-results/2026-06-02T12-16-02/report.md	2026-06-02	0	automated	TC-C01	PASS
/Users/sameralzubaidi/Desktop/kids_marketplace_app/e2e-test-results/2026-06-02T12-16-02/report.md	2026-06-02	0	automated	TC-C02	PASS
/Users/sameralzubaidi/Desktop/kids_marketplace_app/e2e-test-results/2026-06-02T12-16-02/report.md	2026-06-02	0	automated	TC-C04	PASS
/Users/sameralzubaidi/Desktop/kids_marketplace_app/e2e-test-results/2026-06-02T12-16-02/report.md	2026-06-02	0	automated	TC-C05	PASS
/Users/sameralzubaidi/Desktop/kids_marketplace_app/e2e-test-results/2026-06-02T12-16-02/report.md	2026-06-02	0	automated	TC-C06	PASS
/Users/sameralzubaidi/Desktop/kids_marketplace_app/e2e-test-results/2026-06-02T12-16-02/report.md	2026-06-02	0	automated	TC-R07	PASS
/Users/sameralzubaidi/Desktop/kids_marketplace_app/e2e-test-results/2026-06-02T12-16-02/report.md	2026-06-02	0	automated	REG-R08	PASS
/Users/sameralzubaidi/Desktop/kids_marketplace_app/e2e-test-results/2026-06-02T12-16-02/report.md	2026-06-02	0	automated	TC-C07	PASS
/Users/sameralzubaidi/Desktop/kids_marketplace_app/e2e-test-results/2026-06-02T12-16-02/report.md	2026-06-02	0	automated	TC-C08	PASS
/Users/sameralzubaidi/Desktop/kids_marketplace_app/e2e-test-results/2026-06-02T12-16-02/report.md	2026-06-02	0	automated	TC-A01	PASS
/Users/sameralzubaidi/Desktop/kids_marketplace_app/e2e-test-results/2026-06-02T12-16-02/report.md	2026-06-02	0	automated	TC-A02	PASS
/Users/sameralzubaidi/Desktop/kids_marketplace_app/e2e-test-results/2026-06-02T12-16-02/report.md	2026-06-02	0	automated	TC-A03	PASS
/Users/sameralzubaidi/Desktop/kids_marketplace_app/e2e-test-results/2026-06-02T12-16-02/report.md	2026-06-02	0	automated	TC-E01	PASS
/Users/sameralzubaidi/Desktop/kids_marketplace_app/e2e-test-results/2026-06-02T12-16-02/report.md	2026-06-02	0	automated	TC-E02	PASS
/Users/sameralzubaidi/Desktop/kids_marketplace_app/e2e-test-results/2026-06-02T12-16-02/report.md	2026-06-02	0	automated	TC-E03	PASS
/Users/sameralzubaidi/Desktop/kids_marketplace_app/e2e-test-results/2026-06-02T12-16-02/report.md	2026-06-02	0	automated	TC-E04	PASS
/Users/sameralzubaidi/Desktop/kids_marketplace_app/e2e-test-results/2026-06-02T12-16-02/report.md	2026-06-02	0	automated	TC-H01	PASS
/Users/sameralzubaidi/Desktop/kids_marketplace_app/e2e-test-results/2026-06-02T12-16-02/report.md	2026-06-02	0	automated	TC-H02	PASS
/Users/sameralzubaidi/Desktop/kids_marketplace_app/e2e-test-results/2026-06-02T12-16-02/report.md	2026-06-02	0	automated	TC-H03	PASS
/Users/sameralzubaidi/Desktop/kids_marketplace_app/e2e-test-results/2026-06-02T12-16-02/report.md	2026-06-02	0	automated	TC-H04	PASS
/Users/sameralzubaidi/Desktop/kids_marketplace_app/e2e-test-results/2026-06-02T12-16-02/report.md	2026-06-02	0	automated	TC-Q01	PASS
/Users/sameralzubaidi/Desktop/kids_marketplace_app/e2e-test-results/2026-06-02T12-16-02/report.md	2026-06-02	0	automated	TC-Q02	PASS
/Users/sameralzubaidi/Desktop/kids_marketplace_app/e2e-test-results/2026-06-02T12-16-02/report.md	2026-06-02	0	automated	TC-Q03	PASS
/Users/sameralzubaidi/Desktop/kids_marketplace_app/e2e-test-results/2026-06-02T12-16-02/report.md	2026-06-02	0	automated	TC-Q04	PASS
/Users/sameralzubaidi/Desktop/kids_marketplace_app/e2e-test-results/2026-06-02T12-16-02/report.md	2026-06-02	0	automated	TC-Q05	PASS
/Users/sameralzubaidi/Desktop/kids_marketplace_app/e2e-test-results/2026-06-02T12-16-02/report.md	2026-06-02	0	automated	TC-Q06	PASS
/Users/sameralzubaidi/Desktop/kids_marketplace_app/e2e-test-results/2026-06-02T12-16-02/report.md	2026-06-02	0	automated	TC-Q07	PASS
/Users/sameralzubaidi/Desktop/kids_marketplace_app/e2e-test-results/2026-06-02T12-16-02/report.md	2026-06-02	0	automated	TC-Q08	PASS
/Users/sameralzubaidi/Desktop/kids_marketplace_app/e2e-test-results/2026-06-02T12-16-02/report.md	2026-06-02	0	automated	TC-Q09	PASS
/Users/sameralzubaidi/Desktop/kids_marketplace_app/e2e-test-results/2026-06-02T12-16-02/report.md	2026-06-02	0	automated	TC-Q10	PASS
/Users/sameralzubaidi/Desktop/kids_marketplace_app/e2e-test-results/2026-06-02T12-16-02/report.md	2026-06-02	0	automated	TC-Q12	PASS
/Users/sameralzubaidi/Desktop/kids_marketplace_app/e2e-test-results/2026-06-02T12-16-02/report.md	2026-06-02	0	automated	TC-Q15	PASS
/Users/sameralzubaidi/Desktop/kids_marketplace_app/e2e-test-results/2026-06-02T12-16-02/report.md	2026-06-02	0	automated	TC-Q17	PASS
/Users/sameralzubaidi/Desktop/kids_marketplace_app/e2e-test-results/2026-06-02T12-16-02/report.md	2026-06-02	0	automated	TC-F01	PASS
/Users/sameralzubaidi/Desktop/kids_marketplace_app/e2e-test-results/2026-06-02T12-16-02/report.md	2026-06-02	0	automated	TC-F02	PASS
/Users/sameralzubaidi/Desktop/kids_marketplace_app/e2e-test-results/2026-06-02T12-16-02/report.md	2026-06-02	0	automated	TC-F03	PASS
/Users/sameralzubaidi/Desktop/kids_marketplace_app/e2e-test-results/2026-06-02T12-16-02/report.md	2026-06-02	0	automated	TC-R08	PASS
/Users/sameralzubaidi/Desktop/kids_marketplace_app/e2e-test-results/2026-06-02T12-16-02/report.md	2026-06-02	0	automated	TC-G04	PASS
/Users/sameralzubaidi/Desktop/kids_marketplace_app/e2e-test-results/2026-06-02T12-16-02/report.md	2026-06-02	0	automated	TC-I01	PASS
/Users/sameralzubaidi/Desktop/kids_marketplace_app/e2e-test-results/2026-06-02T12-16-02/report.md	2026-06-02	0	automated	TC-I02	PASS
/Users/sameralzubaidi/Desktop/kids_marketplace_app/e2e-test-results/2026-06-02T12-16-02/report.md	2026-06-02	0	automated	TC-I03	PASS
/Users/sameralzubaidi/Desktop/kids_marketplace_app/e2e-test-results/2026-06-02T12-16-02/report.md	2026-06-02	0	automated	TC-I04	PASS
/Users/sameralzubaidi/Desktop/kids_marketplace_app/e2e-test-results/2026-06-02T12-16-02/report.md	2026-06-02	0	automated	TC-I05	PASS
/Users/sameralzubaidi/Desktop/kids_marketplace_app/e2e-test-results/2026-06-02T12-16-02/report.md	2026-06-02	0	automated	TC-M01	PASS
/Users/sameralzubaidi/Desktop/kids_marketplace_app/e2e-test-results/2026-06-02T12-16-02/report.md	2026-06-02	0	automated	TC-M02	PASS
/Users/sameralzubaidi/Desktop/kids_marketplace_app/e2e-test-results/2026-06-02T12-16-02/report.md	2026-06-02	0	automated	TC-M03	PASS
/Users/sameralzubaidi/Desktop/kids_marketplace_app/e2e-test-results/2026-06-02T12-16-02/report.md	2026-06-02	0	automated	TC-M04	PASS
/Users/sameralzubaidi/Desktop/kids_marketplace_app/e2e-test-results/2026-06-02T12-16-02/report.md	2026-06-02	0	automated	TC-M05	PASS
/Users/sameralzubaidi/Desktop/kids_marketplace_app/e2e-test-results/2026-06-02T12-16-02/report.md	2026-06-02	0	automated	TC-M06	PASS
/Users/sameralzubaidi/Desktop/kids_marketplace_app/e2e-test-results/2026-06-02T12-16-02/report.md	2026-06-02	0	automated	TC-M07	PASS
/Users/sameralzubaidi/Desktop/kids_marketplace_app/e2e-test-results/2026-06-02T12-16-02/report.md	2026-06-02	0	automated	TC-M08	PASS
/Users/sameralzubaidi/Desktop/kids_marketplace_app/e2e-test-results/2026-06-02T12-16-02/report.md	2026-06-02	0	automated	TC-M09	PASS
/Users/sameralzubaidi/Desktop/kids_marketplace_app/e2e-test-results/2026-06-02T12-16-02/report.md	2026-06-02	0	automated	TC-M10	PASS
/Users/sameralzubaidi/Desktop/kids_marketplace_app/e2e-test-results/2026-06-02T12-16-02/report.md	2026-06-02	0	automated	TC-M11	PASS
/Users/sameralzubaidi/Desktop/kids_marketplace_app/e2e-test-results/2026-06-02T12-16-02/report.md	2026-06-02	0	automated	TC-M12	PASS
/Users/sameralzubaidi/Desktop/kids_marketplace_app/e2e-test-results/2026-06-02T12-16-02/report.md	2026-06-02	0	automated	TC-M14	PASS
/Users/sameralzubaidi/Desktop/kids_marketplace_app/e2e-test-results/2026-06-02T12-16-02/report.md	2026-06-02	0	automated	TC-M15	PASS
/Users/sameralzubaidi/Desktop/kids_marketplace_app/e2e-test-results/2026-06-02T12-16-02/report.md	2026-06-02	0	automated	TC-O01	PASS
/Users/sameralzubaidi/Desktop/kids_marketplace_app/e2e-test-results/2026-06-02T12-16-02/report.md	2026-06-02	0	automated	TC-O02	PASS
/Users/sameralzubaidi/Desktop/kids_marketplace_app/e2e-test-results/2026-06-02T12-16-02/report.md	2026-06-02	0	automated	TC-O03	PASS
/Users/sameralzubaidi/Desktop/kids_marketplace_app/e2e-test-results/2026-06-02T12-16-02/report.md	2026-06-02	0	automated	TC-O04	PASS
/Users/sameralzubaidi/Desktop/kids_marketplace_app/e2e-test-results/2026-06-02T12-16-02/report.md	2026-06-02	0	automated	TC-O05	PASS
/Users/sameralzubaidi/Desktop/kids_marketplace_app/e2e-test-results/2026-06-02T12-16-02/report.md	2026-06-02	0	automated	TC-O06	PASS
/Users/sameralzubaidi/Desktop/kids_marketplace_app/e2e-test-results/2026-06-02T12-16-02/report.md	2026-06-02	0	automated	TC-O07	PASS
/Users/sameralzubaidi/Desktop/kids_marketplace_app/e2e-test-results/2026-06-02T12-16-02/report.md	2026-06-02	0	automated	TC-B02	SKIPPED
/Users/sameralzubaidi/Desktop/kids_marketplace_app/e2e-test-results/2026-06-02T12-16-02/report.md	2026-06-02	0	automated	TC-B06	SKIPPED
/Users/sameralzubaidi/Desktop/kids_marketplace_app/e2e-test-results/2026-06-02T12-16-02/report.md	2026-06-02	0	automated	TC-C03	SKIPPED
/Users/sameralzubaidi/Desktop/kids_marketplace_app/e2e-test-results/2026-06-02T12-16-02/report.md	2026-06-02	0	automated	TC-G01	SKIPPED
/Users/sameralzubaidi/Desktop/kids_marketplace_app/e2e-test-results/2026-06-02T12-16-02/report.md	2026-06-02	0	automated	TC-G02	SKIPPED
/Users/sameralzubaidi/Desktop/kids_marketplace_app/e2e-test-results/2026-06-02T12-16-02/report.md	2026-06-02	0	automated	TC-G03	SKIPPED
/Users/sameralzubaidi/Desktop/kids_marketplace_app/e2e-test-results/2026-06-02T12-16-02/report.md	2026-06-02	0	automated	TC-M13	SKIPPED
/Users/sameralzubaidi/Desktop/kids_marketplace_app/e2e-test-results/2026-06-02T12-16-02/report.md	2026-06-02	0	automated	TC-Q11	SKIPPED
/Users/sameralzubaidi/Desktop/kids_marketplace_app/e2e-test-results/2026-06-02T12-16-02/report.md	2026-06-02	0	automated	TC-Q13	SKIPPED
/Users/sameralzubaidi/Desktop/kids_marketplace_app/e2e-test-results/2026-06-02T12-16-02/report.md	2026-06-02	0	automated	TC-Q14	SKIPPED
/Users/sameralzubaidi/Desktop/kids_marketplace_app/e2e-test-results/2026-06-02T12-16-02/report.md	2026-06-02	0	automated	TC-Q16	SKIPPED
/Users/sameralzubaidi/Desktop/kids_marketplace_app/e2e-test-results/2026-06-02T12-16-02/report.md	2026-06-02	0	automated	TC-R03	SKIPPED
/Users/sameralzubaidi/Desktop/kids_marketplace_app/e2e-test-results/2026-06-02T12-16-02/report.md	2026-06-02	0	automated	TC-R04	SKIPPED
/Users/sameralzubaidi/Desktop/kids_marketplace_app/e2e-test-results/2026-06-02T12-16-02/report.md	2026-06-02	0	automated	TC-R11	SKIPPED
/Users/sameralzubaidi/Desktop/kids_marketplace_app/e2e-test-results/2026-06-02T12-16-02/report.md	2026-06-02	0	automated	TC-R12	SKIPPED
/Users/sameralzubaidi/Desktop/kids_marketplace_app/test-automation/trade-flow-v2/reports/2026-06-02T10-47-07-787Z/report.md	2026-06-02	0	automated	REG-R01	FAIL
/Users/sameralzubaidi/Desktop/kids_marketplace_app/test-automation/trade-flow-v2/reports/2026-06-02T10-47-07-787Z/report.md	2026-06-02	0	automated	REG-R03	FAIL
/Users/sameralzubaidi/Desktop/kids_marketplace_app/test-automation/trade-flow-v2/reports/2026-06-02T10-47-07-787Z/report.md	2026-06-02	0	automated	REG-R04	FAIL
/Users/sameralzubaidi/Desktop/kids_marketplace_app/test-automation/trade-flow-v2/reports/2026-06-02T10-47-07-787Z/report.md	2026-06-02	0	automated	TC-J01	FAIL
/Users/sameralzubaidi/Desktop/kids_marketplace_app/test-automation/trade-flow-v2/reports/2026-06-02T10-47-07-787Z/report.md	2026-06-02	0	automated	TC-J02	FAIL
/Users/sameralzubaidi/Desktop/kids_marketplace_app/test-automation/trade-flow-v2/reports/2026-06-02T10-47-07-787Z/report.md	2026-06-02	0	automated	TC-J03	FAIL
/Users/sameralzubaidi/Desktop/kids_marketplace_app/test-automation/trade-flow-v2/reports/2026-06-02T10-47-07-787Z/report.md	2026-06-02	0	automated	TC-J04	FAIL
/Users/sameralzubaidi/Desktop/kids_marketplace_app/test-automation/trade-flow-v2/reports/2026-06-02T10-47-07-787Z/report.md	2026-06-02	0	automated	TC-J05	FAIL
/Users/sameralzubaidi/Desktop/kids_marketplace_app/test-automation/trade-flow-v2/reports/2026-06-02T10-47-07-787Z/report.md	2026-06-02	0	automated	TC-K01	FAIL
/Users/sameralzubaidi/Desktop/kids_marketplace_app/test-automation/trade-flow-v2/reports/2026-06-02T10-47-07-787Z/report.md	2026-06-02	0	automated	TC-K02	FAIL
/Users/sameralzubaidi/Desktop/kids_marketplace_app/test-automation/trade-flow-v2/reports/2026-06-02T10-47-07-787Z/report.md	2026-06-02	0	automated	TC-K03	FAIL
/Users/sameralzubaidi/Desktop/kids_marketplace_app/test-automation/trade-flow-v2/reports/2026-06-02T10-47-07-787Z/report.md	2026-06-02	0	automated	TC-L01	FAIL
/Users/sameralzubaidi/Desktop/kids_marketplace_app/test-automation/trade-flow-v2/reports/2026-06-02T10-47-07-787Z/report.md	2026-06-02	0	automated	TC-L02	FAIL
/Users/sameralzubaidi/Desktop/kids_marketplace_app/test-automation/trade-flow-v2/reports/2026-06-02T10-47-07-787Z/report.md	2026-06-02	0	automated	TC-L03	FAIL
/Users/sameralzubaidi/Desktop/kids_marketplace_app/test-automation/trade-flow-v2/reports/2026-06-02T10-47-07-787Z/report.md	2026-06-02	0	automated	TC-L04	FAIL
/Users/sameralzubaidi/Desktop/kids_marketplace_app/test-automation/trade-flow-v2/reports/2026-06-02T10-47-07-787Z/report.md	2026-06-02	0	automated	TC-L05	FAIL
/Users/sameralzubaidi/Desktop/kids_marketplace_app/test-automation/trade-flow-v2/reports/2026-06-02T10-47-07-787Z/report.md	2026-06-02	0	automated	TC-L06	FAIL
/Users/sameralzubaidi/Desktop/kids_marketplace_app/test-automation/trade-flow-v2/reports/2026-06-02T10-47-07-787Z/report.md	2026-06-02	0	automated	TC-L07	FAIL
/Users/sameralzubaidi/Desktop/kids_marketplace_app/test-automation/trade-flow-v2/reports/2026-06-02T10-47-07-787Z/report.md	2026-06-02	0	automated	TC-L08	FAIL
/Users/sameralzubaidi/Desktop/kids_marketplace_app/test-automation/trade-flow-v2/reports/2026-06-02T10-47-07-787Z/report.md	2026-06-02	0	automated	TC-R05	FAIL
/Users/sameralzubaidi/Desktop/kids_marketplace_app/test-automation/trade-flow-v2/reports/2026-06-02T10-47-07-787Z/report.md	2026-06-02	0	automated	TC-R06	FAIL
/Users/sameralzubaidi/Desktop/kids_marketplace_app/test-automation/trade-flow-v2/reports/2026-06-02T10-47-07-787Z/report.md	2026-06-02	0	automated	REG-R02	FAIL
/Users/sameralzubaidi/Desktop/kids_marketplace_app/test-automation/trade-flow-v2/reports/2026-06-02T10-47-07-787Z/report.md	2026-06-02	0	automated	TC-A04	FAIL
/Users/sameralzubaidi/Desktop/kids_marketplace_app/test-automation/trade-flow-v2/reports/2026-06-02T10-47-07-787Z/report.md	2026-06-02	0	automated	TC-B01	FAIL
/Users/sameralzubaidi/Desktop/kids_marketplace_app/test-automation/trade-flow-v2/reports/2026-06-02T10-47-07-787Z/report.md	2026-06-02	0	automated	TC-B03	FAIL
/Users/sameralzubaidi/Desktop/kids_marketplace_app/test-automation/trade-flow-v2/reports/2026-06-02T10-47-07-787Z/report.md	2026-06-02	0	automated	TC-B04	FAIL
/Users/sameralzubaidi/Desktop/kids_marketplace_app/test-automation/trade-flow-v2/reports/2026-06-02T10-47-07-787Z/report.md	2026-06-02	0	automated	TC-B05	FAIL
/Users/sameralzubaidi/Desktop/kids_marketplace_app/test-automation/trade-flow-v2/reports/2026-06-02T10-47-07-787Z/report.md	2026-06-02	0	automated	TC-R01	FAIL
/Users/sameralzubaidi/Desktop/kids_marketplace_app/test-automation/trade-flow-v2/reports/2026-06-02T10-47-07-787Z/report.md	2026-06-02	0	automated	TC-R02	FAIL
/Users/sameralzubaidi/Desktop/kids_marketplace_app/test-automation/trade-flow-v2/reports/2026-06-02T10-47-07-787Z/report.md	2026-06-02	0	automated	TC-R13	FAIL
/Users/sameralzubaidi/Desktop/kids_marketplace_app/test-automation/trade-flow-v2/reports/2026-06-02T10-47-07-787Z/report.md	2026-06-02	0	automated	REG-R05	FAIL
/Users/sameralzubaidi/Desktop/kids_marketplace_app/test-automation/trade-flow-v2/reports/2026-06-02T10-47-07-787Z/report.md	2026-06-02	0	automated	TC-D01	FAIL
/Users/sameralzubaidi/Desktop/kids_marketplace_app/test-automation/trade-flow-v2/reports/2026-06-02T10-47-07-787Z/report.md	2026-06-02	0	automated	TC-D02	FAIL
/Users/sameralzubaidi/Desktop/kids_marketplace_app/test-automation/trade-flow-v2/reports/2026-06-02T10-47-07-787Z/report.md	2026-06-02	0	automated	TC-D03	FAIL
/Users/sameralzubaidi/Desktop/kids_marketplace_app/test-automation/trade-flow-v2/reports/2026-06-02T10-47-07-787Z/report.md	2026-06-02	0	automated	TC-D04	FAIL
/Users/sameralzubaidi/Desktop/kids_marketplace_app/test-automation/trade-flow-v2/reports/2026-06-02T10-47-07-787Z/report.md	2026-06-02	0	automated	TC-D05	FAIL
/Users/sameralzubaidi/Desktop/kids_marketplace_app/test-automation/trade-flow-v2/reports/2026-06-02T10-47-07-787Z/report.md	2026-06-02	0	automated	REG-R06	FAIL
/Users/sameralzubaidi/Desktop/kids_marketplace_app/test-automation/trade-flow-v2/reports/2026-06-02T10-47-07-787Z/report.md	2026-06-02	0	automated	REG-R07	FAIL
/Users/sameralzubaidi/Desktop/kids_marketplace_app/test-automation/trade-flow-v2/reports/2026-06-02T10-47-07-787Z/report.md	2026-06-02	0	automated	TC-C01	FAIL
/Users/sameralzubaidi/Desktop/kids_marketplace_app/test-automation/trade-flow-v2/reports/2026-06-02T10-47-07-787Z/report.md	2026-06-02	0	automated	TC-C02	FAIL
/Users/sameralzubaidi/Desktop/kids_marketplace_app/test-automation/trade-flow-v2/reports/2026-06-02T10-47-07-787Z/report.md	2026-06-02	0	automated	TC-C04	FAIL
/Users/sameralzubaidi/Desktop/kids_marketplace_app/test-automation/trade-flow-v2/reports/2026-06-02T10-47-07-787Z/report.md	2026-06-02	0	automated	TC-C05	FAIL
/Users/sameralzubaidi/Desktop/kids_marketplace_app/test-automation/trade-flow-v2/reports/2026-06-02T10-47-07-787Z/report.md	2026-06-02	0	automated	TC-C06	FAIL
/Users/sameralzubaidi/Desktop/kids_marketplace_app/test-automation/trade-flow-v2/reports/2026-06-02T10-47-07-787Z/report.md	2026-06-02	0	automated	TC-R07	FAIL
/Users/sameralzubaidi/Desktop/kids_marketplace_app/test-automation/trade-flow-v2/reports/2026-06-02T10-47-07-787Z/report.md	2026-06-02	0	automated	REG-R08	FAIL
/Users/sameralzubaidi/Desktop/kids_marketplace_app/test-automation/trade-flow-v2/reports/2026-06-02T10-47-07-787Z/report.md	2026-06-02	0	automated	TC-C07	FAIL
/Users/sameralzubaidi/Desktop/kids_marketplace_app/test-automation/trade-flow-v2/reports/2026-06-02T10-47-07-787Z/report.md	2026-06-02	0	automated	TC-C08	FAIL
/Users/sameralzubaidi/Desktop/kids_marketplace_app/test-automation/trade-flow-v2/reports/2026-06-02T10-47-07-787Z/report.md	2026-06-02	0	automated	TC-A01	FAIL
/Users/sameralzubaidi/Desktop/kids_marketplace_app/test-automation/trade-flow-v2/reports/2026-06-02T10-47-07-787Z/report.md	2026-06-02	0	automated	TC-A02	FAIL
/Users/sameralzubaidi/Desktop/kids_marketplace_app/test-automation/trade-flow-v2/reports/2026-06-02T10-47-07-787Z/report.md	2026-06-02	0	automated	TC-A03	FAIL
/Users/sameralzubaidi/Desktop/kids_marketplace_app/test-automation/trade-flow-v2/reports/2026-06-02T10-47-07-787Z/report.md	2026-06-02	0	automated	TC-E01	FAIL
/Users/sameralzubaidi/Desktop/kids_marketplace_app/test-automation/trade-flow-v2/reports/2026-06-02T10-47-07-787Z/report.md	2026-06-02	0	automated	TC-E02	FAIL
/Users/sameralzubaidi/Desktop/kids_marketplace_app/test-automation/trade-flow-v2/reports/2026-06-02T10-47-07-787Z/report.md	2026-06-02	0	automated	TC-E03	FAIL
/Users/sameralzubaidi/Desktop/kids_marketplace_app/test-automation/trade-flow-v2/reports/2026-06-02T10-47-07-787Z/report.md	2026-06-02	0	automated	TC-E04	FAIL
/Users/sameralzubaidi/Desktop/kids_marketplace_app/test-automation/trade-flow-v2/reports/2026-06-02T10-47-07-787Z/report.md	2026-06-02	0	automated	TC-H01	FAIL
/Users/sameralzubaidi/Desktop/kids_marketplace_app/test-automation/trade-flow-v2/reports/2026-06-02T10-47-07-787Z/report.md	2026-06-02	0	automated	TC-H02	FAIL
/Users/sameralzubaidi/Desktop/kids_marketplace_app/test-automation/trade-flow-v2/reports/2026-06-02T10-47-07-787Z/report.md	2026-06-02	0	automated	TC-H03	FAIL
/Users/sameralzubaidi/Desktop/kids_marketplace_app/test-automation/trade-flow-v2/reports/2026-06-02T10-47-07-787Z/report.md	2026-06-02	0	automated	TC-H04	FAIL
/Users/sameralzubaidi/Desktop/kids_marketplace_app/test-automation/trade-flow-v2/reports/2026-06-02T10-47-07-787Z/report.md	2026-06-02	0	automated	TC-Q01	FAIL
/Users/sameralzubaidi/Desktop/kids_marketplace_app/test-automation/trade-flow-v2/reports/2026-06-02T10-47-07-787Z/report.md	2026-06-02	0	automated	TC-Q02	FAIL
/Users/sameralzubaidi/Desktop/kids_marketplace_app/test-automation/trade-flow-v2/reports/2026-06-02T10-47-07-787Z/report.md	2026-06-02	0	automated	TC-Q03	FAIL
/Users/sameralzubaidi/Desktop/kids_marketplace_app/test-automation/trade-flow-v2/reports/2026-06-02T10-47-07-787Z/report.md	2026-06-02	0	automated	TC-Q04	FAIL
/Users/sameralzubaidi/Desktop/kids_marketplace_app/test-automation/trade-flow-v2/reports/2026-06-02T10-47-07-787Z/report.md	2026-06-02	0	automated	TC-Q05	FAIL
/Users/sameralzubaidi/Desktop/kids_marketplace_app/test-automation/trade-flow-v2/reports/2026-06-02T10-47-07-787Z/report.md	2026-06-02	0	automated	TC-Q06	FAIL
/Users/sameralzubaidi/Desktop/kids_marketplace_app/test-automation/trade-flow-v2/reports/2026-06-02T10-47-07-787Z/report.md	2026-06-02	0	automated	TC-Q07	FAIL
/Users/sameralzubaidi/Desktop/kids_marketplace_app/test-automation/trade-flow-v2/reports/2026-06-02T10-47-07-787Z/report.md	2026-06-02	0	automated	TC-Q08	FAIL
/Users/sameralzubaidi/Desktop/kids_marketplace_app/test-automation/trade-flow-v2/reports/2026-06-02T10-47-07-787Z/report.md	2026-06-02	0	automated	TC-Q09	FAIL
/Users/sameralzubaidi/Desktop/kids_marketplace_app/test-automation/trade-flow-v2/reports/2026-06-02T10-47-07-787Z/report.md	2026-06-02	0	automated	TC-Q10	FAIL
/Users/sameralzubaidi/Desktop/kids_marketplace_app/test-automation/trade-flow-v2/reports/2026-06-02T10-47-07-787Z/report.md	2026-06-02	0	automated	TC-Q12	FAIL
/Users/sameralzubaidi/Desktop/kids_marketplace_app/test-automation/trade-flow-v2/reports/2026-06-02T10-47-07-787Z/report.md	2026-06-02	0	automated	TC-Q15	FAIL
/Users/sameralzubaidi/Desktop/kids_marketplace_app/test-automation/trade-flow-v2/reports/2026-06-02T10-47-07-787Z/report.md	2026-06-02	0	automated	TC-Q17	FAIL
/Users/sameralzubaidi/Desktop/kids_marketplace_app/test-automation/trade-flow-v2/reports/2026-06-02T10-47-07-787Z/report.md	2026-06-02	0	automated	TC-F01	FAIL
/Users/sameralzubaidi/Desktop/kids_marketplace_app/test-automation/trade-flow-v2/reports/2026-06-02T10-47-07-787Z/report.md	2026-06-02	0	automated	TC-F02	FAIL
/Users/sameralzubaidi/Desktop/kids_marketplace_app/test-automation/trade-flow-v2/reports/2026-06-02T10-47-07-787Z/report.md	2026-06-02	0	automated	TC-F03	FAIL
/Users/sameralzubaidi/Desktop/kids_marketplace_app/test-automation/trade-flow-v2/reports/2026-06-02T10-47-07-787Z/report.md	2026-06-02	0	automated	TC-R08	FAIL
/Users/sameralzubaidi/Desktop/kids_marketplace_app/test-automation/trade-flow-v2/reports/2026-06-02T10-47-07-787Z/report.md	2026-06-02	0	automated	TC-G04	FAIL
/Users/sameralzubaidi/Desktop/kids_marketplace_app/test-automation/trade-flow-v2/reports/2026-06-02T10-47-07-787Z/report.md	2026-06-02	0	automated	TC-I01	FAIL
/Users/sameralzubaidi/Desktop/kids_marketplace_app/test-automation/trade-flow-v2/reports/2026-06-02T10-47-07-787Z/report.md	2026-06-02	0	automated	TC-I02	FAIL
/Users/sameralzubaidi/Desktop/kids_marketplace_app/test-automation/trade-flow-v2/reports/2026-06-02T10-47-07-787Z/report.md	2026-06-02	0	automated	TC-I03	FAIL
/Users/sameralzubaidi/Desktop/kids_marketplace_app/test-automation/trade-flow-v2/reports/2026-06-02T10-47-07-787Z/report.md	2026-06-02	0	automated	TC-I04	FAIL
/Users/sameralzubaidi/Desktop/kids_marketplace_app/test-automation/trade-flow-v2/reports/2026-06-02T10-47-07-787Z/report.md	2026-06-02	0	automated	TC-I05	FAIL
/Users/sameralzubaidi/Desktop/kids_marketplace_app/test-automation/trade-flow-v2/reports/2026-06-02T10-47-07-787Z/report.md	2026-06-02	0	automated	TC-M01	FAIL
/Users/sameralzubaidi/Desktop/kids_marketplace_app/test-automation/trade-flow-v2/reports/2026-06-02T10-47-07-787Z/report.md	2026-06-02	0	automated	TC-M02	FAIL
/Users/sameralzubaidi/Desktop/kids_marketplace_app/test-automation/trade-flow-v2/reports/2026-06-02T10-47-07-787Z/report.md	2026-06-02	0	automated	TC-M03	FAIL
/Users/sameralzubaidi/Desktop/kids_marketplace_app/test-automation/trade-flow-v2/reports/2026-06-02T10-47-07-787Z/report.md	2026-06-02	0	automated	TC-M04	FAIL
/Users/sameralzubaidi/Desktop/kids_marketplace_app/test-automation/trade-flow-v2/reports/2026-06-02T10-47-07-787Z/report.md	2026-06-02	0	automated	TC-M05	FAIL
/Users/sameralzubaidi/Desktop/kids_marketplace_app/test-automation/trade-flow-v2/reports/2026-06-02T10-47-07-787Z/report.md	2026-06-02	0	automated	TC-M06	FAIL
/Users/sameralzubaidi/Desktop/kids_marketplace_app/test-automation/trade-flow-v2/reports/2026-06-02T10-47-07-787Z/report.md	2026-06-02	0	automated	TC-M07	FAIL
/Users/sameralzubaidi/Desktop/kids_marketplace_app/test-automation/trade-flow-v2/reports/2026-06-02T10-47-07-787Z/report.md	2026-06-02	0	automated	TC-M08	FAIL
/Users/sameralzubaidi/Desktop/kids_marketplace_app/test-automation/trade-flow-v2/reports/2026-06-02T10-47-07-787Z/report.md	2026-06-02	0	automated	TC-M09	FAIL
/Users/sameralzubaidi/Desktop/kids_marketplace_app/test-automation/trade-flow-v2/reports/2026-06-02T10-47-07-787Z/report.md	2026-06-02	0	automated	TC-M10	FAIL
/Users/sameralzubaidi/Desktop/kids_marketplace_app/test-automation/trade-flow-v2/reports/2026-06-02T10-47-07-787Z/report.md	2026-06-02	0	automated	TC-M11	FAIL
/Users/sameralzubaidi/Desktop/kids_marketplace_app/test-automation/trade-flow-v2/reports/2026-06-02T10-47-07-787Z/report.md	2026-06-02	0	automated	TC-M12	FAIL
/Users/sameralzubaidi/Desktop/kids_marketplace_app/test-automation/trade-flow-v2/reports/2026-06-02T10-47-07-787Z/report.md	2026-06-02	0	automated	TC-M14	FAIL
/Users/sameralzubaidi/Desktop/kids_marketplace_app/test-automation/trade-flow-v2/reports/2026-06-02T10-47-07-787Z/report.md	2026-06-02	0	automated	TC-M15	FAIL
/Users/sameralzubaidi/Desktop/kids_marketplace_app/test-automation/trade-flow-v2/reports/2026-06-02T10-47-07-787Z/report.md	2026-06-02	0	automated	TC-O01	FAIL
/Users/sameralzubaidi/Desktop/kids_marketplace_app/test-automation/trade-flow-v2/reports/2026-06-02T10-47-07-787Z/report.md	2026-06-02	0	automated	TC-O02	FAIL
/Users/sameralzubaidi/Desktop/kids_marketplace_app/test-automation/trade-flow-v2/reports/2026-06-02T10-47-07-787Z/report.md	2026-06-02	0	automated	TC-O03	FAIL
/Users/sameralzubaidi/Desktop/kids_marketplace_app/test-automation/trade-flow-v2/reports/2026-06-02T10-47-07-787Z/report.md	2026-06-02	0	automated	TC-O04	FAIL
/Users/sameralzubaidi/Desktop/kids_marketplace_app/test-automation/trade-flow-v2/reports/2026-06-02T10-47-07-787Z/report.md	2026-06-02	0	automated	TC-O05	FAIL
/Users/sameralzubaidi/Desktop/kids_marketplace_app/test-automation/trade-flow-v2/reports/2026-06-02T10-47-07-787Z/report.md	2026-06-02	0	automated	TC-O06	FAIL
/Users/sameralzubaidi/Desktop/kids_marketplace_app/test-automation/trade-flow-v2/reports/2026-06-02T10-47-07-787Z/report.md	2026-06-02	0	automated	TC-O07	FAIL
/Users/sameralzubaidi/Desktop/kids_marketplace_app/test-automation/trade-flow-v2/reports/2026-06-02T10-47-07-787Z/report.md	2026-06-02	0	automated	TC-B02	SKIPPED
/Users/sameralzubaidi/Desktop/kids_marketplace_app/test-automation/trade-flow-v2/reports/2026-06-02T10-47-07-787Z/report.md	2026-06-02	0	automated	TC-B06	SKIPPED
/Users/sameralzubaidi/Desktop/kids_marketplace_app/test-automation/trade-flow-v2/reports/2026-06-02T10-47-07-787Z/report.md	2026-06-02	0	automated	TC-C03	SKIPPED
/Users/sameralzubaidi/Desktop/kids_marketplace_app/test-automation/trade-flow-v2/reports/2026-06-02T10-47-07-787Z/report.md	2026-06-02	0	automated	TC-G01	SKIPPED
/Users/sameralzubaidi/Desktop/kids_marketplace_app/test-automation/trade-flow-v2/reports/2026-06-02T10-47-07-787Z/report.md	2026-06-02	0	automated	TC-G02	SKIPPED
/Users/sameralzubaidi/Desktop/kids_marketplace_app/test-automation/trade-flow-v2/reports/2026-06-02T10-47-07-787Z/report.md	2026-06-02	0	automated	TC-G03	SKIPPED
/Users/sameralzubaidi/Desktop/kids_marketplace_app/test-automation/trade-flow-v2/reports/2026-06-02T10-47-07-787Z/report.md	2026-06-02	0	automated	TC-M13	SKIPPED
/Users/sameralzubaidi/Desktop/kids_marketplace_app/test-automation/trade-flow-v2/reports/2026-06-02T10-47-07-787Z/report.md	2026-06-02	0	automated	TC-Q11	SKIPPED
/Users/sameralzubaidi/Desktop/kids_marketplace_app/test-automation/trade-flow-v2/reports/2026-06-02T10-47-07-787Z/report.md	2026-06-02	0	automated	TC-Q13	SKIPPED
/Users/sameralzubaidi/Desktop/kids_marketplace_app/test-automation/trade-flow-v2/reports/2026-06-02T10-47-07-787Z/report.md	2026-06-02	0	automated	TC-Q14	SKIPPED
/Users/sameralzubaidi/Desktop/kids_marketplace_app/test-automation/trade-flow-v2/reports/2026-06-02T10-47-07-787Z/report.md	2026-06-02	0	automated	TC-Q16	SKIPPED
/Users/sameralzubaidi/Desktop/kids_marketplace_app/test-automation/trade-flow-v2/reports/2026-06-02T10-47-07-787Z/report.md	2026-06-02	0	automated	TC-R03	SKIPPED
/Users/sameralzubaidi/Desktop/kids_marketplace_app/test-automation/trade-flow-v2/reports/2026-06-02T10-47-07-787Z/report.md	2026-06-02	0	automated	TC-R04	SKIPPED
/Users/sameralzubaidi/Desktop/kids_marketplace_app/test-automation/trade-flow-v2/reports/2026-06-02T10-47-07-787Z/report.md	2026-06-02	0	automated	TC-R11	SKIPPED
/Users/sameralzubaidi/Desktop/kids_marketplace_app/test-automation/trade-flow-v2/reports/2026-06-02T10-47-07-787Z/report.md	2026-06-02	0	automated	TC-R12	SKIPPED
/Users/sameralzubaidi/Desktop/kids_marketplace_app/e2e-test-results/2026-06-05T18-58-08/report.md	2026-06-05	0	automated	TC-A01	FAIL
/Users/sameralzubaidi/Desktop/kids_marketplace_app/e2e-test-results/2026-06-20T16-47-48/report.md	2026-06-20	0	automated	REG-R01	FAIL
/Users/sameralzubaidi/Desktop/kids_marketplace_app/e2e-test-results/2026-06-20T16-47-48/report.md	2026-06-20	0	automated	REG-R03	FAIL
/Users/sameralzubaidi/Desktop/kids_marketplace_app/e2e-test-results/2026-06-20T16-47-48/report.md	2026-06-20	0	automated	REG-R04	FAIL
/Users/sameralzubaidi/Desktop/kids_marketplace_app/e2e-test-results/2026-06-20T16-47-48/report.md	2026-06-20	0	automated	TC-J01	FAIL
/Users/sameralzubaidi/Desktop/kids_marketplace_app/e2e-test-results/2026-06-20T16-47-48/report.md	2026-06-20	0	automated	TC-J02	FAIL
/Users/sameralzubaidi/Desktop/kids_marketplace_app/e2e-test-results/2026-06-20T16-47-48/report.md	2026-06-20	0	automated	TC-J03	FAIL
/Users/sameralzubaidi/Desktop/kids_marketplace_app/e2e-test-results/2026-06-20T16-47-48/report.md	2026-06-20	0	automated	TC-J04	FAIL
/Users/sameralzubaidi/Desktop/kids_marketplace_app/e2e-test-results/2026-06-20T16-47-48/report.md	2026-06-20	0	automated	TC-J05	FAIL
/Users/sameralzubaidi/Desktop/kids_marketplace_app/e2e-test-results/2026-06-20T16-47-48/report.md	2026-06-20	0	automated	TC-K01	FAIL
/Users/sameralzubaidi/Desktop/kids_marketplace_app/e2e-test-results/2026-06-20T16-47-48/report.md	2026-06-20	0	automated	TC-K02	FAIL
/Users/sameralzubaidi/Desktop/kids_marketplace_app/e2e-test-results/2026-06-20T16-47-48/report.md	2026-06-20	0	automated	TC-K03	FAIL
/Users/sameralzubaidi/Desktop/kids_marketplace_app/e2e-test-results/2026-06-20T16-47-48/report.md	2026-06-20	0	automated	TC-L01	FAIL
/Users/sameralzubaidi/Desktop/kids_marketplace_app/e2e-test-results/2026-06-20T16-47-48/report.md	2026-06-20	0	automated	TC-L02	FAIL
/Users/sameralzubaidi/Desktop/kids_marketplace_app/e2e-test-results/2026-06-20T16-47-48/report.md	2026-06-20	0	automated	TC-L03	FAIL
/Users/sameralzubaidi/Desktop/kids_marketplace_app/e2e-test-results/2026-06-20T16-47-48/report.md	2026-06-20	0	automated	TC-L04	FAIL
/Users/sameralzubaidi/Desktop/kids_marketplace_app/e2e-test-results/2026-06-20T16-47-48/report.md	2026-06-20	0	automated	TC-L05	FAIL
/Users/sameralzubaidi/Desktop/kids_marketplace_app/e2e-test-results/2026-06-20T16-47-48/report.md	2026-06-20	0	automated	TC-L06	FAIL
/Users/sameralzubaidi/Desktop/kids_marketplace_app/e2e-test-results/2026-06-20T16-47-48/report.md	2026-06-20	0	automated	TC-L07	FAIL
/Users/sameralzubaidi/Desktop/kids_marketplace_app/e2e-test-results/2026-06-20T16-47-48/report.md	2026-06-20	0	automated	TC-L08	FAIL
/Users/sameralzubaidi/Desktop/kids_marketplace_app/e2e-test-results/2026-06-20T16-47-48/report.md	2026-06-20	0	automated	TC-R05	FAIL
/Users/sameralzubaidi/Desktop/kids_marketplace_app/e2e-test-results/2026-06-20T16-47-48/report.md	2026-06-20	0	automated	TC-R06	FAIL
/Users/sameralzubaidi/Desktop/kids_marketplace_app/e2e-test-results/2026-06-20T16-47-48/report.md	2026-06-20	0	automated	REG-R02	FAIL
/Users/sameralzubaidi/Desktop/kids_marketplace_app/e2e-test-results/2026-06-20T16-47-48/report.md	2026-06-20	0	automated	TC-A04	FAIL
/Users/sameralzubaidi/Desktop/kids_marketplace_app/e2e-test-results/2026-06-20T16-47-48/report.md	2026-06-20	0	automated	TC-B01	FAIL
/Users/sameralzubaidi/Desktop/kids_marketplace_app/e2e-test-results/2026-06-20T16-47-48/report.md	2026-06-20	0	automated	TC-B03	FAIL
/Users/sameralzubaidi/Desktop/kids_marketplace_app/e2e-test-results/2026-06-20T16-47-48/report.md	2026-06-20	0	automated	TC-B04	FAIL
/Users/sameralzubaidi/Desktop/kids_marketplace_app/e2e-test-results/2026-06-20T16-47-48/report.md	2026-06-20	0	automated	TC-B05	FAIL
/Users/sameralzubaidi/Desktop/kids_marketplace_app/e2e-test-results/2026-06-20T16-47-48/report.md	2026-06-20	0	automated	TC-R01	FAIL
/Users/sameralzubaidi/Desktop/kids_marketplace_app/e2e-test-results/2026-06-20T16-47-48/report.md	2026-06-20	0	automated	TC-R02	FAIL
/Users/sameralzubaidi/Desktop/kids_marketplace_app/e2e-test-results/2026-06-20T16-47-48/report.md	2026-06-20	0	automated	TC-R13	FAIL
/Users/sameralzubaidi/Desktop/kids_marketplace_app/e2e-test-results/2026-06-20T16-47-48/report.md	2026-06-20	0	automated	REG-R05	FAIL
/Users/sameralzubaidi/Desktop/kids_marketplace_app/e2e-test-results/2026-06-20T16-47-48/report.md	2026-06-20	0	automated	TC-D01	FAIL
/Users/sameralzubaidi/Desktop/kids_marketplace_app/e2e-test-results/2026-06-20T16-47-48/report.md	2026-06-20	0	automated	TC-D02	FAIL
/Users/sameralzubaidi/Desktop/kids_marketplace_app/e2e-test-results/2026-06-20T16-47-48/report.md	2026-06-20	0	automated	TC-D03	FAIL
/Users/sameralzubaidi/Desktop/kids_marketplace_app/e2e-test-results/2026-06-20T16-47-48/report.md	2026-06-20	0	automated	TC-D04	FAIL
/Users/sameralzubaidi/Desktop/kids_marketplace_app/e2e-test-results/2026-06-20T16-47-48/report.md	2026-06-20	0	automated	TC-D05	FAIL
/Users/sameralzubaidi/Desktop/kids_marketplace_app/e2e-test-results/2026-06-20T16-47-48/report.md	2026-06-20	0	automated	REG-R06	FAIL
/Users/sameralzubaidi/Desktop/kids_marketplace_app/e2e-test-results/2026-06-20T16-47-48/report.md	2026-06-20	0	automated	REG-R07	FAIL
/Users/sameralzubaidi/Desktop/kids_marketplace_app/e2e-test-results/2026-06-20T16-47-48/report.md	2026-06-20	0	automated	TC-C01	FAIL
/Users/sameralzubaidi/Desktop/kids_marketplace_app/e2e-test-results/2026-06-20T16-47-48/report.md	2026-06-20	0	automated	TC-C02	FAIL
/Users/sameralzubaidi/Desktop/kids_marketplace_app/e2e-test-results/2026-06-20T16-47-48/report.md	2026-06-20	0	automated	TC-C04	FAIL
/Users/sameralzubaidi/Desktop/kids_marketplace_app/e2e-test-results/2026-06-20T16-47-48/report.md	2026-06-20	0	automated	TC-C05	FAIL
/Users/sameralzubaidi/Desktop/kids_marketplace_app/e2e-test-results/2026-06-20T16-47-48/report.md	2026-06-20	0	automated	TC-C06	FAIL
/Users/sameralzubaidi/Desktop/kids_marketplace_app/e2e-test-results/2026-06-20T16-47-48/report.md	2026-06-20	0	automated	TC-R07	FAIL
/Users/sameralzubaidi/Desktop/kids_marketplace_app/e2e-test-results/2026-06-20T16-47-48/report.md	2026-06-20	0	automated	REG-R08	FAIL
/Users/sameralzubaidi/Desktop/kids_marketplace_app/e2e-test-results/2026-06-20T16-47-48/report.md	2026-06-20	0	automated	TC-C07	FAIL
/Users/sameralzubaidi/Desktop/kids_marketplace_app/e2e-test-results/2026-06-20T16-47-48/report.md	2026-06-20	0	automated	TC-C08	FAIL
/Users/sameralzubaidi/Desktop/kids_marketplace_app/e2e-test-results/2026-06-20T16-47-48/report.md	2026-06-20	0	automated	TC-A01	FAIL
/Users/sameralzubaidi/Desktop/kids_marketplace_app/e2e-test-results/2026-06-20T16-47-48/report.md	2026-06-20	0	automated	TC-A02	FAIL
/Users/sameralzubaidi/Desktop/kids_marketplace_app/e2e-test-results/2026-06-20T16-47-48/report.md	2026-06-20	0	automated	TC-A03	FAIL
/Users/sameralzubaidi/Desktop/kids_marketplace_app/e2e-test-results/2026-06-20T16-47-48/report.md	2026-06-20	0	automated	TC-E01	FAIL
/Users/sameralzubaidi/Desktop/kids_marketplace_app/e2e-test-results/2026-06-20T16-47-48/report.md	2026-06-20	0	automated	TC-E02	FAIL
/Users/sameralzubaidi/Desktop/kids_marketplace_app/e2e-test-results/2026-06-20T16-47-48/report.md	2026-06-20	0	automated	TC-E03	FAIL
/Users/sameralzubaidi/Desktop/kids_marketplace_app/e2e-test-results/2026-06-20T16-47-48/report.md	2026-06-20	0	automated	TC-E04	FAIL
/Users/sameralzubaidi/Desktop/kids_marketplace_app/e2e-test-results/2026-06-20T16-47-48/report.md	2026-06-20	0	automated	TC-H01	FAIL
/Users/sameralzubaidi/Desktop/kids_marketplace_app/e2e-test-results/2026-06-20T16-47-48/report.md	2026-06-20	0	automated	TC-H02	FAIL
/Users/sameralzubaidi/Desktop/kids_marketplace_app/e2e-test-results/2026-06-20T16-47-48/report.md	2026-06-20	0	automated	TC-H03	FAIL
/Users/sameralzubaidi/Desktop/kids_marketplace_app/e2e-test-results/2026-06-20T16-47-48/report.md	2026-06-20	0	automated	TC-H04	FAIL
/Users/sameralzubaidi/Desktop/kids_marketplace_app/e2e-test-results/2026-06-20T16-47-48/report.md	2026-06-20	0	automated	TC-Q01	FAIL
/Users/sameralzubaidi/Desktop/kids_marketplace_app/e2e-test-results/2026-06-20T16-47-48/report.md	2026-06-20	0	automated	TC-Q02	FAIL
/Users/sameralzubaidi/Desktop/kids_marketplace_app/e2e-test-results/2026-06-20T16-47-48/report.md	2026-06-20	0	automated	TC-Q03	FAIL
/Users/sameralzubaidi/Desktop/kids_marketplace_app/e2e-test-results/2026-06-20T16-47-48/report.md	2026-06-20	0	automated	TC-Q04	FAIL
/Users/sameralzubaidi/Desktop/kids_marketplace_app/e2e-test-results/2026-06-20T16-47-48/report.md	2026-06-20	0	automated	TC-Q05	FAIL
/Users/sameralzubaidi/Desktop/kids_marketplace_app/e2e-test-results/2026-06-20T16-47-48/report.md	2026-06-20	0	automated	TC-Q06	FAIL
/Users/sameralzubaidi/Desktop/kids_marketplace_app/e2e-test-results/2026-06-20T16-47-48/report.md	2026-06-20	0	automated	TC-Q07	FAIL
/Users/sameralzubaidi/Desktop/kids_marketplace_app/e2e-test-results/2026-06-20T16-47-48/report.md	2026-06-20	0	automated	TC-Q08	FAIL
/Users/sameralzubaidi/Desktop/kids_marketplace_app/e2e-test-results/2026-06-20T16-47-48/report.md	2026-06-20	0	automated	TC-Q09	FAIL
/Users/sameralzubaidi/Desktop/kids_marketplace_app/e2e-test-results/2026-06-20T16-47-48/report.md	2026-06-20	0	automated	TC-Q10	FAIL
/Users/sameralzubaidi/Desktop/kids_marketplace_app/e2e-test-results/2026-06-20T16-47-48/report.md	2026-06-20	0	automated	TC-Q12	FAIL
/Users/sameralzubaidi/Desktop/kids_marketplace_app/e2e-test-results/2026-06-20T16-47-48/report.md	2026-06-20	0	automated	TC-Q15	FAIL
/Users/sameralzubaidi/Desktop/kids_marketplace_app/e2e-test-results/2026-06-20T16-47-48/report.md	2026-06-20	0	automated	TC-Q17	FAIL
/Users/sameralzubaidi/Desktop/kids_marketplace_app/e2e-test-results/2026-06-20T16-47-48/report.md	2026-06-20	0	automated	TC-E05	FAIL
/Users/sameralzubaidi/Desktop/kids_marketplace_app/e2e-test-results/2026-06-20T16-47-48/report.md	2026-06-20	0	automated	TC-R10	FAIL
/Users/sameralzubaidi/Desktop/kids_marketplace_app/e2e-test-results/2026-06-20T16-47-48/report.md	2026-06-20	0	automated	TC-E06	FAIL
/Users/sameralzubaidi/Desktop/kids_marketplace_app/e2e-test-results/2026-06-20T16-47-48/report.md	2026-06-20	0	automated	TC-R09	FAIL
/Users/sameralzubaidi/Desktop/kids_marketplace_app/e2e-test-results/2026-06-20T16-47-48/report.md	2026-06-20	0	automated	TC-F01	FAIL
/Users/sameralzubaidi/Desktop/kids_marketplace_app/e2e-test-results/2026-06-20T16-47-48/report.md	2026-06-20	0	automated	TC-F02	FAIL
/Users/sameralzubaidi/Desktop/kids_marketplace_app/e2e-test-results/2026-06-20T16-47-48/report.md	2026-06-20	0	automated	TC-F03	FAIL
/Users/sameralzubaidi/Desktop/kids_marketplace_app/e2e-test-results/2026-06-20T16-47-48/report.md	2026-06-20	0	automated	TC-R08	FAIL
/Users/sameralzubaidi/Desktop/kids_marketplace_app/e2e-test-results/2026-06-20T16-47-48/report.md	2026-06-20	0	automated	TC-G04	FAIL
/Users/sameralzubaidi/Desktop/kids_marketplace_app/e2e-test-results/2026-06-20T16-47-48/report.md	2026-06-20	0	automated	TC-I01	FAIL
/Users/sameralzubaidi/Desktop/kids_marketplace_app/e2e-test-results/2026-06-20T16-47-48/report.md	2026-06-20	0	automated	TC-I02	FAIL
/Users/sameralzubaidi/Desktop/kids_marketplace_app/e2e-test-results/2026-06-20T16-47-48/report.md	2026-06-20	0	automated	TC-I03	FAIL
/Users/sameralzubaidi/Desktop/kids_marketplace_app/e2e-test-results/2026-06-20T16-47-48/report.md	2026-06-20	0	automated	TC-I04	FAIL
/Users/sameralzubaidi/Desktop/kids_marketplace_app/e2e-test-results/2026-06-20T16-47-48/report.md	2026-06-20	0	automated	TC-I05	FAIL
/Users/sameralzubaidi/Desktop/kids_marketplace_app/e2e-test-results/2026-06-20T16-47-48/report.md	2026-06-20	0	automated	TC-M01	FAIL
/Users/sameralzubaidi/Desktop/kids_marketplace_app/e2e-test-results/2026-06-20T16-47-48/report.md	2026-06-20	0	automated	TC-M02	FAIL
/Users/sameralzubaidi/Desktop/kids_marketplace_app/e2e-test-results/2026-06-20T16-47-48/report.md	2026-06-20	0	automated	TC-M03	FAIL
/Users/sameralzubaidi/Desktop/kids_marketplace_app/e2e-test-results/2026-06-20T16-47-48/report.md	2026-06-20	0	automated	TC-M04	FAIL
/Users/sameralzubaidi/Desktop/kids_marketplace_app/e2e-test-results/2026-06-20T16-47-48/report.md	2026-06-20	0	automated	TC-M05	FAIL
/Users/sameralzubaidi/Desktop/kids_marketplace_app/e2e-test-results/2026-06-20T16-47-48/report.md	2026-06-20	0	automated	TC-M06	FAIL
/Users/sameralzubaidi/Desktop/kids_marketplace_app/e2e-test-results/2026-06-20T16-47-48/report.md	2026-06-20	0	automated	TC-M07	FAIL
/Users/sameralzubaidi/Desktop/kids_marketplace_app/e2e-test-results/2026-06-20T16-47-48/report.md	2026-06-20	0	automated	TC-M08	FAIL
/Users/sameralzubaidi/Desktop/kids_marketplace_app/e2e-test-results/2026-06-20T16-47-48/report.md	2026-06-20	0	automated	TC-M09	FAIL
/Users/sameralzubaidi/Desktop/kids_marketplace_app/e2e-test-results/2026-06-20T16-47-48/report.md	2026-06-20	0	automated	TC-M10	FAIL
/Users/sameralzubaidi/Desktop/kids_marketplace_app/e2e-test-results/2026-06-20T16-47-48/report.md	2026-06-20	0	automated	TC-M11	FAIL
/Users/sameralzubaidi/Desktop/kids_marketplace_app/e2e-test-results/2026-06-20T16-47-48/report.md	2026-06-20	0	automated	TC-M12	FAIL
/Users/sameralzubaidi/Desktop/kids_marketplace_app/e2e-test-results/2026-06-20T16-47-48/report.md	2026-06-20	0	automated	TC-M14	FAIL
/Users/sameralzubaidi/Desktop/kids_marketplace_app/e2e-test-results/2026-06-20T16-47-48/report.md	2026-06-20	0	automated	TC-M15	FAIL
/Users/sameralzubaidi/Desktop/kids_marketplace_app/e2e-test-results/2026-06-20T16-47-48/report.md	2026-06-20	0	automated	TC-N01	FAIL
/Users/sameralzubaidi/Desktop/kids_marketplace_app/e2e-test-results/2026-06-20T16-47-48/report.md	2026-06-20	0	automated	TC-N02	FAIL
/Users/sameralzubaidi/Desktop/kids_marketplace_app/e2e-test-results/2026-06-20T16-47-48/report.md	2026-06-20	0	automated	TC-O01	FAIL
/Users/sameralzubaidi/Desktop/kids_marketplace_app/e2e-test-results/2026-06-20T16-47-48/report.md	2026-06-20	0	automated	TC-O02	FAIL
/Users/sameralzubaidi/Desktop/kids_marketplace_app/e2e-test-results/2026-06-20T16-47-48/report.md	2026-06-20	0	automated	TC-O03	FAIL
/Users/sameralzubaidi/Desktop/kids_marketplace_app/e2e-test-results/2026-06-20T16-47-48/report.md	2026-06-20	0	automated	TC-O04	FAIL
/Users/sameralzubaidi/Desktop/kids_marketplace_app/e2e-test-results/2026-06-20T16-47-48/report.md	2026-06-20	0	automated	TC-O05	FAIL
/Users/sameralzubaidi/Desktop/kids_marketplace_app/e2e-test-results/2026-06-20T16-47-48/report.md	2026-06-20	0	automated	TC-O06	FAIL
/Users/sameralzubaidi/Desktop/kids_marketplace_app/e2e-test-results/2026-06-20T16-47-48/report.md	2026-06-20	0	automated	TC-O07	FAIL
/Users/sameralzubaidi/Desktop/kids_marketplace_app/e2e-test-results/2026-06-20T16-47-48/report.md	2026-06-20	0	automated	TC-P01	FAIL
/Users/sameralzubaidi/Desktop/kids_marketplace_app/e2e-test-results/2026-06-20T16-47-48/report.md	2026-06-20	0	automated	TC-P02	FAIL
/Users/sameralzubaidi/Desktop/kids_marketplace_app/e2e-test-results/2026-06-20T16-47-48/report.md	2026-06-20	0	automated	TC-P03	FAIL
/Users/sameralzubaidi/Desktop/kids_marketplace_app/e2e-test-results/2026-06-20T16-47-48/report.md	2026-06-20	0	automated	TC-P04	FAIL
/Users/sameralzubaidi/Desktop/kids_marketplace_app/e2e-test-results/2026-06-20T16-47-48/report.md	2026-06-20	0	automated	TC-P05	FAIL
/Users/sameralzubaidi/Desktop/kids_marketplace_app/e2e-test-results/2026-06-20T16-47-48/report.md	2026-06-20	0	automated	TC-P06	FAIL
/Users/sameralzubaidi/Desktop/kids_marketplace_app/e2e-test-results/2026-06-20T16-47-48/report.md	2026-06-20	0	automated	TC-P07	FAIL
/Users/sameralzubaidi/Desktop/kids_marketplace_app/e2e-test-results/2026-06-20T16-47-48/report.md	2026-06-20	0	automated	TC-P08	FAIL
/Users/sameralzubaidi/Desktop/kids_marketplace_app/e2e-test-results/2026-06-20T16-47-48/report.md	2026-06-20	0	automated	TC-Q18	FAIL
/Users/sameralzubaidi/Desktop/kids_marketplace_app/e2e-test-results/2026-06-20T16-47-48/report.md	2026-06-20	0	automated	TC-Q19	FAIL
/Users/sameralzubaidi/Desktop/kids_marketplace_app/e2e-test-results/2026-06-20T16-47-48/report.md	2026-06-20	0	automated	TC-Q20	FAIL
/Users/sameralzubaidi/Desktop/kids_marketplace_app/e2e-test-results/2026-06-20T16-47-48/report.md	2026-06-20	0	automated	TC-B02	SKIPPED
/Users/sameralzubaidi/Desktop/kids_marketplace_app/e2e-test-results/2026-06-20T16-47-48/report.md	2026-06-20	0	automated	TC-B06	SKIPPED
/Users/sameralzubaidi/Desktop/kids_marketplace_app/e2e-test-results/2026-06-20T16-47-48/report.md	2026-06-20	0	automated	TC-C03	SKIPPED
/Users/sameralzubaidi/Desktop/kids_marketplace_app/e2e-test-results/2026-06-20T16-47-48/report.md	2026-06-20	0	automated	TC-G01	SKIPPED
/Users/sameralzubaidi/Desktop/kids_marketplace_app/e2e-test-results/2026-06-20T16-47-48/report.md	2026-06-20	0	automated	TC-G02	SKIPPED
/Users/sameralzubaidi/Desktop/kids_marketplace_app/e2e-test-results/2026-06-20T16-47-48/report.md	2026-06-20	0	automated	TC-G03	SKIPPED
/Users/sameralzubaidi/Desktop/kids_marketplace_app/e2e-test-results/2026-06-20T16-47-48/report.md	2026-06-20	0	automated	TC-M13	SKIPPED
/Users/sameralzubaidi/Desktop/kids_marketplace_app/e2e-test-results/2026-06-20T16-47-48/report.md	2026-06-20	0	automated	TC-Q11	SKIPPED
/Users/sameralzubaidi/Desktop/kids_marketplace_app/e2e-test-results/2026-06-20T16-47-48/report.md	2026-06-20	0	automated	TC-Q13	SKIPPED
/Users/sameralzubaidi/Desktop/kids_marketplace_app/e2e-test-results/2026-06-20T16-47-48/report.md	2026-06-20	0	automated	TC-Q14	SKIPPED
/Users/sameralzubaidi/Desktop/kids_marketplace_app/e2e-test-results/2026-06-20T16-47-48/report.md	2026-06-20	0	automated	TC-Q16	SKIPPED
/Users/sameralzubaidi/Desktop/kids_marketplace_app/e2e-test-results/2026-06-20T16-47-48/report.md	2026-06-20	0	automated	TC-R03	SKIPPED
/Users/sameralzubaidi/Desktop/kids_marketplace_app/e2e-test-results/2026-06-20T16-47-48/report.md	2026-06-20	0	automated	TC-R04	SKIPPED
/Users/sameralzubaidi/Desktop/kids_marketplace_app/e2e-test-results/2026-06-20T16-47-48/report.md	2026-06-20	0	automated	TC-R11	SKIPPED
/Users/sameralzubaidi/Desktop/kids_marketplace_app/e2e-test-results/2026-06-20T16-47-48/report.md	2026-06-20	0	automated	TC-R12	SKIPPED
/Users/sameralzubaidi/Desktop/kids_marketplace_app/e2e-test-results/2026-06-24T21-08-11/report.md	2026-06-24	0	automated	REG-R01	FAIL
/Users/sameralzubaidi/Desktop/kids_marketplace_app/e2e-test-results/2026-06-24T21-08-11/report.md	2026-06-24	0	automated	REG-R03	FAIL
/Users/sameralzubaidi/Desktop/kids_marketplace_app/e2e-test-results/2026-06-24T21-08-11/report.md	2026-06-24	0	automated	REG-R04	FAIL
/Users/sameralzubaidi/Desktop/kids_marketplace_app/e2e-test-results/2026-06-24T21-08-11/report.md	2026-06-24	0	automated	TC-J01	FAIL
/Users/sameralzubaidi/Desktop/kids_marketplace_app/e2e-test-results/2026-06-24T21-08-11/report.md	2026-06-24	0	automated	TC-J02	FAIL
/Users/sameralzubaidi/Desktop/kids_marketplace_app/e2e-test-results/2026-06-24T21-08-11/report.md	2026-06-24	0	automated	TC-J03	FAIL
/Users/sameralzubaidi/Desktop/kids_marketplace_app/e2e-test-results/2026-06-24T21-08-11/report.md	2026-06-24	0	automated	TC-J04	FAIL
/Users/sameralzubaidi/Desktop/kids_marketplace_app/e2e-test-results/2026-06-24T21-08-11/report.md	2026-06-24	0	automated	TC-J05	FAIL
/Users/sameralzubaidi/Desktop/kids_marketplace_app/e2e-test-results/2026-06-24T21-08-11/report.md	2026-06-24	0	automated	TC-K01	FAIL
/Users/sameralzubaidi/Desktop/kids_marketplace_app/e2e-test-results/2026-06-24T21-08-11/report.md	2026-06-24	0	automated	TC-K02	FAIL
/Users/sameralzubaidi/Desktop/kids_marketplace_app/e2e-test-results/2026-06-24T21-08-11/report.md	2026-06-24	0	automated	TC-K03	FAIL
/Users/sameralzubaidi/Desktop/kids_marketplace_app/e2e-test-results/2026-06-24T21-08-11/report.md	2026-06-24	0	automated	TC-L01	FAIL
/Users/sameralzubaidi/Desktop/kids_marketplace_app/e2e-test-results/2026-06-24T21-08-11/report.md	2026-06-24	0	automated	TC-L02	FAIL
/Users/sameralzubaidi/Desktop/kids_marketplace_app/e2e-test-results/2026-06-24T21-08-11/report.md	2026-06-24	0	automated	TC-L03	FAIL
/Users/sameralzubaidi/Desktop/kids_marketplace_app/e2e-test-results/2026-06-24T21-08-11/report.md	2026-06-24	0	automated	TC-L04	FAIL
/Users/sameralzubaidi/Desktop/kids_marketplace_app/e2e-test-results/2026-06-24T21-08-11/report.md	2026-06-24	0	automated	TC-L05	FAIL
/Users/sameralzubaidi/Desktop/kids_marketplace_app/e2e-test-results/2026-06-24T21-08-11/report.md	2026-06-24	0	automated	TC-L06	FAIL
/Users/sameralzubaidi/Desktop/kids_marketplace_app/e2e-test-results/2026-06-24T21-08-11/report.md	2026-06-24	0	automated	TC-L07	FAIL
/Users/sameralzubaidi/Desktop/kids_marketplace_app/e2e-test-results/2026-06-24T21-08-11/report.md	2026-06-24	0	automated	TC-L08	FAIL
/Users/sameralzubaidi/Desktop/kids_marketplace_app/e2e-test-results/2026-06-24T21-08-11/report.md	2026-06-24	0	automated	TC-R05	FAIL
/Users/sameralzubaidi/Desktop/kids_marketplace_app/e2e-test-results/2026-06-24T21-08-11/report.md	2026-06-24	0	automated	TC-R06	FAIL
/Users/sameralzubaidi/Desktop/kids_marketplace_app/e2e-test-results/2026-06-24T21-08-11/report.md	2026-06-24	0	automated	REG-R02	FAIL
/Users/sameralzubaidi/Desktop/kids_marketplace_app/e2e-test-results/2026-06-24T21-08-11/report.md	2026-06-24	0	automated	TC-A04	FAIL
/Users/sameralzubaidi/Desktop/kids_marketplace_app/e2e-test-results/2026-06-24T21-08-11/report.md	2026-06-24	0	automated	TC-B01	FAIL
/Users/sameralzubaidi/Desktop/kids_marketplace_app/e2e-test-results/2026-06-24T21-08-11/report.md	2026-06-24	0	automated	TC-B03	FAIL
/Users/sameralzubaidi/Desktop/kids_marketplace_app/e2e-test-results/2026-06-24T21-08-11/report.md	2026-06-24	0	automated	TC-B04	FAIL
/Users/sameralzubaidi/Desktop/kids_marketplace_app/e2e-test-results/2026-06-24T21-08-11/report.md	2026-06-24	0	automated	TC-B05	FAIL
/Users/sameralzubaidi/Desktop/kids_marketplace_app/e2e-test-results/2026-06-24T21-08-11/report.md	2026-06-24	0	automated	TC-R01	FAIL
/Users/sameralzubaidi/Desktop/kids_marketplace_app/e2e-test-results/2026-06-24T21-08-11/report.md	2026-06-24	0	automated	TC-R02	FAIL
/Users/sameralzubaidi/Desktop/kids_marketplace_app/e2e-test-results/2026-06-24T21-08-11/report.md	2026-06-24	0	automated	TC-R13	FAIL
/Users/sameralzubaidi/Desktop/kids_marketplace_app/e2e-test-results/2026-06-24T21-08-11/report.md	2026-06-24	0	automated	REG-R05	FAIL
/Users/sameralzubaidi/Desktop/kids_marketplace_app/e2e-test-results/2026-06-24T21-08-11/report.md	2026-06-24	0	automated	TC-D01	FAIL
/Users/sameralzubaidi/Desktop/kids_marketplace_app/e2e-test-results/2026-06-24T21-08-11/report.md	2026-06-24	0	automated	TC-D02	FAIL
/Users/sameralzubaidi/Desktop/kids_marketplace_app/e2e-test-results/2026-06-24T21-08-11/report.md	2026-06-24	0	automated	TC-D03	FAIL
/Users/sameralzubaidi/Desktop/kids_marketplace_app/e2e-test-results/2026-06-24T21-08-11/report.md	2026-06-24	0	automated	TC-D04	FAIL
/Users/sameralzubaidi/Desktop/kids_marketplace_app/e2e-test-results/2026-06-24T21-08-11/report.md	2026-06-24	0	automated	TC-D05	FAIL
/Users/sameralzubaidi/Desktop/kids_marketplace_app/e2e-test-results/2026-06-24T21-08-11/report.md	2026-06-24	0	automated	REG-R06	FAIL
/Users/sameralzubaidi/Desktop/kids_marketplace_app/e2e-test-results/2026-06-24T21-08-11/report.md	2026-06-24	0	automated	REG-R07	FAIL
/Users/sameralzubaidi/Desktop/kids_marketplace_app/e2e-test-results/2026-06-24T21-08-11/report.md	2026-06-24	0	automated	TC-C01	FAIL
/Users/sameralzubaidi/Desktop/kids_marketplace_app/e2e-test-results/2026-06-24T21-08-11/report.md	2026-06-24	0	automated	TC-C02	FAIL
/Users/sameralzubaidi/Desktop/kids_marketplace_app/e2e-test-results/2026-06-24T21-08-11/report.md	2026-06-24	0	automated	TC-C04	FAIL
/Users/sameralzubaidi/Desktop/kids_marketplace_app/e2e-test-results/2026-06-24T21-08-11/report.md	2026-06-24	0	automated	TC-C05	FAIL
/Users/sameralzubaidi/Desktop/kids_marketplace_app/e2e-test-results/2026-06-24T21-08-11/report.md	2026-06-24	0	automated	TC-C06	FAIL
/Users/sameralzubaidi/Desktop/kids_marketplace_app/e2e-test-results/2026-06-24T21-08-11/report.md	2026-06-24	0	automated	TC-R07	FAIL
/Users/sameralzubaidi/Desktop/kids_marketplace_app/e2e-test-results/2026-06-24T21-08-11/report.md	2026-06-24	0	automated	REG-R08	FAIL
/Users/sameralzubaidi/Desktop/kids_marketplace_app/e2e-test-results/2026-06-24T21-08-11/report.md	2026-06-24	0	automated	TC-C07	FAIL
/Users/sameralzubaidi/Desktop/kids_marketplace_app/e2e-test-results/2026-06-24T21-08-11/report.md	2026-06-24	0	automated	TC-C08	FAIL
/Users/sameralzubaidi/Desktop/kids_marketplace_app/e2e-test-results/2026-06-24T21-08-11/report.md	2026-06-24	0	automated	TC-A01	FAIL
/Users/sameralzubaidi/Desktop/kids_marketplace_app/e2e-test-results/2026-06-24T21-08-11/report.md	2026-06-24	0	automated	TC-A02	FAIL
/Users/sameralzubaidi/Desktop/kids_marketplace_app/e2e-test-results/2026-06-24T21-08-11/report.md	2026-06-24	0	automated	TC-A03	FAIL
/Users/sameralzubaidi/Desktop/kids_marketplace_app/e2e-test-results/2026-06-24T21-08-11/report.md	2026-06-24	0	automated	TC-E01	FAIL
/Users/sameralzubaidi/Desktop/kids_marketplace_app/e2e-test-results/2026-06-24T21-08-11/report.md	2026-06-24	0	automated	TC-E02	FAIL
/Users/sameralzubaidi/Desktop/kids_marketplace_app/e2e-test-results/2026-06-24T21-08-11/report.md	2026-06-24	0	automated	TC-E03	FAIL
/Users/sameralzubaidi/Desktop/kids_marketplace_app/e2e-test-results/2026-06-24T21-08-11/report.md	2026-06-24	0	automated	TC-E04	FAIL
/Users/sameralzubaidi/Desktop/kids_marketplace_app/e2e-test-results/2026-06-24T21-08-11/report.md	2026-06-24	0	automated	TC-H01	FAIL
/Users/sameralzubaidi/Desktop/kids_marketplace_app/e2e-test-results/2026-06-24T21-08-11/report.md	2026-06-24	0	automated	TC-H02	FAIL
/Users/sameralzubaidi/Desktop/kids_marketplace_app/e2e-test-results/2026-06-24T21-08-11/report.md	2026-06-24	0	automated	TC-H03	FAIL
/Users/sameralzubaidi/Desktop/kids_marketplace_app/e2e-test-results/2026-06-24T21-08-11/report.md	2026-06-24	0	automated	TC-H04	FAIL
/Users/sameralzubaidi/Desktop/kids_marketplace_app/e2e-test-results/2026-06-24T21-08-11/report.md	2026-06-24	0	automated	TC-Q01	FAIL
/Users/sameralzubaidi/Desktop/kids_marketplace_app/e2e-test-results/2026-06-24T21-08-11/report.md	2026-06-24	0	automated	TC-Q02	FAIL
/Users/sameralzubaidi/Desktop/kids_marketplace_app/e2e-test-results/2026-06-24T21-08-11/report.md	2026-06-24	0	automated	TC-Q03	FAIL
/Users/sameralzubaidi/Desktop/kids_marketplace_app/e2e-test-results/2026-06-24T21-08-11/report.md	2026-06-24	0	automated	TC-Q04	FAIL
/Users/sameralzubaidi/Desktop/kids_marketplace_app/e2e-test-results/2026-06-24T21-08-11/report.md	2026-06-24	0	automated	TC-Q05	FAIL
/Users/sameralzubaidi/Desktop/kids_marketplace_app/e2e-test-results/2026-06-24T21-08-11/report.md	2026-06-24	0	automated	TC-Q06	FAIL
/Users/sameralzubaidi/Desktop/kids_marketplace_app/e2e-test-results/2026-06-24T21-08-11/report.md	2026-06-24	0	automated	TC-Q07	FAIL
/Users/sameralzubaidi/Desktop/kids_marketplace_app/e2e-test-results/2026-06-24T21-08-11/report.md	2026-06-24	0	automated	TC-Q08	FAIL
/Users/sameralzubaidi/Desktop/kids_marketplace_app/e2e-test-results/2026-06-24T21-08-11/report.md	2026-06-24	0	automated	TC-Q09	FAIL
/Users/sameralzubaidi/Desktop/kids_marketplace_app/e2e-test-results/2026-06-24T21-08-11/report.md	2026-06-24	0	automated	TC-Q10	FAIL
/Users/sameralzubaidi/Desktop/kids_marketplace_app/e2e-test-results/2026-06-24T21-08-11/report.md	2026-06-24	0	automated	TC-Q12	FAIL
/Users/sameralzubaidi/Desktop/kids_marketplace_app/e2e-test-results/2026-06-24T21-08-11/report.md	2026-06-24	0	automated	TC-Q15	FAIL
/Users/sameralzubaidi/Desktop/kids_marketplace_app/e2e-test-results/2026-06-24T21-08-11/report.md	2026-06-24	0	automated	TC-Q17	FAIL
/Users/sameralzubaidi/Desktop/kids_marketplace_app/e2e-test-results/2026-06-24T21-08-11/report.md	2026-06-24	0	automated	TC-E05	FAIL
/Users/sameralzubaidi/Desktop/kids_marketplace_app/e2e-test-results/2026-06-24T21-08-11/report.md	2026-06-24	0	automated	TC-R10	FAIL
/Users/sameralzubaidi/Desktop/kids_marketplace_app/e2e-test-results/2026-06-24T21-08-11/report.md	2026-06-24	0	automated	TC-E06	FAIL
/Users/sameralzubaidi/Desktop/kids_marketplace_app/e2e-test-results/2026-06-24T21-08-11/report.md	2026-06-24	0	automated	TC-R09	FAIL
/Users/sameralzubaidi/Desktop/kids_marketplace_app/e2e-test-results/2026-06-24T21-08-11/report.md	2026-06-24	0	automated	TC-F01	FAIL
/Users/sameralzubaidi/Desktop/kids_marketplace_app/e2e-test-results/2026-06-24T21-08-11/report.md	2026-06-24	0	automated	TC-F02	FAIL
/Users/sameralzubaidi/Desktop/kids_marketplace_app/e2e-test-results/2026-06-24T21-08-11/report.md	2026-06-24	0	automated	TC-F03	FAIL
/Users/sameralzubaidi/Desktop/kids_marketplace_app/e2e-test-results/2026-06-24T21-08-11/report.md	2026-06-24	0	automated	TC-R08	FAIL
/Users/sameralzubaidi/Desktop/kids_marketplace_app/e2e-test-results/2026-06-24T21-08-11/report.md	2026-06-24	0	automated	TC-G04	FAIL
/Users/sameralzubaidi/Desktop/kids_marketplace_app/e2e-test-results/2026-06-24T21-08-11/report.md	2026-06-24	0	automated	TC-I01	FAIL
/Users/sameralzubaidi/Desktop/kids_marketplace_app/e2e-test-results/2026-06-24T21-08-11/report.md	2026-06-24	0	automated	TC-I02	FAIL
/Users/sameralzubaidi/Desktop/kids_marketplace_app/e2e-test-results/2026-06-24T21-08-11/report.md	2026-06-24	0	automated	TC-I03	FAIL
/Users/sameralzubaidi/Desktop/kids_marketplace_app/e2e-test-results/2026-06-24T21-08-11/report.md	2026-06-24	0	automated	TC-I04	FAIL
/Users/sameralzubaidi/Desktop/kids_marketplace_app/e2e-test-results/2026-06-24T21-08-11/report.md	2026-06-24	0	automated	TC-I05	FAIL
/Users/sameralzubaidi/Desktop/kids_marketplace_app/e2e-test-results/2026-06-24T21-08-11/report.md	2026-06-24	0	automated	TC-M01	FAIL
/Users/sameralzubaidi/Desktop/kids_marketplace_app/e2e-test-results/2026-06-24T21-08-11/report.md	2026-06-24	0	automated	TC-M02	FAIL
/Users/sameralzubaidi/Desktop/kids_marketplace_app/e2e-test-results/2026-06-24T21-08-11/report.md	2026-06-24	0	automated	TC-M03	FAIL
/Users/sameralzubaidi/Desktop/kids_marketplace_app/e2e-test-results/2026-06-24T21-08-11/report.md	2026-06-24	0	automated	TC-M04	FAIL
/Users/sameralzubaidi/Desktop/kids_marketplace_app/e2e-test-results/2026-06-24T21-08-11/report.md	2026-06-24	0	automated	TC-M05	FAIL
/Users/sameralzubaidi/Desktop/kids_marketplace_app/e2e-test-results/2026-06-24T21-08-11/report.md	2026-06-24	0	automated	TC-M06	FAIL
/Users/sameralzubaidi/Desktop/kids_marketplace_app/e2e-test-results/2026-06-24T21-08-11/report.md	2026-06-24	0	automated	TC-M07	FAIL
/Users/sameralzubaidi/Desktop/kids_marketplace_app/e2e-test-results/2026-06-24T21-08-11/report.md	2026-06-24	0	automated	TC-M08	FAIL
/Users/sameralzubaidi/Desktop/kids_marketplace_app/e2e-test-results/2026-06-24T21-08-11/report.md	2026-06-24	0	automated	TC-M09	FAIL
/Users/sameralzubaidi/Desktop/kids_marketplace_app/e2e-test-results/2026-06-24T21-08-11/report.md	2026-06-24	0	automated	TC-M10	FAIL
/Users/sameralzubaidi/Desktop/kids_marketplace_app/e2e-test-results/2026-06-24T21-08-11/report.md	2026-06-24	0	automated	TC-M11	FAIL
/Users/sameralzubaidi/Desktop/kids_marketplace_app/e2e-test-results/2026-06-24T21-08-11/report.md	2026-06-24	0	automated	TC-M12	FAIL
/Users/sameralzubaidi/Desktop/kids_marketplace_app/e2e-test-results/2026-06-24T21-08-11/report.md	2026-06-24	0	automated	TC-M14	FAIL
/Users/sameralzubaidi/Desktop/kids_marketplace_app/e2e-test-results/2026-06-24T21-08-11/report.md	2026-06-24	0	automated	TC-M15	FAIL
/Users/sameralzubaidi/Desktop/kids_marketplace_app/e2e-test-results/2026-06-24T21-08-11/report.md	2026-06-24	0	automated	TC-N01	FAIL
/Users/sameralzubaidi/Desktop/kids_marketplace_app/e2e-test-results/2026-06-24T21-08-11/report.md	2026-06-24	0	automated	TC-N02	FAIL
/Users/sameralzubaidi/Desktop/kids_marketplace_app/e2e-test-results/2026-06-24T21-08-11/report.md	2026-06-24	0	automated	TC-O01	FAIL
/Users/sameralzubaidi/Desktop/kids_marketplace_app/e2e-test-results/2026-06-24T21-08-11/report.md	2026-06-24	0	automated	TC-O02	FAIL
/Users/sameralzubaidi/Desktop/kids_marketplace_app/e2e-test-results/2026-06-24T21-08-11/report.md	2026-06-24	0	automated	TC-O03	FAIL
/Users/sameralzubaidi/Desktop/kids_marketplace_app/e2e-test-results/2026-06-24T21-08-11/report.md	2026-06-24	0	automated	TC-O04	FAIL
/Users/sameralzubaidi/Desktop/kids_marketplace_app/e2e-test-results/2026-06-24T21-08-11/report.md	2026-06-24	0	automated	TC-O05	FAIL
/Users/sameralzubaidi/Desktop/kids_marketplace_app/e2e-test-results/2026-06-24T21-08-11/report.md	2026-06-24	0	automated	TC-O06	FAIL
/Users/sameralzubaidi/Desktop/kids_marketplace_app/e2e-test-results/2026-06-24T21-08-11/report.md	2026-06-24	0	automated	TC-O07	FAIL
/Users/sameralzubaidi/Desktop/kids_marketplace_app/e2e-test-results/2026-06-24T21-08-11/report.md	2026-06-24	0	automated	TC-P01	FAIL
/Users/sameralzubaidi/Desktop/kids_marketplace_app/e2e-test-results/2026-06-24T21-08-11/report.md	2026-06-24	0	automated	TC-P02	FAIL
/Users/sameralzubaidi/Desktop/kids_marketplace_app/e2e-test-results/2026-06-24T21-08-11/report.md	2026-06-24	0	automated	TC-P03	FAIL
/Users/sameralzubaidi/Desktop/kids_marketplace_app/e2e-test-results/2026-06-24T21-08-11/report.md	2026-06-24	0	automated	TC-P04	FAIL
/Users/sameralzubaidi/Desktop/kids_marketplace_app/e2e-test-results/2026-06-24T21-08-11/report.md	2026-06-24	0	automated	TC-P05	FAIL
/Users/sameralzubaidi/Desktop/kids_marketplace_app/e2e-test-results/2026-06-24T21-08-11/report.md	2026-06-24	0	automated	TC-P06	FAIL
/Users/sameralzubaidi/Desktop/kids_marketplace_app/e2e-test-results/2026-06-24T21-08-11/report.md	2026-06-24	0	automated	TC-P07	FAIL
/Users/sameralzubaidi/Desktop/kids_marketplace_app/e2e-test-results/2026-06-24T21-08-11/report.md	2026-06-24	0	automated	TC-P08	FAIL
/Users/sameralzubaidi/Desktop/kids_marketplace_app/e2e-test-results/2026-06-24T21-08-11/report.md	2026-06-24	0	automated	TC-Q18	FAIL
/Users/sameralzubaidi/Desktop/kids_marketplace_app/e2e-test-results/2026-06-24T21-08-11/report.md	2026-06-24	0	automated	TC-Q19	FAIL
/Users/sameralzubaidi/Desktop/kids_marketplace_app/e2e-test-results/2026-06-24T21-08-11/report.md	2026-06-24	0	automated	TC-Q20	FAIL
/Users/sameralzubaidi/Desktop/kids_marketplace_app/e2e-test-results/2026-06-24T21-08-11/report.md	2026-06-24	0	automated	TC-B02	SKIPPED
/Users/sameralzubaidi/Desktop/kids_marketplace_app/e2e-test-results/2026-06-24T21-08-11/report.md	2026-06-24	0	automated	TC-B06	SKIPPED
/Users/sameralzubaidi/Desktop/kids_marketplace_app/e2e-test-results/2026-06-24T21-08-11/report.md	2026-06-24	0	automated	TC-C03	SKIPPED
/Users/sameralzubaidi/Desktop/kids_marketplace_app/e2e-test-results/2026-06-24T21-08-11/report.md	2026-06-24	0	automated	TC-G01	SKIPPED
/Users/sameralzubaidi/Desktop/kids_marketplace_app/e2e-test-results/2026-06-24T21-08-11/report.md	2026-06-24	0	automated	TC-G02	SKIPPED
/Users/sameralzubaidi/Desktop/kids_marketplace_app/e2e-test-results/2026-06-24T21-08-11/report.md	2026-06-24	0	automated	TC-G03	SKIPPED
/Users/sameralzubaidi/Desktop/kids_marketplace_app/e2e-test-results/2026-06-24T21-08-11/report.md	2026-06-24	0	automated	TC-M13	SKIPPED
/Users/sameralzubaidi/Desktop/kids_marketplace_app/e2e-test-results/2026-06-24T21-08-11/report.md	2026-06-24	0	automated	TC-Q11	SKIPPED
/Users/sameralzubaidi/Desktop/kids_marketplace_app/e2e-test-results/2026-06-24T21-08-11/report.md	2026-06-24	0	automated	TC-Q13	SKIPPED
/Users/sameralzubaidi/Desktop/kids_marketplace_app/e2e-test-results/2026-06-24T21-08-11/report.md	2026-06-24	0	automated	TC-Q14	SKIPPED
/Users/sameralzubaidi/Desktop/kids_marketplace_app/e2e-test-results/2026-06-24T21-08-11/report.md	2026-06-24	0	automated	TC-Q16	SKIPPED
/Users/sameralzubaidi/Desktop/kids_marketplace_app/e2e-test-results/2026-06-24T21-08-11/report.md	2026-06-24	0	automated	TC-R03	SKIPPED
/Users/sameralzubaidi/Desktop/kids_marketplace_app/e2e-test-results/2026-06-24T21-08-11/report.md	2026-06-24	0	automated	TC-R04	SKIPPED
/Users/sameralzubaidi/Desktop/kids_marketplace_app/e2e-test-results/2026-06-24T21-08-11/report.md	2026-06-24	0	automated	TC-R11	SKIPPED
/Users/sameralzubaidi/Desktop/kids_marketplace_app/e2e-test-results/2026-06-24T21-08-11/report.md	2026-06-24	0	automated	TC-R12	SKIPPED
/Users/sameralzubaidi/Desktop/kids_marketplace_app/e2e-test-results/phase14-auth-pw-recovery-2026-08-16/report.md	2026-08-16	0	manual	AUTH-TC-S01	PASS
/Users/sameralzubaidi/Desktop/kids_marketplace_app/e2e-test-results/phase14-auth-pw-recovery-2026-08-16/report.md	2026-08-16	0	manual	AUTH-TC-S02	PASS
/Users/sameralzubaidi/Desktop/kids_marketplace_app/e2e-test-results/phase14-auth-pw-recovery-2026-08-16/report.md	2026-08-16	0	manual	AUTH-TC-S03	BLOCKED
/Users/sameralzubaidi/Desktop/kids_marketplace_app/e2e-test-results/phase14-auth-pw-recovery-2026-08-16/report.md	2026-08-16	0	manual	AUTH-TC-S04	BLOCKED
/Users/sameralzubaidi/Desktop/kids_marketplace_app/e2e-test-results/phase14-auth-pw-recovery-2026-08-16/report.md	2026-08-16	0	manual	AUTH-TC-S05	PASS
/Users/sameralzubaidi/Desktop/kids_marketplace_app/e2e-test-results/phase14-auth-pw-recovery-2026-08-16/report.md	2026-08-16	0	manual	AUTH-TC-S07	BLOCKED
/Users/sameralzubaidi/Desktop/kids_marketplace_app/e2e-test-results/phase14-auth-pw-recovery-2026-08-16/report.md	2026-08-16	0	manual	AUTH-TC-S08	BLOCKED
/Users/sameralzubaidi/Desktop/kids_marketplace_app/e2e-test-results/phase14-auth-pw-recovery-2026-08-16/report.md	2026-08-16	0	manual	AUTH-TC-S10	BLOCKED
/Users/sameralzubaidi/Desktop/kids_marketplace_app/e2e-test-results/phase15-auth-group-s-reverify-2026-08-16/report.md	2026-08-16	0	manual	AUTH-TC-S07	PASS
/Users/sameralzubaidi/Desktop/kids_marketplace_app/e2e-test-results/phase15-auth-group-s-reverify-2026-08-16/report.md	2026-08-16	0	manual	AUTH-TC-S08	BLOCKED
/Users/sameralzubaidi/Desktop/kids_marketplace_app/e2e-test-results/phase15-auth-group-s-reverify-2026-08-16/report.md	2026-08-16	0	manual	AUTH-TC-S09	PASS
/Users/sameralzubaidi/Desktop/kids_marketplace_app/e2e-test-results/phase15-auth-group-s-reverify-2026-08-16/report.md	2026-08-16	0	manual	AUTH-TC-S10	PASS
/Users/sameralzubaidi/Desktop/kids_marketplace_app/e2e-test-results/phase15-auth-group-s-reverify-2026-08-16/report.md	2026-08-16	0	manual	AUTH-TC-S11	PASS
/Users/sameralzubaidi/Desktop/kids_marketplace_app/e2e-test-results/phase16-auth-group-s-closeout-2026-08-16/report.md	2026-08-16	0	manual	AUTH-TC-S08	PASS
/Users/sameralzubaidi/Desktop/kids_marketplace_app/e2e-test-results/phase16-auth-group-s-closeout-2026-08-16/report.md	2026-08-16	0	manual	AUTH-TC-S11	PASS
/Users/sameralzubaidi/Desktop/kids_marketplace_app/e2e-test-results/phase16-auth-group-s-closeout-2026-08-16/report.md	2026-08-16	0	manual	AUTH-TC-S09	PASS
/Users/sameralzubaidi/Desktop/kids_marketplace_app/e2e-test-results/phase17-auth-groups-ab-2026-08-16/report.md	2026-08-16	0	manual	AUTH-TC-A01	PASS
/Users/sameralzubaidi/Desktop/kids_marketplace_app/e2e-test-results/phase17-auth-groups-ab-2026-08-16/report.md	2026-08-16	0	manual	AUTH-TC-A02	PASS
/Users/sameralzubaidi/Desktop/kids_marketplace_app/e2e-test-results/phase17-auth-groups-ab-2026-08-16/report.md	2026-08-16	0	manual	AUTH-TC-A03	PASS
/Users/sameralzubaidi/Desktop/kids_marketplace_app/e2e-test-results/phase17-auth-groups-ab-2026-08-16/report.md	2026-08-16	0	manual	AUTH-TC-A04	PASS
/Users/sameralzubaidi/Desktop/kids_marketplace_app/e2e-test-results/phase17-auth-groups-ab-2026-08-16/report.md	2026-08-16	0	manual	AUTH-TC-A05	PASS
/Users/sameralzubaidi/Desktop/kids_marketplace_app/e2e-test-results/phase17-auth-groups-ab-2026-08-16/report.md	2026-08-16	0	manual	AUTH-TC-A06	PASS
/Users/sameralzubaidi/Desktop/kids_marketplace_app/e2e-test-results/phase17-auth-groups-ab-2026-08-16/report.md	2026-08-16	0	manual	AUTH-TC-A07	PASS
/Users/sameralzubaidi/Desktop/kids_marketplace_app/e2e-test-results/phase17-auth-groups-ab-2026-08-16/report.md	2026-08-16	0	manual	AUTH-TC-A08	PASS
/Users/sameralzubaidi/Desktop/kids_marketplace_app/e2e-test-results/phase17-auth-groups-ab-2026-08-16/report.md	2026-08-16	0	manual	AUTH-TC-B01	PASS
/Users/sameralzubaidi/Desktop/kids_marketplace_app/e2e-test-results/phase17-auth-groups-ab-2026-08-16/report.md	2026-08-16	0	manual	AUTH-TC-B02	PASS
/Users/sameralzubaidi/Desktop/kids_marketplace_app/e2e-test-results/phase17-auth-groups-ab-2026-08-16/report.md	2026-08-16	0	manual	AUTH-TC-B03	PASS
/Users/sameralzubaidi/Desktop/kids_marketplace_app/e2e-test-results/phase17-auth-groups-ab-2026-08-16/report.md	2026-08-16	0	manual	AUTH-TC-B04	PASS
/Users/sameralzubaidi/Desktop/kids_marketplace_app/e2e-test-results/phase17-auth-groups-ab-2026-08-16/report.md	2026-08-16	0	manual	AUTH-TC-B05	PASS
/Users/sameralzubaidi/Desktop/kids_marketplace_app/e2e-test-results/phase17-auth-groups-ab-2026-08-16/report.md	2026-08-16	0	manual	AUTH-TC-B06	PASS
/Users/sameralzubaidi/Desktop/kids_marketplace_app/e2e-test-results/phase17-auth-groups-ab-2026-08-16/report.md	2026-08-16	0	manual	AUTH-TC-B07	PASS
/Users/sameralzubaidi/Desktop/kids_marketplace_app/e2e-test-results/phase17-auth-groups-ab-2026-08-16/report.md	2026-08-16	0	manual	AUTH-TC-B08	BLOCKED
/Users/sameralzubaidi/Desktop/kids_marketplace_app/e2e-test-results/phase17-auth-groups-ab-2026-08-16/report.md	2026-08-16	0	manual	AUTH-TC-B09	BLOCKED
/Users/sameralzubaidi/Desktop/kids_marketplace_app/e2e-test-results/phase18-auth-group-c-social-login-2026-08-16/report.md	2026-08-16	0	manual	AUTH-TC-C01	FAIL
/Users/sameralzubaidi/Desktop/kids_marketplace_app/e2e-test-results/phase18-auth-group-c-social-login-2026-08-16/report.md	2026-08-16	0	manual	AUTH-TC-C02	FAIL
/Users/sameralzubaidi/Desktop/kids_marketplace_app/e2e-test-results/phase18-auth-group-c-social-login-2026-08-16/report.md	2026-08-16	0	manual	AUTH-TC-C03	FAIL
/Users/sameralzubaidi/Desktop/kids_marketplace_app/e2e-test-results/phase18-auth-group-c-social-login-2026-08-16/report.md	2026-08-16	0	manual	AUTH-TC-C04	BLOCKED
/Users/sameralzubaidi/Desktop/kids_marketplace_app/e2e-test-results/phase18-auth-group-c-social-login-2026-08-16/report.md	2026-08-16	0	manual	AUTH-TC-C05	BLOCKED
/Users/sameralzubaidi/Desktop/kids_marketplace_app/e2e-test-results/phase18-auth-group-c-social-login-2026-08-16/report.md	2026-08-16	0	manual	AUTH-TC-C06	BLOCKED
/Users/sameralzubaidi/Desktop/kids_marketplace_app/e2e-test-results/phase18-auth-group-c-social-login-2026-08-16/report.md	2026-08-16	0	manual	AUTH-TC-C07	BLOCKED
/Users/sameralzubaidi/Desktop/kids_marketplace_app/e2e-test-results/phase19-auth-group-c-closeout-2026-08-16/report.md	2026-08-16	0	manual	AUTH-TC-C01	BLOCKED
/Users/sameralzubaidi/Desktop/kids_marketplace_app/e2e-test-results/phase19-auth-group-c-closeout-2026-08-16/report.md	2026-08-16	0	manual	AUTH-TC-C02	BLOCKED
/Users/sameralzubaidi/Desktop/kids_marketplace_app/e2e-test-results/phase19-auth-group-c-closeout-2026-08-16/report.md	2026-08-16	0	manual	AUTH-TC-C03	BLOCKED
/Users/sameralzubaidi/Desktop/kids_marketplace_app/e2e-test-results/phase19-auth-group-c-closeout-2026-08-16/report.md	2026-08-16	0	manual	AUTH-TC-C04	BLOCKED
/Users/sameralzubaidi/Desktop/kids_marketplace_app/e2e-test-results/phase19-auth-group-c-closeout-2026-08-16/report.md	2026-08-16	0	manual	AUTH-TC-C05	BLOCKED
/Users/sameralzubaidi/Desktop/kids_marketplace_app/e2e-test-results/phase19-auth-group-c-closeout-2026-08-16/report.md	2026-08-16	0	manual	AUTH-TC-C06	PASS
/Users/sameralzubaidi/Desktop/kids_marketplace_app/e2e-test-results/phase19-auth-group-c-closeout-2026-08-16/report.md	2026-08-16	0	manual	AUTH-TC-C07	BLOCKED
/Users/sameralzubaidi/Desktop/kids_marketplace_app/e2e-test-results/phase19-auth-group-c-closeout-2026-08-16/report.md	2026-08-16	0	manual	AUTH-TC-P0	FAIL
/Users/sameralzubaidi/Desktop/kids_marketplace_app/e2e-test-results/phase20-auth-group-c-closure-2026-08-16/report.md	2026-08-16	0	manual	AUTH-TC-C01	FAIL
/Users/sameralzubaidi/Desktop/kids_marketplace_app/e2e-test-results/phase20-auth-group-c-closure-2026-08-16/report.md	2026-08-16	0	manual	AUTH-TC-C02	PASS
/Users/sameralzubaidi/Desktop/kids_marketplace_app/e2e-test-results/phase20-auth-group-c-closure-2026-08-16/report.md	2026-08-16	0	manual	AUTH-TC-C04	BLOCKED
/Users/sameralzubaidi/Desktop/kids_marketplace_app/e2e-test-results/phase21-auth-group-c01-google-2026-08-16/report.md	2026-08-16	1238	manual	AUTH-TC-C01	PASS
/Users/sameralzubaidi/Desktop/kids_marketplace_app/e2e-test-results/phase22-auth-group-b-d-e-2026-08-17/report.md	2026-08-17	0	manual	AUTH-TC-B10	PASS
/Users/sameralzubaidi/Desktop/kids_marketplace_app/e2e-test-results/phase22-auth-group-b-d-e-2026-08-17/report.md	2026-08-17	0	manual	AUTH-TC-B11	PASS
/Users/sameralzubaidi/Desktop/kids_marketplace_app/e2e-test-results/phase22-auth-group-b-d-e-2026-08-17/report.md	2026-08-17	0	manual	AUTH-TC-B12	PASS
/Users/sameralzubaidi/Desktop/kids_marketplace_app/e2e-test-results/phase22-auth-group-b-d-e-2026-08-17/report.md	2026-08-17	0	manual	AUTH-TC-D01	PASS
/Users/sameralzubaidi/Desktop/kids_marketplace_app/e2e-test-results/phase22-auth-group-b-d-e-2026-08-17/report.md	2026-08-17	0	manual	AUTH-TC-D02	SKIPPED
/Users/sameralzubaidi/Desktop/kids_marketplace_app/e2e-test-results/phase22-auth-group-b-d-e-2026-08-17/report.md	2026-08-17	0	manual	AUTH-TC-D03	PASS
/Users/sameralzubaidi/Desktop/kids_marketplace_app/e2e-test-results/phase22-auth-group-b-d-e-2026-08-17/report.md	2026-08-17	0	manual	AUTH-TC-E01	PASS
/Users/sameralzubaidi/Desktop/kids_marketplace_app/e2e-test-results/phase22-auth-group-b-d-e-2026-08-17/report.md	2026-08-17	0	manual	AUTH-TC-E02	PASS
/Users/sameralzubaidi/Desktop/kids_marketplace_app/e2e-test-results/phase22-auth-group-b-d-e-2026-08-17/report.md	2026-08-17	0	manual	AUTH-TC-E03	PASS
/Users/sameralzubaidi/Desktop/kids_marketplace_app/e2e-test-results/phase22-auth-group-b-d-e-2026-08-17/report.md	2026-08-17	0	manual	AUTH-TC-E04	BLOCKED
/Users/sameralzubaidi/Desktop/kids_marketplace_app/e2e-test-results/phase22-auth-group-b-d-e-2026-08-17/report.md	2026-08-17	0	manual	AUTH-TC-E05	BLOCKED
/Users/sameralzubaidi/Desktop/kids_marketplace_app/e2e-test-results/phase23-auth-group-f-h-i-e05-2026-08-17/report.md	2026-08-17	0	manual	AUTH-TC-F01	PASS
/Users/sameralzubaidi/Desktop/kids_marketplace_app/e2e-test-results/phase23-auth-group-f-h-i-e05-2026-08-17/report.md	2026-08-17	0	manual	AUTH-TC-F02	PASS
/Users/sameralzubaidi/Desktop/kids_marketplace_app/e2e-test-results/phase23-auth-group-f-h-i-e05-2026-08-17/report.md	2026-08-17	0	manual	AUTH-TC-F03	PASS
/Users/sameralzubaidi/Desktop/kids_marketplace_app/e2e-test-results/phase23-auth-group-f-h-i-e05-2026-08-17/report.md	2026-08-17	0	manual	AUTH-TC-F04	PASS
/Users/sameralzubaidi/Desktop/kids_marketplace_app/e2e-test-results/phase23-auth-group-f-h-i-e05-2026-08-17/report.md	2026-08-17	0	manual	AUTH-TC-F05	PASS
/Users/sameralzubaidi/Desktop/kids_marketplace_app/e2e-test-results/phase23-auth-group-f-h-i-e05-2026-08-17/report.md	2026-08-17	0	manual	AUTH-TC-F06	FAIL
/Users/sameralzubaidi/Desktop/kids_marketplace_app/e2e-test-results/phase23-auth-group-f-h-i-e05-2026-08-17/report.md	2026-08-17	0	manual	AUTH-TC-H01	PASS
/Users/sameralzubaidi/Desktop/kids_marketplace_app/e2e-test-results/phase23-auth-group-f-h-i-e05-2026-08-17/report.md	2026-08-17	0	manual	AUTH-TC-H02	PASS
/Users/sameralzubaidi/Desktop/kids_marketplace_app/e2e-test-results/phase23-auth-group-f-h-i-e05-2026-08-17/report.md	2026-08-17	0	manual	AUTH-TC-H03	BLOCKED
/Users/sameralzubaidi/Desktop/kids_marketplace_app/e2e-test-results/phase23-auth-group-f-h-i-e05-2026-08-17/report.md	2026-08-17	0	manual	AUTH-TC-H04	BLOCKED
/Users/sameralzubaidi/Desktop/kids_marketplace_app/e2e-test-results/phase23-auth-group-f-h-i-e05-2026-08-17/report.md	2026-08-17	0	manual	AUTH-TC-H05	BLOCKED
/Users/sameralzubaidi/Desktop/kids_marketplace_app/e2e-test-results/phase23-auth-group-f-h-i-e05-2026-08-17/report.md	2026-08-17	0	manual	AUTH-TC-H06	PASS
/Users/sameralzubaidi/Desktop/kids_marketplace_app/e2e-test-results/phase23-auth-group-f-h-i-e05-2026-08-17/report.md	2026-08-17	0	manual	AUTH-TC-H07	PASS
/Users/sameralzubaidi/Desktop/kids_marketplace_app/e2e-test-results/phase23-auth-group-f-h-i-e05-2026-08-17/report.md	2026-08-17	0	manual	AUTH-TC-I01	BLOCKED
/Users/sameralzubaidi/Desktop/kids_marketplace_app/e2e-test-results/phase23-auth-group-f-h-i-e05-2026-08-17/report.md	2026-08-17	0	manual	AUTH-TC-R7	BLOCKED
/Users/sameralzubaidi/Desktop/kids_marketplace_app/e2e-test-results/phase23-auth-group-f-h-i-e05-2026-08-17/report.md	2026-08-17	0	manual	AUTH-TC-I02	BLOCKED
/Users/sameralzubaidi/Desktop/kids_marketplace_app/e2e-test-results/phase23-auth-group-f-h-i-e05-2026-08-17/report.md	2026-08-17	0	manual	AUTH-TC-I03	BLOCKED
/Users/sameralzubaidi/Desktop/kids_marketplace_app/e2e-test-results/phase23-auth-group-f-h-i-e05-2026-08-17/report.md	2026-08-17	0	manual	AUTH-TC-E05	BLOCKED
/Users/sameralzubaidi/Desktop/kids_marketplace_app/e2e-test-results/phase24-f06-reverify-discover-audit-2026-08-17/report.md	2026-08-17	0	manual	AUTH-TC-F06	FAIL
/Users/sameralzubaidi/Desktop/kids_marketplace_app/e2e-test-results/combined-verification-2026-08-18/report.md	2026-08-18	0	manual	AUTH-TC-H06	PASS
/Users/sameralzubaidi/Desktop/kids_marketplace_app/e2e-test-results/phase23-wrapup-f06-reverify-f07-h03-2026-08-18/report.md	2026-08-18	0	manual	AUTH-TC-F06	PASS
/Users/sameralzubaidi/Desktop/kids_marketplace_app/e2e-test-results/phase23-wrapup-f06-reverify-f07-h03-2026-08-18/report.md	2026-08-18	0	manual	AUTH-TC-F07	PASS
/Users/sameralzubaidi/Desktop/kids_marketplace_app/e2e-test-results/phase23-wrapup-f06-reverify-f07-h03-2026-08-18/report.md	2026-08-18	0	manual	AUTH-TC-H03	BLOCKED
/Users/sameralzubaidi/Desktop/kids_marketplace_app/e2e-test-results/qa-combined-verify-e05-c04-f06-2026-08-18/report.md	2026-08-18	0	manual	AUTH-TC-E05	FAIL
/Users/sameralzubaidi/Desktop/kids_marketplace_app/e2e-test-results/qa-combined-verify-e05-c04-f06-2026-08-18/report.md	2026-08-18	0	manual	AUTH-TC-F06	PASS
/Users/sameralzubaidi/Desktop/kids_marketplace_app/e2e-test-results/qa-combined-verify-e05-c04-f06-2026-08-18/report.md	2026-08-18	0	manual	AUTH-TC-C04	BLOCKED
/Users/sameralzubaidi/Desktop/kids_marketplace_app/e2e-test-results/phase25-auth-group-k-bulk-2026-08-19/report.md	2026-08-19	0	manual	AUTH-TC-K01	PASS
/Users/sameralzubaidi/Desktop/kids_marketplace_app/e2e-test-results/phase25-auth-group-k-bulk-2026-08-19/report.md	2026-08-19	0	manual	AUTH-TC-K02	PASS
/Users/sameralzubaidi/Desktop/kids_marketplace_app/e2e-test-results/phase25-auth-group-k-bulk-2026-08-19/report.md	2026-08-19	0	manual	AUTH-TC-K03	PASS
/Users/sameralzubaidi/Desktop/kids_marketplace_app/e2e-test-results/phase25-auth-group-k-bulk-2026-08-19/report.md	2026-08-19	0	manual	AUTH-TC-K04	PASS
/Users/sameralzubaidi/Desktop/kids_marketplace_app/e2e-test-results/phase25-auth-group-k-bulk-2026-08-19/report.md	2026-08-19	0	manual	AUTH-TC-K05	PASS (partial)
/Users/sameralzubaidi/Desktop/kids_marketplace_app/e2e-test-results/phase25-auth-group-k-bulk-2026-08-19/report.md	2026-08-19	0	manual	AUTH-TC-K06	PASS
/Users/sameralzubaidi/Desktop/kids_marketplace_app/e2e-test-results/qa-final-verify-e05-c04-2026-08-19/report.md	2026-08-19	0	manual	AUTH-TC-E05	PASS
/Users/sameralzubaidi/Desktop/kids_marketplace_app/e2e-test-results/qa-final-verify-e05-c04-2026-08-19/report.md	2026-08-19	0	manual	AUTH-TC-C04	PASS
/Users/sameralzubaidi/Desktop/kids_marketplace_app/e2e-test-results/phase26-bulk-four-fixes-verify-2026-08-20/report.md	2026-08-20	0	manual	AUTH-TC-K02	PASS
/Users/sameralzubaidi/Desktop/kids_marketplace_app/e2e-test-results/phase27-groupk-ax-reverify-2026-08-20/report.md	2026-08-20	0	manual	AUTH-TC-P1	PASS
/Users/sameralzubaidi/Desktop/kids_marketplace_app/e2e-test-results/phase27-groupk-ax-reverify-2026-08-20/report.md	2026-08-20	0	manual	AUTH-TC-P3	PASS
/Users/sameralzubaidi/Desktop/kids_marketplace_app/e2e-test-results/phase27-groupk-ax-reverify-2026-08-20/report.md	2026-08-20	0	manual	AUTH-TC-K02	PASS
/Users/sameralzubaidi/Desktop/kids_marketplace_app/e2e-test-results/group-l-playwright-l01-l04-2026-08-21/report.md	2026-08-21	0	manual	AUTH-TC-L01	BLOCKED
/Users/sameralzubaidi/Desktop/kids_marketplace_app/e2e-test-results/group-l-playwright-l01-l04-2026-08-21/report.md	2026-08-21	0	manual	AUTH-TC-L02	BLOCKED
/Users/sameralzubaidi/Desktop/kids_marketplace_app/e2e-test-results/group-l-playwright-l01-l04-2026-08-21/report.md	2026-08-21	0	manual	AUTH-TC-L03	BLOCKED
/Users/sameralzubaidi/Desktop/kids_marketplace_app/e2e-test-results/group-l-playwright-l01-l04-2026-08-21/report.md	2026-08-21	0	manual	AUTH-TC-L04	BLOCKED
/Users/sameralzubaidi/Desktop/kids_marketplace_app/e2e-test-results/group-l-reverify-l01-l04-2026-08-21/report.md	2026-08-21	0	manual	AUTH-TC-L01	PASS
/Users/sameralzubaidi/Desktop/kids_marketplace_app/e2e-test-results/group-l-reverify-l01-l04-2026-08-21/report.md	2026-08-21	0	manual	AUTH-TC-L03	PASS
/Users/sameralzubaidi/Desktop/kids_marketplace_app/e2e-test-results/group-l-reverify-l01-l04-2026-08-21/report.md	2026-08-21	0	manual	AUTH-TC-L04	PASS
/Users/sameralzubaidi/Desktop/kids_marketplace_app/e2e-test-results/group-m-discover-2026-08-22/report.md	2026-08-22	0	manual	AUTH-TC-M01	PASS
/Users/sameralzubaidi/Desktop/kids_marketplace_app/e2e-test-results/group-m-discover-2026-08-22/report.md	2026-08-22	0	manual	AUTH-TC-M02	PASS
/Users/sameralzubaidi/Desktop/kids_marketplace_app/e2e-test-results/group-m-discover-2026-08-22/report.md	2026-08-22	0	manual	AUTH-TC-M03	PASS
/Users/sameralzubaidi/Desktop/kids_marketplace_app/e2e-test-results/group-m-discover-2026-08-22/report.md	2026-08-22	0	manual	AUTH-TC-M04	PASS
/Users/sameralzubaidi/Desktop/kids_marketplace_app/e2e-test-results/group-m-discover-2026-08-22/report.md	2026-08-22	0	manual	AUTH-TC-M05	PASS
/Users/sameralzubaidi/Desktop/kids_marketplace_app/e2e-test-results/group-m-discover-2026-08-22/report.md	2026-08-22	0	manual	AUTH-TC-M06	PASS
/Users/sameralzubaidi/Desktop/kids_marketplace_app/e2e-test-results/group-m-discover-2026-08-22/report.md	2026-08-22	0	manual	AUTH-TC-M07	PASS
/Users/sameralzubaidi/Desktop/kids_marketplace_app/e2e-test-results/group-m-discover-2026-08-22/report.md	2026-08-22	0	manual	AUTH-TC-M08	PASS
/Users/sameralzubaidi/Desktop/kids_marketplace_app/e2e-test-results/group-m-discover-2026-08-22/report.md	2026-08-22	0	manual	AUTH-TC-M09	PASS
/Users/sameralzubaidi/Desktop/kids_marketplace_app/e2e-test-results/group-m-discover-2026-08-22/report.md	2026-08-22	0	manual	AUTH-TC-M10	PASS
/Users/sameralzubaidi/Desktop/kids_marketplace_app/e2e-test-results/group-n-discovery-category-favorites-2026-08-22/report.md	2026-08-22	0	manual	AUTH-TC-N01	PASS
/Users/sameralzubaidi/Desktop/kids_marketplace_app/e2e-test-results/group-n-discovery-category-favorites-2026-08-22/report.md	2026-08-22	0	manual	AUTH-TC-N02	PASS
/Users/sameralzubaidi/Desktop/kids_marketplace_app/e2e-test-results/group-n-discovery-category-favorites-2026-08-22/report.md	2026-08-22	0	manual	AUTH-TC-N03	PASS
/Users/sameralzubaidi/Desktop/kids_marketplace_app/e2e-test-results/group-n-discovery-category-favorites-2026-08-22/report.md	2026-08-22	0	manual	AUTH-TC-N04	PASS
/Users/sameralzubaidi/Desktop/kids_marketplace_app/e2e-test-results/group-n-discovery-category-favorites-2026-08-22/report.md	2026-08-22	0	manual	AUTH-TC-O01	PASS
/Users/sameralzubaidi/Desktop/kids_marketplace_app/e2e-test-results/group-o-closeout-o03-o01-2026-08-22/report.md	2026-08-22	0	manual	AUTH-TC-O01	PASS
/Users/sameralzubaidi/Desktop/kids_marketplace_app/e2e-test-results/group-o-closeout-o03-o01-2026-08-22/report.md	2026-08-22	0	manual	AUTH-TC-O03	PASS
/Users/sameralzubaidi/Desktop/kids_marketplace_app/e2e-test-results/group-o-node-scope-2026-08-22/report.md	2026-08-22	0	manual	AUTH-TC-O01	PASS
/Users/sameralzubaidi/Desktop/kids_marketplace_app/e2e-test-results/group-o-node-scope-2026-08-22/report.md	2026-08-22	0	manual	AUTH-TC-O02	PASS
/Users/sameralzubaidi/Desktop/kids_marketplace_app/e2e-test-results/group-o-node-scope-2026-08-22/report.md	2026-08-22	0	manual	AUTH-TC-O03	PASS
/Users/sameralzubaidi/Desktop/kids_marketplace_app/e2e-test-results/group-o-node-scope-2026-08-22/report.md	2026-08-22	0	manual	AUTH-TC-O04	PASS
/Users/sameralzubaidi/Desktop/kids_marketplace_app/e2e-test-results/group-o-node-scope-2026-08-22/report.md	2026-08-22	0	manual	AUTH-TC-O05	PASS
/Users/sameralzubaidi/Desktop/kids_marketplace_app/e2e-test-results/group-a-b-d-auth-2026-08-23/report.md	2026-08-23	0	manual	AUTH-TC-A01	PASS
/Users/sameralzubaidi/Desktop/kids_marketplace_app/e2e-test-results/group-a-b-d-auth-2026-08-23/report.md	2026-08-23	0	manual	AUTH-TC-A02	PASS
/Users/sameralzubaidi/Desktop/kids_marketplace_app/e2e-test-results/group-a-b-d-auth-2026-08-23/report.md	2026-08-23	0	manual	AUTH-TC-A03	PASS
/Users/sameralzubaidi/Desktop/kids_marketplace_app/e2e-test-results/group-a-b-d-auth-2026-08-23/report.md	2026-08-23	0	manual	AUTH-TC-A04	PASS
/Users/sameralzubaidi/Desktop/kids_marketplace_app/e2e-test-results/group-a-b-d-auth-2026-08-23/report.md	2026-08-23	0	manual	AUTH-TC-A05	PASS
/Users/sameralzubaidi/Desktop/kids_marketplace_app/e2e-test-results/group-a-b-d-auth-2026-08-23/report.md	2026-08-23	0	manual	AUTH-TC-A06	PASS
/Users/sameralzubaidi/Desktop/kids_marketplace_app/e2e-test-results/group-a-b-d-auth-2026-08-23/report.md	2026-08-23	0	manual	AUTH-TC-A07	PASS
/Users/sameralzubaidi/Desktop/kids_marketplace_app/e2e-test-results/group-a-b-d-auth-2026-08-23/report.md	2026-08-23	0	manual	AUTH-TC-A08	PASS
/Users/sameralzubaidi/Desktop/kids_marketplace_app/e2e-test-results/group-a-b-d-auth-2026-08-23/report.md	2026-08-23	0	manual	AUTH-TC-B01	PASS
/Users/sameralzubaidi/Desktop/kids_marketplace_app/e2e-test-results/group-a-b-d-auth-2026-08-23/report.md	2026-08-23	0	manual	AUTH-TC-B02	PASS
/Users/sameralzubaidi/Desktop/kids_marketplace_app/e2e-test-results/group-a-b-d-auth-2026-08-23/report.md	2026-08-23	0	manual	AUTH-TC-B03	PASS
/Users/sameralzubaidi/Desktop/kids_marketplace_app/e2e-test-results/group-a-b-d-auth-2026-08-23/report.md	2026-08-23	0	manual	AUTH-TC-B04	PASS
/Users/sameralzubaidi/Desktop/kids_marketplace_app/e2e-test-results/group-a-b-d-auth-2026-08-23/report.md	2026-08-23	0	manual	AUTH-TC-B05	PASS
/Users/sameralzubaidi/Desktop/kids_marketplace_app/e2e-test-results/group-a-b-d-auth-2026-08-23/report.md	2026-08-23	0	manual	AUTH-TC-B06	PASS
/Users/sameralzubaidi/Desktop/kids_marketplace_app/e2e-test-results/group-a-b-d-auth-2026-08-23/report.md	2026-08-23	0	manual	AUTH-TC-B07	PASS
/Users/sameralzubaidi/Desktop/kids_marketplace_app/e2e-test-results/group-a-b-d-auth-2026-08-23/report.md	2026-08-23	0	manual	AUTH-TC-B08	PASS
/Users/sameralzubaidi/Desktop/kids_marketplace_app/e2e-test-results/group-a-b-d-auth-2026-08-23/report.md	2026-08-23	0	manual	AUTH-TC-B09	PASS
/Users/sameralzubaidi/Desktop/kids_marketplace_app/e2e-test-results/group-a-b-d-auth-2026-08-23/report.md	2026-08-23	0	manual	AUTH-TC-B10	PASS
/Users/sameralzubaidi/Desktop/kids_marketplace_app/e2e-test-results/group-a-b-d-auth-2026-08-23/report.md	2026-08-23	0	manual	AUTH-TC-B11	PASS
/Users/sameralzubaidi/Desktop/kids_marketplace_app/e2e-test-results/group-a-b-d-auth-2026-08-23/report.md	2026-08-23	0	manual	AUTH-TC-B12	PASS
/Users/sameralzubaidi/Desktop/kids_marketplace_app/e2e-test-results/group-a-b-d-auth-2026-08-23/report.md	2026-08-23	0	manual	AUTH-TC-D01	PASS
/Users/sameralzubaidi/Desktop/kids_marketplace_app/e2e-test-results/group-a-b-d-auth-2026-08-23/report.md	2026-08-23	0	manual	AUTH-TC-D02	PASS
/Users/sameralzubaidi/Desktop/kids_marketplace_app/e2e-test-results/group-a-b-d-auth-2026-08-23/report.md	2026-08-23	0	manual	AUTH-TC-D03	PASS
/Users/sameralzubaidi/Desktop/kids_marketplace_app/e2e-test-results/group-fg-nodes-zip-gating-2026-08-23/report.md	2026-08-23	0	manual	AUTH-TC-G01	PASS
/Users/sameralzubaidi/Desktop/kids_marketplace_app/e2e-test-results/group-fg-nodes-zip-gating-2026-08-23/report.md	2026-08-23	0	manual	AUTH-TC-G02	PASS
/Users/sameralzubaidi/Desktop/kids_marketplace_app/e2e-test-results/group-fg-nodes-zip-gating-2026-08-23/report.md	2026-08-23	0	manual	AUTH-TC-G03	PASS
/Users/sameralzubaidi/Desktop/kids_marketplace_app/e2e-test-results/group-fg-nodes-zip-gating-2026-08-23/report.md	2026-08-23	0	manual	AUTH-TC-G04	PASS
/Users/sameralzubaidi/Desktop/kids_marketplace_app/e2e-test-results/group-fg-nodes-zip-gating-2026-08-23/report.md	2026-08-23	0	manual	AUTH-TC-G05	PASS
/Users/sameralzubaidi/Desktop/kids_marketplace_app/e2e-test-results/group-fg-nodes-zip-gating-2026-08-23/report.md	2026-08-23	0	manual	AUTH-TC-G06	PASS
/Users/sameralzubaidi/Desktop/kids_marketplace_app/e2e-test-results/group-fg-nodes-zip-gating-2026-08-23/report.md	2026-08-23	0	manual	AUTH-TC-F01	PASS
/Users/sameralzubaidi/Desktop/kids_marketplace_app/e2e-test-results/group-fg-nodes-zip-gating-2026-08-23/report.md	2026-08-23	0	manual	AUTH-TC-F02	PASS
/Users/sameralzubaidi/Desktop/kids_marketplace_app/e2e-test-results/group-fg-nodes-zip-gating-2026-08-23/report.md	2026-08-23	0	manual	AUTH-TC-F03	PASS
/Users/sameralzubaidi/Desktop/kids_marketplace_app/e2e-test-results/group-fg-nodes-zip-gating-2026-08-23/report.md	2026-08-23	0	manual	AUTH-TC-F04	PASS
/Users/sameralzubaidi/Desktop/kids_marketplace_app/e2e-test-results/group-fg-nodes-zip-gating-2026-08-23/report.md	2026-08-23	0	manual	AUTH-TC-F05	PASS
/Users/sameralzubaidi/Desktop/kids_marketplace_app/e2e-test-results/group-fg-nodes-zip-gating-2026-08-23/report.md	2026-08-23	0	manual	AUTH-TC-F06	PASS
/Users/sameralzubaidi/Desktop/kids_marketplace_app/e2e-test-results/group-h-profile-setup-2026-08-23/report.md	2026-08-23	0	manual	AUTH-TC-H02	PASS
/Users/sameralzubaidi/Desktop/kids_marketplace_app/e2e-test-results/group-h-profile-setup-2026-08-23/report.md	2026-08-23	0	manual	AUTH-TC-H01	PASS
/Users/sameralzubaidi/Desktop/kids_marketplace_app/e2e-test-results/group-h-profile-setup-2026-08-23/report.md	2026-08-23	0	manual	AUTH-TC-H06	PASS
/Users/sameralzubaidi/Desktop/kids_marketplace_app/e2e-test-results/group-h-profile-setup-2026-08-23/report.md	2026-08-23	0	manual	AUTH-TC-H07	PASS
/Users/sameralzubaidi/Desktop/kids_marketplace_app/e2e-test-results/group-h-profile-setup-2026-08-23/report.md	2026-08-23	0	manual	AUTH-TC-H03	BLOCKED
/Users/sameralzubaidi/Desktop/kids_marketplace_app/e2e-test-results/group-h-profile-setup-2026-08-23/report.md	2026-08-23	0	manual	AUTH-TC-H04	BLOCKED
/Users/sameralzubaidi/Desktop/kids_marketplace_app/e2e-test-results/group-h-profile-setup-2026-08-23/report.md	2026-08-23	0	manual	AUTH-TC-H05	BLOCKED
/Users/sameralzubaidi/Desktop/kids_marketplace_app/e2e-test-results/group-i-subscription-choice-2026-08-23/report.md	2026-08-23	0	manual	AUTH-TC-I01	BLOCKED
/Users/sameralzubaidi/Desktop/kids_marketplace_app/e2e-test-results/group-i-subscription-choice-2026-08-23/report.md	2026-08-23	0	manual	AUTH-TC-I02	BLOCKED
/Users/sameralzubaidi/Desktop/kids_marketplace_app/e2e-test-results/group-i-subscription-choice-2026-08-23/report.md	2026-08-23	0	manual	AUTH-TC-I03	BLOCKED
/Users/sameralzubaidi/Desktop/kids_marketplace_app/e2e-test-results/group-p-full-run-19-cases-2026-08-23/report.md	2026-08-23	0	manual	AUTH-TC-P01	PASS
/Users/sameralzubaidi/Desktop/kids_marketplace_app/e2e-test-results/group-p-full-run-19-cases-2026-08-23/report.md	2026-08-23	0	manual	AUTH-TC-P02	PASS
/Users/sameralzubaidi/Desktop/kids_marketplace_app/e2e-test-results/group-p-full-run-19-cases-2026-08-23/report.md	2026-08-23	0	manual	AUTH-TC-P03	BLOCKED
/Users/sameralzubaidi/Desktop/kids_marketplace_app/e2e-test-results/group-p-full-run-19-cases-2026-08-23/report.md	2026-08-23	0	manual	AUTH-TC-P04	PASS
/Users/sameralzubaidi/Desktop/kids_marketplace_app/e2e-test-results/group-p-full-run-19-cases-2026-08-23/report.md	2026-08-23	0	manual	AUTH-TC-P05	PASS
/Users/sameralzubaidi/Desktop/kids_marketplace_app/e2e-test-results/group-p-full-run-19-cases-2026-08-23/report.md	2026-08-23	0	manual	AUTH-TC-P06	PASS
/Users/sameralzubaidi/Desktop/kids_marketplace_app/e2e-test-results/group-p-full-run-19-cases-2026-08-23/report.md	2026-08-23	0	manual	AUTH-TC-P07	PASS
/Users/sameralzubaidi/Desktop/kids_marketplace_app/e2e-test-results/group-p-full-run-19-cases-2026-08-23/report.md	2026-08-23	0	manual	AUTH-TC-P08	PASS
/Users/sameralzubaidi/Desktop/kids_marketplace_app/e2e-test-results/group-p-full-run-19-cases-2026-08-23/report.md	2026-08-23	0	manual	AUTH-TC-P09	PASS
/Users/sameralzubaidi/Desktop/kids_marketplace_app/e2e-test-results/group-p-full-run-19-cases-2026-08-23/report.md	2026-08-23	0	manual	AUTH-TC-P10	PASS
/Users/sameralzubaidi/Desktop/kids_marketplace_app/e2e-test-results/group-p-full-run-19-cases-2026-08-23/report.md	2026-08-23	0	manual	AUTH-TC-P11	PASS
/Users/sameralzubaidi/Desktop/kids_marketplace_app/e2e-test-results/group-p-full-run-19-cases-2026-08-23/report.md	2026-08-23	0	manual	AUTH-TC-P12	PASS
/Users/sameralzubaidi/Desktop/kids_marketplace_app/e2e-test-results/group-p-full-run-19-cases-2026-08-23/report.md	2026-08-23	0	manual	AUTH-TC-P13	PASS
/Users/sameralzubaidi/Desktop/kids_marketplace_app/e2e-test-results/group-p-full-run-19-cases-2026-08-23/report.md	2026-08-23	0	manual	AUTH-TC-P14	PASS
/Users/sameralzubaidi/Desktop/kids_marketplace_app/e2e-test-results/group-p-full-run-19-cases-2026-08-23/report.md	2026-08-23	0	manual	AUTH-TC-P15	PASS
/Users/sameralzubaidi/Desktop/kids_marketplace_app/e2e-test-results/group-p-full-run-19-cases-2026-08-23/report.md	2026-08-23	0	manual	AUTH-TC-P16	PASS
/Users/sameralzubaidi/Desktop/kids_marketplace_app/e2e-test-results/group-p-full-run-19-cases-2026-08-23/report.md	2026-08-23	0	manual	AUTH-TC-P17	PASS
/Users/sameralzubaidi/Desktop/kids_marketplace_app/e2e-test-results/group-p-full-run-19-cases-2026-08-23/report.md	2026-08-23	0	manual	AUTH-TC-P18	FAIL
/Users/sameralzubaidi/Desktop/kids_marketplace_app/e2e-test-results/group-p-full-run-19-cases-2026-08-23/report.md	2026-08-23	0	manual	AUTH-TC-P19	FAIL
/Users/sameralzubaidi/Desktop/kids_marketplace_app/e2e-test-results/group-qs-calibration-2026-08-23/report.md	2026-08-23	0	manual	AUTH-TC-Q01	PASS
/Users/sameralzubaidi/Desktop/kids_marketplace_app/e2e-test-results/group-qs-calibration-2026-08-23/report.md	2026-08-23	0	manual	AUTH-TC-Q02	PASS (partial)
/Users/sameralzubaidi/Desktop/kids_marketplace_app/e2e-test-results/group-qs-calibration-2026-08-23/report.md	2026-08-23	0	manual	AUTH-TC-Q03	PASS
/Users/sameralzubaidi/Desktop/kids_marketplace_app/e2e-test-results/group-qs-calibration-2026-08-23/report.md	2026-08-23	0	manual	AUTH-TC-Q04	FAIL
/Users/sameralzubaidi/Desktop/kids_marketplace_app/e2e-test-results/group-qs-calibration-2026-08-23/report.md	2026-08-23	0	manual	AUTH-TC-Q05	PASS
/Users/sameralzubaidi/Desktop/kids_marketplace_app/e2e-test-results/group-qs-calibration-2026-08-23/report.md	2026-08-23	0	manual	AUTH-TC-Q06	FAIL
/Users/sameralzubaidi/Desktop/kids_marketplace_app/e2e-test-results/group-qs-calibration-2026-08-23/report.md	2026-08-23	0	manual	AUTH-TC-Q07	PASS
/Users/sameralzubaidi/Desktop/kids_marketplace_app/e2e-test-results/group-qs-calibration-2026-08-23/report.md	2026-08-23	0	manual	AUTH-TC-S01	BLOCKED
/Users/sameralzubaidi/Desktop/kids_marketplace_app/e2e-test-results/group-qs-calibration-2026-08-23/report.md	2026-08-23	0	manual	AUTH-TC-S02	PASS
/Users/sameralzubaidi/Desktop/kids_marketplace_app/e2e-test-results/group-qs-calibration-2026-08-23/report.md	2026-08-23	0	manual	AUTH-TC-S03	SKIPPED
/Users/sameralzubaidi/Desktop/kids_marketplace_app/e2e-test-results/group-qs-calibration-2026-08-23/report.md	2026-08-23	0	manual	AUTH-TC-S04	PASS
/Users/sameralzubaidi/Desktop/kids_marketplace_app/e2e-test-results/group-qs-calibration-2026-08-23/report.md	2026-08-23	0	manual	AUTH-TC-S05	SKIPPED
/Users/sameralzubaidi/Desktop/kids_marketplace_app/e2e-test-results/group-qs-calibration-2026-08-23/report.md	2026-08-23	0	manual	AUTH-TC-S06	PASS
/Users/sameralzubaidi/Desktop/kids_marketplace_app/e2e-test-results/group-qs-calibration-2026-08-23/report.md	2026-08-23	0	manual	AUTH-TC-S07	PASS
/Users/sameralzubaidi/Desktop/kids_marketplace_app/e2e-test-results/group-qs-calibration-2026-08-23/report.md	2026-08-23	0	manual	AUTH-TC-S08	PASS
/Users/sameralzubaidi/Desktop/kids_marketplace_app/e2e-test-results/group-qs-calibration-2026-08-23/report.md	2026-08-23	0	manual	AUTH-TC-S09	PASS
/Users/sameralzubaidi/Desktop/kids_marketplace_app/e2e-test-results/group-qs-calibration-2026-08-23/report.md	2026-08-23	0	manual	AUTH-TC-S10	PASS
/Users/sameralzubaidi/Desktop/kids_marketplace_app/e2e-test-results/group-qs-calibration-2026-08-23/report.md	2026-08-23	0	manual	AUTH-TC-S11	PASS
/Users/sameralzubaidi/Desktop/kids_marketplace_app/e2e-test-results/spotcheck-sweeps-2026-08-23/report.md	2026-08-23	0	manual	AUTH-TC-A05	PASS
/Users/sameralzubaidi/Desktop/kids_marketplace_app/e2e-test-results/spotcheck-sweeps-2026-08-23/report.md	2026-08-23	0	manual	AUTH-TC-B02	PASS
/Users/sameralzubaidi/Desktop/kids_marketplace_app/e2e-test-results/group-j-listing-creation-single-2026-08-24/report.md	2026-08-24	528	manual	AUTH-TC-J01	PASS
/Users/sameralzubaidi/Desktop/kids_marketplace_app/e2e-test-results/group-j-listing-creation-single-2026-08-24/report.md	2026-08-24	528	manual	AUTH-TC-J02	BLOCKED
/Users/sameralzubaidi/Desktop/kids_marketplace_app/e2e-test-results/group-j-listing-creation-single-2026-08-24/report.md	2026-08-24	528	manual	AUTH-TC-J03	PASS
/Users/sameralzubaidi/Desktop/kids_marketplace_app/e2e-test-results/group-j-listing-creation-single-2026-08-24/report.md	2026-08-24	528	manual	AUTH-TC-J04	PASS
/Users/sameralzubaidi/Desktop/kids_marketplace_app/e2e-test-results/group-j-listing-creation-single-2026-08-24/report.md	2026-08-24	528	manual	AUTH-TC-J05	BLOCKED
/Users/sameralzubaidi/Desktop/kids_marketplace_app/e2e-test-results/group-j-listing-creation-single-2026-08-24/report.md	2026-08-24	528	manual	AUTH-TC-J06	PASS
/Users/sameralzubaidi/Desktop/kids_marketplace_app/e2e-test-results/group-j-listing-creation-single-2026-08-24/report.md	2026-08-24	528	manual	AUTH-TC-J07	PASS
/Users/sameralzubaidi/Desktop/kids_marketplace_app/e2e-test-results/group-j-listing-creation-single-2026-08-24/report.md	2026-08-24	528	manual	AUTH-TC-J08	PASS
/Users/sameralzubaidi/Desktop/kids_marketplace_app/e2e-test-results/group-j-listing-creation-single-2026-08-24/report.md	2026-08-24	528	manual	AUTH-TC-J09	PASS
/Users/sameralzubaidi/Desktop/kids_marketplace_app/e2e-test-results/group-j-listing-creation-single-2026-08-24/report.md	2026-08-24	528	manual	AUTH-TC-J11	BLOCKED
/Users/sameralzubaidi/Desktop/kids_marketplace_app/e2e-test-results/group-j-listing-creation-single-2026-08-24/report.md	2026-08-24	528	manual	AUTH-TC-J12	BLOCKED
/Users/sameralzubaidi/Desktop/kids_marketplace_app/e2e-test-results/group-j-listing-creation-single-2026-08-24/report.md	2026-08-24	528	manual	AUTH-TC-J13	BLOCKED
/Users/sameralzubaidi/Desktop/kids_marketplace_app/e2e-test-results/group-j-listing-creation-single-2026-08-24/report.md	2026-08-24	528	manual	AUTH-TC-J14	PASS
/Users/sameralzubaidi/Desktop/kids_marketplace_app/e2e-test-results/group-j-listing-creation-single-2026-08-24/report.md	2026-08-24	528	manual	AUTH-TC-J15	FAIL
/Users/sameralzubaidi/Desktop/kids_marketplace_app/e2e-test-results/group-j-closure-j02-j04-j11-j12-j13-j15-2026-08-24/report.md	2026-08-24	838	manual	AUTH-TC-J02	PASS
/Users/sameralzubaidi/Desktop/kids_marketplace_app/e2e-test-results/group-j-closure-j02-j04-j11-j12-j13-j15-2026-08-24/report.md	2026-08-24	838	manual	AUTH-TC-J04	PASS
/Users/sameralzubaidi/Desktop/kids_marketplace_app/e2e-test-results/group-j-closure-j02-j04-j11-j12-j13-j15-2026-08-24/report.md	2026-08-24	838	manual	AUTH-TC-J11	PASS
/Users/sameralzubaidi/Desktop/kids_marketplace_app/e2e-test-results/group-j-closure-j02-j04-j11-j12-j13-j15-2026-08-24/report.md	2026-08-24	838	manual	AUTH-TC-J12	PASS
/Users/sameralzubaidi/Desktop/kids_marketplace_app/e2e-test-results/group-j-closure-j02-j04-j11-j12-j13-j15-2026-08-24/report.md	2026-08-24	838	manual	AUTH-TC-J13	PASS
/Users/sameralzubaidi/Desktop/kids_marketplace_app/e2e-test-results/group-j-closure-j02-j04-j11-j12-j13-j15-2026-08-24/report.md	2026-08-24	838	manual	AUTH-TC-J15	PASS
/Users/sameralzubaidi/Desktop/kids_marketplace_app/e2e-test-results/group-j-closure-j02-j04-j11-j12-j13-j15-2026-08-24/report.md	2026-08-24	838	manual	AUTH-TC-J05	PASS
/Users/sameralzubaidi/Desktop/kids_marketplace_app/e2e-test-results/group-j-h-closure-2026-08-24/report.md	2026-08-24	936	manual	AUTH-TC-J05	PASS
/Users/sameralzubaidi/Desktop/kids_marketplace_app/e2e-test-results/group-j-h-closure-2026-08-24/report.md	2026-08-24	936	manual	AUTH-TC-H01	PASS
