path	date	source_type	tc_id	verdict
/Users/sameralzubaidi/Desktop/kids_marketplace_app/e2e-test-results/2026-05-31T15-31-06/report.md	2026-05-31	automated	REG-R01	PASS
/Users/sameralzubaidi/Desktop/kids_marketplace_app/e2e-test-results/2026-05-31T15-31-06/report.md	2026-05-31	automated	REG-R03	PASS
/Users/sameralzubaidi/Desktop/kids_marketplace_app/e2e-test-results/2026-05-31T15-31-06/report.md	2026-05-31	automated	REG-R04	PASS
/Users/sameralzubaidi/Desktop/kids_marketplace_app/e2e-test-results/2026-05-31T15-31-06/report.md	2026-05-31	automated	TC-J01	PASS
/Users/sameralzubaidi/Desktop/kids_marketplace_app/e2e-test-results/2026-05-31T15-31-06/report.md	2026-05-31	automated	TC-J02	PASS
/Users/sameralzubaidi/Desktop/kids_marketplace_app/e2e-test-results/2026-05-31T15-31-06/report.md	2026-05-31	automated	TC-J03	PASS
/Users/sameralzubaidi/Desktop/kids_marketplace_app/e2e-test-results/2026-05-31T15-31-06/report.md	2026-05-31	automated	TC-J04	PASS
/Users/sameralzubaidi/Desktop/kids_marketplace_app/e2e-test-results/2026-05-31T15-31-06/report.md	2026-05-31	automated	TC-J05	PASS
/Users/sameralzubaidi/Desktop/kids_marketplace_app/e2e-test-results/2026-05-31T15-31-06/report.md	2026-05-31	automated	TC-K01	PASS
/Users/sameralzubaidi/Desktop/kids_marketplace_app/e2e-test-results/2026-05-31T15-31-06/report.md	2026-05-31	automated	TC-K02	PASS
/Users/sameralzubaidi/Desktop/kids_marketplace_app/e2e-test-results/2026-05-31T15-31-06/report.md	2026-05-31	automated	TC-K03	PASS
/Users/sameralzubaidi/Desktop/kids_marketplace_app/e2e-test-results/2026-05-31T15-31-06/report.md	2026-05-31	automated	TC-L01	PASS
/Users/sameralzubaidi/Desktop/kids_marketplace_app/e2e-test-results/2026-05-31T15-31-06/report.md	2026-05-31	automated	TC-L02	PASS
/Users/sameralzubaidi/Desktop/kids_marketplace_app/e2e-test-results/2026-05-31T15-31-06/report.md	2026-05-31	automated	TC-L03	PASS
/Users/sameralzubaidi/Desktop/kids_marketplace_app/e2e-test-results/2026-05-31T15-31-06/report.md	2026-05-31	automated	TC-L04	PASS
/Users/sameralzubaidi/Desktop/kids_marketplace_app/e2e-test-results/2026-05-31T15-31-06/report.md	2026-05-31	automated	TC-L05	PASS
/Users/sameralzubaidi/Desktop/kids_marketplace_app/e2e-test-results/2026-05-31T15-31-06/report.md	2026-05-31	automated	TC-L06	PASS
/Users/sameralzubaidi/Desktop/kids_marketplace_app/e2e-test-results/2026-05-31T15-31-06/report.md	2026-05-31	automated	TC-L07	PASS
/Users/sameralzubaidi/Desktop/kids_marketplace_app/e2e-test-results/2026-05-31T15-31-06/report.md	2026-05-31	automated	TC-L08	PASS
/Users/sameralzubaidi/Desktop/kids_marketplace_app/e2e-test-results/2026-05-31T15-31-06/report.md	2026-05-31	automated	TC-R05	PASS
/Users/sameralzubaidi/Desktop/kids_marketplace_app/e2e-test-results/2026-05-31T15-31-06/report.md	2026-05-31	automated	TC-R06	PASS
/Users/sameralzubaidi/Desktop/kids_marketplace_app/e2e-test-results/2026-05-31T15-31-06/report.md	2026-05-31	automated	REG-R02	PASS
/Users/sameralzubaidi/Desktop/kids_marketplace_app/e2e-test-results/2026-05-31T15-31-06/report.md	2026-05-31	automated	TC-A04	PASS
/Users/sameralzubaidi/Desktop/kids_marketplace_app/e2e-test-results/2026-05-31T15-31-06/report.md	2026-05-31	automated	TC-B01	PASS
/Users/sameralzubaidi/Desktop/kids_marketplace_app/e2e-test-results/2026-05-31T15-31-06/report.md	2026-05-31	automated	TC-B03	PASS
/Users/sameralzubaidi/Desktop/kids_marketplace_app/e2e-test-results/2026-05-31T15-31-06/report.md	2026-05-31	automated	TC-B04	PASS
/Users/sameralzubaidi/Desktop/kids_marketplace_app/e2e-test-results/2026-05-31T15-31-06/report.md	2026-05-31	automated	TC-B05	PASS
/Users/sameralzubaidi/Desktop/kids_marketplace_app/e2e-test-results/2026-05-31T15-31-06/report.md	2026-05-31	automated	TC-R01	PASS
/Users/sameralzubaidi/Desktop/kids_marketplace_app/e2e-test-results/2026-05-31T15-31-06/report.md	2026-05-31	automated	TC-R02	PASS
/Users/sameralzubaidi/Desktop/kids_marketplace_app/e2e-test-results/2026-05-31T15-31-06/report.md	2026-05-31	automated	TC-R13	PASS
/Users/sameralzubaidi/Desktop/kids_marketplace_app/e2e-test-results/2026-05-31T15-31-06/report.md	2026-05-31	automated	REG-R05	PASS
/Users/sameralzubaidi/Desktop/kids_marketplace_app/e2e-test-results/2026-05-31T15-31-06/report.md	2026-05-31	automated	TC-D01	PASS
/Users/sameralzubaidi/Desktop/kids_marketplace_app/e2e-test-results/2026-05-31T15-31-06/report.md	2026-05-31	automated	TC-D02	PASS
/Users/sameralzubaidi/Desktop/kids_marketplace_app/e2e-test-results/2026-05-31T15-31-06/report.md	2026-05-31	automated	TC-D03	PASS
/Users/sameralzubaidi/Desktop/kids_marketplace_app/e2e-test-results/2026-05-31T15-31-06/report.md	2026-05-31	automated	TC-D04	PASS
/Users/sameralzubaidi/Desktop/kids_marketplace_app/e2e-test-results/2026-05-31T15-31-06/report.md	2026-05-31	automated	TC-D05	PASS
/Users/sameralzubaidi/Desktop/kids_marketplace_app/e2e-test-results/2026-05-31T15-31-06/report.md	2026-05-31	automated	REG-R06	PASS
/Users/sameralzubaidi/Desktop/kids_marketplace_app/e2e-test-results/2026-05-31T15-31-06/report.md	2026-05-31	automated	REG-R07	PASS
/Users/sameralzubaidi/Desktop/kids_marketplace_app/e2e-test-results/2026-05-31T15-31-06/report.md	2026-05-31	automated	TC-C01	PASS
/Users/sameralzubaidi/Desktop/kids_marketplace_app/e2e-test-results/2026-05-31T15-31-06/report.md	2026-05-31	automated	TC-C02	PASS
/Users/sameralzubaidi/Desktop/kids_marketplace_app/e2e-test-results/2026-05-31T15-31-06/report.md	2026-05-31	automated	TC-C04	PASS
/Users/sameralzubaidi/Desktop/kids_marketplace_app/e2e-test-results/2026-05-31T15-31-06/report.md	2026-05-31	automated	TC-C05	PASS
/Users/sameralzubaidi/Desktop/kids_marketplace_app/e2e-test-results/2026-05-31T15-31-06/report.md	2026-05-31	automated	TC-C06	PASS
/Users/sameralzubaidi/Desktop/kids_marketplace_app/e2e-test-results/2026-05-31T15-31-06/report.md	2026-05-31	automated	TC-R07	PASS
/Users/sameralzubaidi/Desktop/kids_marketplace_app/e2e-test-results/2026-05-31T15-31-06/report.md	2026-05-31	automated	REG-R08	PASS
/Users/sameralzubaidi/Desktop/kids_marketplace_app/e2e-test-results/2026-05-31T15-31-06/report.md	2026-05-31	automated	TC-C07	PASS
/Users/sameralzubaidi/Desktop/kids_marketplace_app/e2e-test-results/2026-05-31T15-31-06/report.md	2026-05-31	automated	TC-C08	PASS
/Users/sameralzubaidi/Desktop/kids_marketplace_app/e2e-test-results/2026-05-31T15-31-06/report.md	2026-05-31	automated	TC-A01	PASS
/Users/sameralzubaidi/Desktop/kids_marketplace_app/e2e-test-results/2026-05-31T15-31-06/report.md	2026-05-31	automated	TC-A02	PASS
/Users/sameralzubaidi/Desktop/kids_marketplace_app/e2e-test-results/2026-05-31T15-31-06/report.md	2026-05-31	automated	TC-A03	PASS
/Users/sameralzubaidi/Desktop/kids_marketplace_app/e2e-test-results/2026-05-31T15-31-06/report.md	2026-05-31	automated	TC-E01	PASS
/Users/sameralzubaidi/Desktop/kids_marketplace_app/e2e-test-results/2026-05-31T15-31-06/report.md	2026-05-31	automated	TC-E02	PASS
/Users/sameralzubaidi/Desktop/kids_marketplace_app/e2e-test-results/2026-05-31T15-31-06/report.md	2026-05-31	automated	TC-E03	PASS
/Users/sameralzubaidi/Desktop/kids_marketplace_app/e2e-test-results/2026-05-31T15-31-06/report.md	2026-05-31	automated	TC-E04	PASS
/Users/sameralzubaidi/Desktop/kids_marketplace_app/e2e-test-results/2026-05-31T15-31-06/report.md	2026-05-31	automated	TC-H01	PASS
/Users/sameralzubaidi/Desktop/kids_marketplace_app/e2e-test-results/2026-05-31T15-31-06/report.md	2026-05-31	automated	TC-H02	PASS
/Users/sameralzubaidi/Desktop/kids_marketplace_app/e2e-test-results/2026-05-31T15-31-06/report.md	2026-05-31	automated	TC-H03	PASS
/Users/sameralzubaidi/Desktop/kids_marketplace_app/e2e-test-results/2026-05-31T15-31-06/report.md	2026-05-31	automated	TC-H04	PASS
/Users/sameralzubaidi/Desktop/kids_marketplace_app/e2e-test-results/2026-05-31T15-31-06/report.md	2026-05-31	automated	TC-Q01	PASS
/Users/sameralzubaidi/Desktop/kids_marketplace_app/e2e-test-results/2026-05-31T15-31-06/report.md	2026-05-31	automated	TC-Q02	PASS
/Users/sameralzubaidi/Desktop/kids_marketplace_app/e2e-test-results/2026-05-31T15-31-06/report.md	2026-05-31	automated	TC-Q03	PASS
/Users/sameralzubaidi/Desktop/kids_marketplace_app/e2e-test-results/2026-05-31T15-31-06/report.md	2026-05-31	automated	TC-Q04	PASS
/Users/sameralzubaidi/Desktop/kids_marketplace_app/e2e-test-results/2026-05-31T15-31-06/report.md	2026-05-31	automated	TC-Q05	PASS
/Users/sameralzubaidi/Desktop/kids_marketplace_app/e2e-test-results/2026-05-31T15-31-06/report.md	2026-05-31	automated	TC-Q06	PASS
/Users/sameralzubaidi/Desktop/kids_marketplace_app/e2e-test-results/2026-05-31T15-31-06/report.md	2026-05-31	automated	TC-Q07	PASS
/Users/sameralzubaidi/Desktop/kids_marketplace_app/e2e-test-results/2026-05-31T15-31-06/report.md	2026-05-31	automated	TC-Q08	PASS
/Users/sameralzubaidi/Desktop/kids_marketplace_app/e2e-test-results/2026-05-31T15-31-06/report.md	2026-05-31	automated	TC-Q09	PASS
/Users/sameralzubaidi/Desktop/kids_marketplace_app/e2e-test-results/2026-05-31T15-31-06/report.md	2026-05-31	automated	TC-Q10	PASS
/Users/sameralzubaidi/Desktop/kids_marketplace_app/e2e-test-results/2026-05-31T15-31-06/report.md	2026-05-31	automated	TC-Q12	PASS
/Users/sameralzubaidi/Desktop/kids_marketplace_app/e2e-test-results/2026-05-31T15-31-06/report.md	2026-05-31	automated	TC-Q15	PASS
/Users/sameralzubaidi/Desktop/kids_marketplace_app/e2e-test-results/2026-05-31T15-31-06/report.md	2026-05-31	automated	TC-Q17	PASS
/Users/sameralzubaidi/Desktop/kids_marketplace_app/e2e-test-results/2026-05-31T15-31-06/report.md	2026-05-31	automated	TC-E05	PASS
/Users/sameralzubaidi/Desktop/kids_marketplace_app/e2e-test-results/2026-05-31T15-31-06/report.md	2026-05-31	automated	TC-R10	PASS
/Users/sameralzubaidi/Desktop/kids_marketplace_app/e2e-test-results/2026-05-31T15-31-06/report.md	2026-05-31	automated	TC-E06	PASS
/Users/sameralzubaidi/Desktop/kids_marketplace_app/e2e-test-results/2026-05-31T15-31-06/report.md	2026-05-31	automated	TC-R09	PASS
/Users/sameralzubaidi/Desktop/kids_marketplace_app/e2e-test-results/2026-05-31T15-31-06/report.md	2026-05-31	automated	TC-F01	PASS
/Users/sameralzubaidi/Desktop/kids_marketplace_app/e2e-test-results/2026-05-31T15-31-06/report.md	2026-05-31	automated	TC-F02	PASS
/Users/sameralzubaidi/Desktop/kids_marketplace_app/e2e-test-results/2026-05-31T15-31-06/report.md	2026-05-31	automated	TC-F03	PASS
/Users/sameralzubaidi/Desktop/kids_marketplace_app/e2e-test-results/2026-05-31T15-31-06/report.md	2026-05-31	automated	TC-R08	PASS
/Users/sameralzubaidi/Desktop/kids_marketplace_app/e2e-test-results/2026-05-31T15-31-06/report.md	2026-05-31	automated	TC-G04	PASS
/Users/sameralzubaidi/Desktop/kids_marketplace_app/e2e-test-results/2026-05-31T15-31-06/report.md	2026-05-31	automated	TC-I01	PASS
/Users/sameralzubaidi/Desktop/kids_marketplace_app/e2e-test-results/2026-05-31T15-31-06/report.md	2026-05-31	automated	TC-I02	PASS
/Users/sameralzubaidi/Desktop/kids_marketplace_app/e2e-test-results/2026-05-31T15-31-06/report.md	2026-05-31	automated	TC-I03	PASS
/Users/sameralzubaidi/Desktop/kids_marketplace_app/e2e-test-results/2026-05-31T15-31-06/report.md	2026-05-31	automated	TC-I04	PASS
/Users/sameralzubaidi/Desktop/kids_marketplace_app/e2e-test-results/2026-05-31T15-31-06/report.md	2026-05-31	automated	TC-I05	PASS
/Users/sameralzubaidi/Desktop/kids_marketplace_app/e2e-test-results/2026-05-31T15-31-06/report.md	2026-05-31	automated	TC-M01	PASS
/Users/sameralzubaidi/Desktop/kids_marketplace_app/e2e-test-results/2026-05-31T15-31-06/report.md	2026-05-31	automated	TC-M02	PASS
/Users/sameralzubaidi/Desktop/kids_marketplace_app/e2e-test-results/2026-05-31T15-31-06/report.md	2026-05-31	automated	TC-M03	PASS
/Users/sameralzubaidi/Desktop/kids_marketplace_app/e2e-test-results/2026-05-31T15-31-06/report.md	2026-05-31	automated	TC-M04	PASS
/Users/sameralzubaidi/Desktop/kids_marketplace_app/e2e-test-results/2026-05-31T15-31-06/report.md	2026-05-31	automated	TC-M05	PASS
/Users/sameralzubaidi/Desktop/kids_marketplace_app/e2e-test-results/2026-05-31T15-31-06/report.md	2026-05-31	automated	TC-M06	PASS
/Users/sameralzubaidi/Desktop/kids_marketplace_app/e2e-test-results/2026-05-31T15-31-06/report.md	2026-05-31	automated	TC-M07	PASS
/Users/sameralzubaidi/Desktop/kids_marketplace_app/e2e-test-results/2026-05-31T15-31-06/report.md	2026-05-31	automated	TC-M08	PASS
/Users/sameralzubaidi/Desktop/kids_marketplace_app/e2e-test-results/2026-05-31T15-31-06/report.md	2026-05-31	automated	TC-M09	PASS
/Users/sameralzubaidi/Desktop/kids_marketplace_app/e2e-test-results/2026-05-31T15-31-06/report.md	2026-05-31	automated	TC-M10	PASS
/Users/sameralzubaidi/Desktop/kids_marketplace_app/e2e-test-results/2026-05-31T15-31-06/report.md	2026-05-31	automated	TC-M11	PASS
/Users/sameralzubaidi/Desktop/kids_marketplace_app/e2e-test-results/2026-05-31T15-31-06/report.md	2026-05-31	automated	TC-M12	PASS
/Users/sameralzubaidi/Desktop/kids_marketplace_app/e2e-test-results/2026-05-31T15-31-06/report.md	2026-05-31	automated	TC-M14	PASS
/Users/sameralzubaidi/Desktop/kids_marketplace_app/e2e-test-results/2026-05-31T15-31-06/report.md	2026-05-31	automated	TC-M15	PASS
/Users/sameralzubaidi/Desktop/kids_marketplace_app/e2e-test-results/2026-05-31T15-31-06/report.md	2026-05-31	automated	TC-N01	PASS
/Users/sameralzubaidi/Desktop/kids_marketplace_app/e2e-test-results/2026-05-31T15-31-06/report.md	2026-05-31	automated	TC-N02	PASS
/Users/sameralzubaidi/Desktop/kids_marketplace_app/e2e-test-results/2026-05-31T15-31-06/report.md	2026-05-31	automated	TC-O01	FAIL
/Users/sameralzubaidi/Desktop/kids_marketplace_app/e2e-test-results/2026-05-31T15-31-06/report.md	2026-05-31	automated	TC-O02	FAIL
/Users/sameralzubaidi/Desktop/kids_marketplace_app/e2e-test-results/2026-05-31T15-31-06/report.md	2026-05-31	automated	TC-O03	FAIL
/Users/sameralzubaidi/Desktop/kids_marketplace_app/e2e-test-results/2026-05-31T15-31-06/report.md	2026-05-31	automated	TC-O04	FAIL
/Users/sameralzubaidi/Desktop/kids_marketplace_app/e2e-test-results/2026-05-31T15-31-06/report.md	2026-05-31	automated	TC-O05	FAIL
/Users/sameralzubaidi/Desktop/kids_marketplace_app/e2e-test-results/2026-05-31T15-31-06/report.md	2026-05-31	automated	TC-O06	FAIL
/Users/sameralzubaidi/Desktop/kids_marketplace_app/e2e-test-results/2026-05-31T15-31-06/report.md	2026-05-31	automated	TC-O07	FAIL
/Users/sameralzubaidi/Desktop/kids_marketplace_app/e2e-test-results/2026-05-31T15-31-06/report.md	2026-05-31	automated	TC-P01	PASS
/Users/sameralzubaidi/Desktop/kids_marketplace_app/e2e-test-results/2026-05-31T15-31-06/report.md	2026-05-31	automated	TC-P02	PASS
/Users/sameralzubaidi/Desktop/kids_marketplace_app/e2e-test-results/2026-05-31T15-31-06/report.md	2026-05-31	automated	TC-P03	PASS
/Users/sameralzubaidi/Desktop/kids_marketplace_app/e2e-test-results/2026-05-31T15-31-06/report.md	2026-05-31	automated	TC-P04	PASS
/Users/sameralzubaidi/Desktop/kids_marketplace_app/e2e-test-results/2026-05-31T15-31-06/report.md	2026-05-31	automated	TC-P05	PASS
/Users/sameralzubaidi/Desktop/kids_marketplace_app/e2e-test-results/2026-05-31T15-31-06/report.md	2026-05-31	automated	TC-P06	PASS
/Users/sameralzubaidi/Desktop/kids_marketplace_app/e2e-test-results/2026-05-31T15-31-06/report.md	2026-05-31	automated	TC-P07	PASS
/Users/sameralzubaidi/Desktop/kids_marketplace_app/e2e-test-results/2026-05-31T15-31-06/report.md	2026-05-31	automated	TC-P08	PASS
/Users/sameralzubaidi/Desktop/kids_marketplace_app/e2e-test-results/2026-05-31T15-31-06/report.md	2026-05-31	automated	TC-Q18	PASS
/Users/sameralzubaidi/Desktop/kids_marketplace_app/e2e-test-results/2026-05-31T15-31-06/report.md	2026-05-31	automated	TC-Q19	PASS
/Users/sameralzubaidi/Desktop/kids_marketplace_app/e2e-test-results/2026-05-31T15-31-06/report.md	2026-05-31	automated	TC-Q20	PASS
/Users/sameralzubaidi/Desktop/kids_marketplace_app/e2e-test-results/2026-05-31T15-31-06/report.md	2026-05-31	automated	TC-B02	SKIPPED
/Users/sameralzubaidi/Desktop/kids_marketplace_app/e2e-test-results/2026-05-31T15-31-06/report.md	2026-05-31	automated	TC-B06	SKIPPED
/Users/sameralzubaidi/Desktop/kids_marketplace_app/e2e-test-results/2026-05-31T15-31-06/report.md	2026-05-31	automated	TC-C03	SKIPPED
/Users/sameralzubaidi/Desktop/kids_marketplace_app/e2e-test-results/2026-05-31T15-31-06/report.md	2026-05-31	automated	TC-G01	SKIPPED
/Users/sameralzubaidi/Desktop/kids_marketplace_app/e2e-test-results/2026-05-31T15-31-06/report.md	2026-05-31	automated	TC-G02	SKIPPED
/Users/sameralzubaidi/Desktop/kids_marketplace_app/e2e-test-results/2026-05-31T15-31-06/report.md	2026-05-31	automated	TC-G03	SKIPPED
/Users/sameralzubaidi/Desktop/kids_marketplace_app/e2e-test-results/2026-05-31T15-31-06/report.md	2026-05-31	automated	TC-M13	SKIPPED
/Users/sameralzubaidi/Desktop/kids_marketplace_app/e2e-test-results/2026-05-31T15-31-06/report.md	2026-05-31	automated	TC-Q11	SKIPPED
/Users/sameralzubaidi/Desktop/kids_marketplace_app/e2e-test-results/2026-05-31T15-31-06/report.md	2026-05-31	automated	TC-Q13	SKIPPED
/Users/sameralzubaidi/Desktop/kids_marketplace_app/e2e-test-results/2026-05-31T15-31-06/report.md	2026-05-31	automated	TC-Q14	SKIPPED
/Users/sameralzubaidi/Desktop/kids_marketplace_app/e2e-test-results/2026-05-31T15-31-06/report.md	2026-05-31	automated	TC-Q16	SKIPPED
/Users/sameralzubaidi/Desktop/kids_marketplace_app/e2e-test-results/2026-05-31T15-31-06/report.md	2026-05-31	automated	TC-R03	SKIPPED
/Users/sameralzubaidi/Desktop/kids_marketplace_app/e2e-test-results/2026-05-31T15-31-06/report.md	2026-05-31	automated	TC-R04	SKIPPED
/Users/sameralzubaidi/Desktop/kids_marketplace_app/e2e-test-results/2026-05-31T15-31-06/report.md	2026-05-31	automated	TC-R11	SKIPPED
/Users/sameralzubaidi/Desktop/kids_marketplace_app/e2e-test-results/2026-05-31T15-31-06/report.md	2026-05-31	automated	TC-R12	SKIPPED
/Users/sameralzubaidi/Desktop/kids_marketplace_app/test-automation/trade-flow-v2/reports/2026-05-31T13-04-19-345Z/report.md	2026-05-31	automated	TC-A01	PASS
/Users/sameralzubaidi/Desktop/kids_marketplace_app/test-automation/trade-flow-v2/reports/2026-05-31T13-04-19-345Z/report.md	2026-05-31	automated	TC-A02	PASS
/Users/sameralzubaidi/Desktop/kids_marketplace_app/test-automation/trade-flow-v2/reports/2026-05-31T13-04-19-345Z/report.md	2026-05-31	automated	TC-A03	PASS
/Users/sameralzubaidi/Desktop/kids_marketplace_app/test-automation/trade-flow-v2/reports/2026-05-31T13-04-19-345Z/report.md	2026-05-31	automated	TC-A04	PASS
/Users/sameralzubaidi/Desktop/kids_marketplace_app/test-automation/trade-flow-v2/reports/2026-05-31T13-04-19-345Z/report.md	2026-05-31	automated	TC-N01	SKIPPED
/Users/sameralzubaidi/Desktop/kids_marketplace_app/test-automation/trade-flow-v2/reports/2026-05-31T13-04-19-345Z/report.md	2026-05-31	automated	TC-N02	SKIPPED
/Users/sameralzubaidi/Desktop/kids_marketplace_app/test-automation/trade-flow-v2/reports/2026-05-31T15-04-42-404Z/report.md	2026-05-31	automated	TC-A01	PASS
/Users/sameralzubaidi/Desktop/kids_marketplace_app/test-automation/trade-flow-v2/reports/2026-05-31T15-04-42-404Z/report.md	2026-05-31	automated	TC-A02	PASS
/Users/sameralzubaidi/Desktop/kids_marketplace_app/test-automation/trade-flow-v2/reports/2026-05-31T15-04-42-404Z/report.md	2026-05-31	automated	TC-A03	PASS
/Users/sameralzubaidi/Desktop/kids_marketplace_app/test-automation/trade-flow-v2/reports/2026-05-31T15-04-42-404Z/report.md	2026-05-31	automated	TC-A04	PASS
/Users/sameralzubaidi/Desktop/kids_marketplace_app/test-automation/trade-flow-v2/reports/2026-05-31T15-04-42-404Z/report.md	2026-05-31	automated	TC-M01	PASS
/Users/sameralzubaidi/Desktop/kids_marketplace_app/test-automation/trade-flow-v2/reports/2026-05-31T15-04-42-404Z/report.md	2026-05-31	automated	TC-M02	PASS
/Users/sameralzubaidi/Desktop/kids_marketplace_app/test-automation/trade-flow-v2/reports/2026-05-31T15-04-42-404Z/report.md	2026-05-31	automated	TC-M03	PASS
/Users/sameralzubaidi/Desktop/kids_marketplace_app/test-automation/trade-flow-v2/reports/2026-05-31T15-04-42-404Z/report.md	2026-05-31	automated	TC-M04	PASS
/Users/sameralzubaidi/Desktop/kids_marketplace_app/test-automation/trade-flow-v2/reports/2026-05-31T15-04-42-404Z/report.md	2026-05-31	automated	TC-M05	PASS
/Users/sameralzubaidi/Desktop/kids_marketplace_app/test-automation/trade-flow-v2/reports/2026-05-31T15-04-42-404Z/report.md	2026-05-31	automated	TC-M06	PASS
/Users/sameralzubaidi/Desktop/kids_marketplace_app/test-automation/trade-flow-v2/reports/2026-05-31T15-04-42-404Z/report.md	2026-05-31	automated	TC-M07	PASS
/Users/sameralzubaidi/Desktop/kids_marketplace_app/test-automation/trade-flow-v2/reports/2026-05-31T15-04-42-404Z/report.md	2026-05-31	automated	TC-M08	PASS
/Users/sameralzubaidi/Desktop/kids_marketplace_app/test-automation/trade-flow-v2/reports/2026-05-31T15-04-42-404Z/report.md	2026-05-31	automated	TC-M09	PASS
/Users/sameralzubaidi/Desktop/kids_marketplace_app/test-automation/trade-flow-v2/reports/2026-05-31T15-04-42-404Z/report.md	2026-05-31	automated	TC-M10	PASS
/Users/sameralzubaidi/Desktop/kids_marketplace_app/test-automation/trade-flow-v2/reports/2026-05-31T15-04-42-404Z/report.md	2026-05-31	automated	TC-M11	PASS
/Users/sameralzubaidi/Desktop/kids_marketplace_app/test-automation/trade-flow-v2/reports/2026-05-31T15-04-42-404Z/report.md	2026-05-31	automated	TC-M12	PASS
/Users/sameralzubaidi/Desktop/kids_marketplace_app/test-automation/trade-flow-v2/reports/2026-05-31T15-04-42-404Z/report.md	2026-05-31	automated	TC-M14	PASS
/Users/sameralzubaidi/Desktop/kids_marketplace_app/test-automation/trade-flow-v2/reports/2026-05-31T15-04-42-404Z/report.md	2026-05-31	automated	TC-M15	PASS
/Users/sameralzubaidi/Desktop/kids_marketplace_app/test-automation/trade-flow-v2/reports/2026-05-31T15-04-42-404Z/report.md	2026-05-31	automated	TC-M13	SKIPPED
/Users/sameralzubaidi/Desktop/kids_marketplace_app/test-automation/trade-flow-v2/reports/2026-05-31T15-09-46-669Z/report.md	2026-05-31	automated	TC-A01	FAIL
/Users/sameralzubaidi/Desktop/kids_marketplace_app/test-automation/trade-flow-v2/reports/2026-05-31T15-09-46-669Z/report.md	2026-05-31	automated	TC-A02	FAIL
/Users/sameralzubaidi/Desktop/kids_marketplace_app/test-automation/trade-flow-v2/reports/2026-05-31T15-09-46-669Z/report.md	2026-05-31	automated	TC-A03	FAIL
/Users/sameralzubaidi/Desktop/kids_marketplace_app/test-automation/trade-flow-v2/reports/2026-05-31T15-09-46-669Z/report.md	2026-05-31	automated	TC-M13	SKIPPED
/Users/sameralzubaidi/Desktop/kids_marketplace_app/test-automation/trade-flow-v2/reports/2026-05-31T15-12-10-443Z/report.md	2026-05-31	automated	TC-A01	FAIL
/Users/sameralzubaidi/Desktop/kids_marketplace_app/test-automation/trade-flow-v2/reports/2026-05-31T15-12-10-443Z/report.md	2026-05-31	automated	TC-A02	FAIL
/Users/sameralzubaidi/Desktop/kids_marketplace_app/test-automation/trade-flow-v2/reports/2026-05-31T15-12-10-443Z/report.md	2026-05-31	automated	TC-A03	FAIL
/Users/sameralzubaidi/Desktop/kids_marketplace_app/test-automation/trade-flow-v2/reports/2026-05-31T15-12-10-443Z/report.md	2026-05-31	automated	TC-A04	FAIL
/Users/sameralzubaidi/Desktop/kids_marketplace_app/test-automation/trade-flow-v2/reports/2026-05-31T15-12-10-443Z/report.md	2026-05-31	automated	TC-M01	FAIL
/Users/sameralzubaidi/Desktop/kids_marketplace_app/test-automation/trade-flow-v2/reports/2026-05-31T15-12-10-443Z/report.md	2026-05-31	automated	TC-M02	FAIL
/Users/sameralzubaidi/Desktop/kids_marketplace_app/test-automation/trade-flow-v2/reports/2026-05-31T15-12-10-443Z/report.md	2026-05-31	automated	TC-M03	FAIL
/Users/sameralzubaidi/Desktop/kids_marketplace_app/test-automation/trade-flow-v2/reports/2026-05-31T15-12-10-443Z/report.md	2026-05-31	automated	TC-M04	FAIL
/Users/sameralzubaidi/Desktop/kids_marketplace_app/test-automation/trade-flow-v2/reports/2026-05-31T15-12-10-443Z/report.md	2026-05-31	automated	TC-M05	FAIL
/Users/sameralzubaidi/Desktop/kids_marketplace_app/test-automation/trade-flow-v2/reports/2026-05-31T15-12-10-443Z/report.md	2026-05-31	automated	TC-M06	FAIL
/Users/sameralzubaidi/Desktop/kids_marketplace_app/test-automation/trade-flow-v2/reports/2026-05-31T15-12-10-443Z/report.md	2026-05-31	automated	TC-M07	FAIL
/Users/sameralzubaidi/Desktop/kids_marketplace_app/test-automation/trade-flow-v2/reports/2026-05-31T15-12-10-443Z/report.md	2026-05-31	automated	TC-M08	FAIL
/Users/sameralzubaidi/Desktop/kids_marketplace_app/test-automation/trade-flow-v2/reports/2026-05-31T15-12-10-443Z/report.md	2026-05-31	automated	TC-M09	FAIL
/Users/sameralzubaidi/Desktop/kids_marketplace_app/test-automation/trade-flow-v2/reports/2026-05-31T15-12-10-443Z/report.md	2026-05-31	automated	TC-M10	FAIL
/Users/sameralzubaidi/Desktop/kids_marketplace_app/test-automation/trade-flow-v2/reports/2026-05-31T15-12-10-443Z/report.md	2026-05-31	automated	TC-M11	FAIL
/Users/sameralzubaidi/Desktop/kids_marketplace_app/test-automation/trade-flow-v2/reports/2026-05-31T15-12-10-443Z/report.md	2026-05-31	automated	TC-M12	FAIL
/Users/sameralzubaidi/Desktop/kids_marketplace_app/test-automation/trade-flow-v2/reports/2026-05-31T15-12-10-443Z/report.md	2026-05-31	automated	TC-M14	FAIL
/Users/sameralzubaidi/Desktop/kids_marketplace_app/test-automation/trade-flow-v2/reports/2026-05-31T15-12-10-443Z/report.md	2026-05-31	automated	TC-M15	FAIL
/Users/sameralzubaidi/Desktop/kids_marketplace_app/test-automation/trade-flow-v2/reports/2026-05-31T15-12-10-443Z/report.md	2026-05-31	automated	TC-M13	SKIPPED
/Users/sameralzubaidi/Desktop/kids_marketplace_app/e2e-test-results/2026-06-01T00-10-52/report.md	2026-06-01	automated	REG-R01	FAIL
/Users/sameralzubaidi/Desktop/kids_marketplace_app/e2e-test-results/2026-06-01T00-10-52/report.md	2026-06-01	automated	REG-R03	FAIL
/Users/sameralzubaidi/Desktop/kids_marketplace_app/e2e-test-results/2026-06-01T00-10-52/report.md	2026-06-01	automated	REG-R04	FAIL
/Users/sameralzubaidi/Desktop/kids_marketplace_app/e2e-test-results/2026-06-01T00-10-52/report.md	2026-06-01	automated	TC-J01	FAIL
/Users/sameralzubaidi/Desktop/kids_marketplace_app/e2e-test-results/2026-06-01T00-10-52/report.md	2026-06-01	automated	TC-J02	FAIL
/Users/sameralzubaidi/Desktop/kids_marketplace_app/e2e-test-results/2026-06-01T00-10-52/report.md	2026-06-01	automated	TC-J03	FAIL
/Users/sameralzubaidi/Desktop/kids_marketplace_app/e2e-test-results/2026-06-01T00-10-52/report.md	2026-06-01	automated	TC-J04	FAIL
/Users/sameralzubaidi/Desktop/kids_marketplace_app/e2e-test-results/2026-06-01T00-10-52/report.md	2026-06-01	automated	TC-J05	FAIL
/Users/sameralzubaidi/Desktop/kids_marketplace_app/e2e-test-results/2026-06-01T00-10-52/report.md	2026-06-01	automated	TC-K01	FAIL
/Users/sameralzubaidi/Desktop/kids_marketplace_app/e2e-test-results/2026-06-01T00-10-52/report.md	2026-06-01	automated	TC-K02	FAIL
/Users/sameralzubaidi/Desktop/kids_marketplace_app/e2e-test-results/2026-06-01T00-10-52/report.md	2026-06-01	automated	TC-K03	FAIL
/Users/sameralzubaidi/Desktop/kids_marketplace_app/e2e-test-results/2026-06-01T00-10-52/report.md	2026-06-01	automated	TC-L01	FAIL
/Users/sameralzubaidi/Desktop/kids_marketplace_app/e2e-test-results/2026-06-01T00-10-52/report.md	2026-06-01	automated	TC-L02	FAIL
/Users/sameralzubaidi/Desktop/kids_marketplace_app/e2e-test-results/2026-06-01T00-10-52/report.md	2026-06-01	automated	TC-L03	FAIL
/Users/sameralzubaidi/Desktop/kids_marketplace_app/e2e-test-results/2026-06-01T00-10-52/report.md	2026-06-01	automated	TC-L04	FAIL
/Users/sameralzubaidi/Desktop/kids_marketplace_app/e2e-test-results/2026-06-01T00-10-52/report.md	2026-06-01	automated	TC-L05	FAIL
/Users/sameralzubaidi/Desktop/kids_marketplace_app/e2e-test-results/2026-06-01T00-10-52/report.md	2026-06-01	automated	TC-L06	FAIL
/Users/sameralzubaidi/Desktop/kids_marketplace_app/e2e-test-results/2026-06-01T00-10-52/report.md	2026-06-01	automated	TC-L07	FAIL
/Users/sameralzubaidi/Desktop/kids_marketplace_app/e2e-test-results/2026-06-01T00-10-52/report.md	2026-06-01	automated	TC-L08	FAIL
/Users/sameralzubaidi/Desktop/kids_marketplace_app/e2e-test-results/2026-06-01T00-10-52/report.md	2026-06-01	automated	TC-R05	FAIL
/Users/sameralzubaidi/Desktop/kids_marketplace_app/e2e-test-results/2026-06-01T00-10-52/report.md	2026-06-01	automated	TC-R06	FAIL
/Users/sameralzubaidi/Desktop/kids_marketplace_app/e2e-test-results/2026-06-01T00-10-52/report.md	2026-06-01	automated	REG-R02	FAIL
/Users/sameralzubaidi/Desktop/kids_marketplace_app/e2e-test-results/2026-06-01T00-10-52/report.md	2026-06-01	automated	TC-A04	FAIL
/Users/sameralzubaidi/Desktop/kids_marketplace_app/e2e-test-results/2026-06-01T00-10-52/report.md	2026-06-01	automated	TC-B01	FAIL
/Users/sameralzubaidi/Desktop/kids_marketplace_app/e2e-test-results/2026-06-01T00-10-52/report.md	2026-06-01	automated	TC-B03	FAIL
/Users/sameralzubaidi/Desktop/kids_marketplace_app/e2e-test-results/2026-06-01T00-10-52/report.md	2026-06-01	automated	TC-B04	FAIL
/Users/sameralzubaidi/Desktop/kids_marketplace_app/e2e-test-results/2026-06-01T00-10-52/report.md	2026-06-01	automated	TC-B05	FAIL
/Users/sameralzubaidi/Desktop/kids_marketplace_app/e2e-test-results/2026-06-01T00-10-52/report.md	2026-06-01	automated	TC-R01	FAIL
/Users/sameralzubaidi/Desktop/kids_marketplace_app/e2e-test-results/2026-06-01T00-10-52/report.md	2026-06-01	automated	TC-R02	FAIL
/Users/sameralzubaidi/Desktop/kids_marketplace_app/e2e-test-results/2026-06-01T00-10-52/report.md	2026-06-01	automated	TC-R13	FAIL
/Users/sameralzubaidi/Desktop/kids_marketplace_app/e2e-test-results/2026-06-01T00-10-52/report.md	2026-06-01	automated	REG-R05	FAIL
/Users/sameralzubaidi/Desktop/kids_marketplace_app/e2e-test-results/2026-06-01T00-10-52/report.md	2026-06-01	automated	TC-D01	FAIL
/Users/sameralzubaidi/Desktop/kids_marketplace_app/e2e-test-results/2026-06-01T00-10-52/report.md	2026-06-01	automated	TC-D02	FAIL
/Users/sameralzubaidi/Desktop/kids_marketplace_app/e2e-test-results/2026-06-01T00-10-52/report.md	2026-06-01	automated	TC-D03	FAIL
/Users/sameralzubaidi/Desktop/kids_marketplace_app/e2e-test-results/2026-06-01T00-10-52/report.md	2026-06-01	automated	TC-D04	FAIL
/Users/sameralzubaidi/Desktop/kids_marketplace_app/e2e-test-results/2026-06-01T00-10-52/report.md	2026-06-01	automated	TC-D05	FAIL
/Users/sameralzubaidi/Desktop/kids_marketplace_app/e2e-test-results/2026-06-01T00-10-52/report.md	2026-06-01	automated	REG-R06	FAIL
/Users/sameralzubaidi/Desktop/kids_marketplace_app/e2e-test-results/2026-06-01T00-10-52/report.md	2026-06-01	automated	REG-R07	FAIL
/Users/sameralzubaidi/Desktop/kids_marketplace_app/e2e-test-results/2026-06-01T00-10-52/report.md	2026-06-01	automated	TC-C01	FAIL
/Users/sameralzubaidi/Desktop/kids_marketplace_app/e2e-test-results/2026-06-01T00-10-52/report.md	2026-06-01	automated	TC-C02	FAIL
/Users/sameralzubaidi/Desktop/kids_marketplace_app/e2e-test-results/2026-06-01T00-10-52/report.md	2026-06-01	automated	TC-C04	FAIL
/Users/sameralzubaidi/Desktop/kids_marketplace_app/e2e-test-results/2026-06-01T00-10-52/report.md	2026-06-01	automated	TC-C05	FAIL
/Users/sameralzubaidi/Desktop/kids_marketplace_app/e2e-test-results/2026-06-01T00-10-52/report.md	2026-06-01	automated	TC-C06	FAIL
/Users/sameralzubaidi/Desktop/kids_marketplace_app/e2e-test-results/2026-06-01T00-10-52/report.md	2026-06-01	automated	TC-R07	FAIL
/Users/sameralzubaidi/Desktop/kids_marketplace_app/e2e-test-results/2026-06-01T00-10-52/report.md	2026-06-01	automated	REG-R08	FAIL
/Users/sameralzubaidi/Desktop/kids_marketplace_app/e2e-test-results/2026-06-01T00-10-52/report.md	2026-06-01	automated	TC-C07	FAIL
/Users/sameralzubaidi/Desktop/kids_marketplace_app/e2e-test-results/2026-06-01T00-10-52/report.md	2026-06-01	automated	TC-C08	FAIL
/Users/sameralzubaidi/Desktop/kids_marketplace_app/e2e-test-results/2026-06-01T00-10-52/report.md	2026-06-01	automated	TC-A01	FAIL
/Users/sameralzubaidi/Desktop/kids_marketplace_app/e2e-test-results/2026-06-01T00-10-52/report.md	2026-06-01	automated	TC-A02	FAIL
/Users/sameralzubaidi/Desktop/kids_marketplace_app/e2e-test-results/2026-06-01T00-10-52/report.md	2026-06-01	automated	TC-A03	FAIL
/Users/sameralzubaidi/Desktop/kids_marketplace_app/e2e-test-results/2026-06-01T00-10-52/report.md	2026-06-01	automated	TC-E01	FAIL
/Users/sameralzubaidi/Desktop/kids_marketplace_app/e2e-test-results/2026-06-01T00-10-52/report.md	2026-06-01	automated	TC-E02	FAIL
/Users/sameralzubaidi/Desktop/kids_marketplace_app/e2e-test-results/2026-06-01T00-10-52/report.md	2026-06-01	automated	TC-E03	FAIL
/Users/sameralzubaidi/Desktop/kids_marketplace_app/e2e-test-results/2026-06-01T00-10-52/report.md	2026-06-01	automated	TC-E04	FAIL
/Users/sameralzubaidi/Desktop/kids_marketplace_app/e2e-test-results/2026-06-01T00-10-52/report.md	2026-06-01	automated	TC-H01	FAIL
/Users/sameralzubaidi/Desktop/kids_marketplace_app/e2e-test-results/2026-06-01T00-10-52/report.md	2026-06-01	automated	TC-H02	FAIL
/Users/sameralzubaidi/Desktop/kids_marketplace_app/e2e-test-results/2026-06-01T00-10-52/report.md	2026-06-01	automated	TC-H03	FAIL
/Users/sameralzubaidi/Desktop/kids_marketplace_app/e2e-test-results/2026-06-01T00-10-52/report.md	2026-06-01	automated	TC-H04	FAIL
/Users/sameralzubaidi/Desktop/kids_marketplace_app/e2e-test-results/2026-06-01T00-10-52/report.md	2026-06-01	automated	TC-Q01	FAIL
/Users/sameralzubaidi/Desktop/kids_marketplace_app/e2e-test-results/2026-06-01T00-10-52/report.md	2026-06-01	automated	TC-Q02	FAIL
/Users/sameralzubaidi/Desktop/kids_marketplace_app/e2e-test-results/2026-06-01T00-10-52/report.md	2026-06-01	automated	TC-Q03	FAIL
/Users/sameralzubaidi/Desktop/kids_marketplace_app/e2e-test-results/2026-06-01T00-10-52/report.md	2026-06-01	automated	TC-Q04	FAIL
/Users/sameralzubaidi/Desktop/kids_marketplace_app/e2e-test-results/2026-06-01T00-10-52/report.md	2026-06-01	automated	TC-Q05	FAIL
/Users/sameralzubaidi/Desktop/kids_marketplace_app/e2e-test-results/2026-06-01T00-10-52/report.md	2026-06-01	automated	TC-Q06	FAIL
/Users/sameralzubaidi/Desktop/kids_marketplace_app/e2e-test-results/2026-06-01T00-10-52/report.md	2026-06-01	automated	TC-Q07	FAIL
/Users/sameralzubaidi/Desktop/kids_marketplace_app/e2e-test-results/2026-06-01T00-10-52/report.md	2026-06-01	automated	TC-Q08	FAIL
/Users/sameralzubaidi/Desktop/kids_marketplace_app/e2e-test-results/2026-06-01T00-10-52/report.md	2026-06-01	automated	TC-Q09	FAIL
/Users/sameralzubaidi/Desktop/kids_marketplace_app/e2e-test-results/2026-06-01T00-10-52/report.md	2026-06-01	automated	TC-Q10	FAIL
/Users/sameralzubaidi/Desktop/kids_marketplace_app/e2e-test-results/2026-06-01T00-10-52/report.md	2026-06-01	automated	TC-Q12	FAIL
/Users/sameralzubaidi/Desktop/kids_marketplace_app/e2e-test-results/2026-06-01T00-10-52/report.md	2026-06-01	automated	TC-Q15	FAIL
/Users/sameralzubaidi/Desktop/kids_marketplace_app/e2e-test-results/2026-06-01T00-10-52/report.md	2026-06-01	automated	TC-Q17	FAIL
/Users/sameralzubaidi/Desktop/kids_marketplace_app/e2e-test-results/2026-06-01T00-10-52/report.md	2026-06-01	automated	TC-E05	PASS
/Users/sameralzubaidi/Desktop/kids_marketplace_app/e2e-test-results/2026-06-01T00-10-52/report.md	2026-06-01	automated	TC-R10	PASS
/Users/sameralzubaidi/Desktop/kids_marketplace_app/e2e-test-results/2026-06-01T00-10-52/report.md	2026-06-01	automated	TC-E06	PASS
/Users/sameralzubaidi/Desktop/kids_marketplace_app/e2e-test-results/2026-06-01T00-10-52/report.md	2026-06-01	automated	TC-R09	PASS
/Users/sameralzubaidi/Desktop/kids_marketplace_app/e2e-test-results/2026-06-01T00-10-52/report.md	2026-06-01	automated	TC-F01	FAIL
/Users/sameralzubaidi/Desktop/kids_marketplace_app/e2e-test-results/2026-06-01T00-10-52/report.md	2026-06-01	automated	TC-F02	FAIL
/Users/sameralzubaidi/Desktop/kids_marketplace_app/e2e-test-results/2026-06-01T00-10-52/report.md	2026-06-01	automated	TC-F03	FAIL
/Users/sameralzubaidi/Desktop/kids_marketplace_app/e2e-test-results/2026-06-01T00-10-52/report.md	2026-06-01	automated	TC-R08	FAIL
/Users/sameralzubaidi/Desktop/kids_marketplace_app/e2e-test-results/2026-06-01T00-10-52/report.md	2026-06-01	automated	TC-G04	FAIL
/Users/sameralzubaidi/Desktop/kids_marketplace_app/e2e-test-results/2026-06-01T00-10-52/report.md	2026-06-01	automated	TC-I01	FAIL
/Users/sameralzubaidi/Desktop/kids_marketplace_app/e2e-test-results/2026-06-01T00-10-52/report.md	2026-06-01	automated	TC-I02	FAIL
/Users/sameralzubaidi/Desktop/kids_marketplace_app/e2e-test-results/2026-06-01T00-10-52/report.md	2026-06-01	automated	TC-I03	FAIL
/Users/sameralzubaidi/Desktop/kids_marketplace_app/e2e-test-results/2026-06-01T00-10-52/report.md	2026-06-01	automated	TC-I04	FAIL
/Users/sameralzubaidi/Desktop/kids_marketplace_app/e2e-test-results/2026-06-01T00-10-52/report.md	2026-06-01	automated	TC-I05	FAIL
/Users/sameralzubaidi/Desktop/kids_marketplace_app/e2e-test-results/2026-06-01T00-10-52/report.md	2026-06-01	automated	TC-M01	FAIL
/Users/sameralzubaidi/Desktop/kids_marketplace_app/e2e-test-results/2026-06-01T00-10-52/report.md	2026-06-01	automated	TC-M02	FAIL
/Users/sameralzubaidi/Desktop/kids_marketplace_app/e2e-test-results/2026-06-01T00-10-52/report.md	2026-06-01	automated	TC-M03	FAIL
/Users/sameralzubaidi/Desktop/kids_marketplace_app/e2e-test-results/2026-06-01T00-10-52/report.md	2026-06-01	automated	TC-M04	FAIL
/Users/sameralzubaidi/Desktop/kids_marketplace_app/e2e-test-results/2026-06-01T00-10-52/report.md	2026-06-01	automated	TC-M05	FAIL
/Users/sameralzubaidi/Desktop/kids_marketplace_app/e2e-test-results/2026-06-01T00-10-52/report.md	2026-06-01	automated	TC-M06	FAIL
/Users/sameralzubaidi/Desktop/kids_marketplace_app/e2e-test-results/2026-06-01T00-10-52/report.md	2026-06-01	automated	TC-M07	FAIL
/Users/sameralzubaidi/Desktop/kids_marketplace_app/e2e-test-results/2026-06-01T00-10-52/report.md	2026-06-01	automated	TC-M08	FAIL
/Users/sameralzubaidi/Desktop/kids_marketplace_app/e2e-test-results/2026-06-01T00-10-52/report.md	2026-06-01	automated	TC-M09	FAIL
/Users/sameralzubaidi/Desktop/kids_marketplace_app/e2e-test-results/2026-06-01T00-10-52/report.md	2026-06-01	automated	TC-M10	FAIL
/Users/sameralzubaidi/Desktop/kids_marketplace_app/e2e-test-results/2026-06-01T00-10-52/report.md	2026-06-01	automated	TC-M11	FAIL
/Users/sameralzubaidi/Desktop/kids_marketplace_app/e2e-test-results/2026-06-01T00-10-52/report.md	2026-06-01	automated	TC-M12	FAIL
/Users/sameralzubaidi/Desktop/kids_marketplace_app/e2e-test-results/2026-06-01T00-10-52/report.md	2026-06-01	automated	TC-M14	FAIL
/Users/sameralzubaidi/Desktop/kids_marketplace_app/e2e-test-results/2026-06-01T00-10-52/report.md	2026-06-01	automated	TC-M15	FAIL
/Users/sameralzubaidi/Desktop/kids_marketplace_app/e2e-test-results/2026-06-01T00-10-52/report.md	2026-06-01	automated	TC-N01	PASS
/Users/sameralzubaidi/Desktop/kids_marketplace_app/e2e-test-results/2026-06-01T00-10-52/report.md	2026-06-01	automated	TC-N02	PASS
/Users/sameralzubaidi/Desktop/kids_marketplace_app/e2e-test-results/2026-06-01T00-10-52/report.md	2026-06-01	automated	TC-O01	FAIL
/Users/sameralzubaidi/Desktop/kids_marketplace_app/e2e-test-results/2026-06-01T00-10-52/report.md	2026-06-01	automated	TC-O02	FAIL
/Users/sameralzubaidi/Desktop/kids_marketplace_app/e2e-test-results/2026-06-01T00-10-52/report.md	2026-06-01	automated	TC-O03	FAIL
/Users/sameralzubaidi/Desktop/kids_marketplace_app/e2e-test-results/2026-06-01T00-10-52/report.md	2026-06-01	automated	TC-O04	FAIL
/Users/sameralzubaidi/Desktop/kids_marketplace_app/e2e-test-results/2026-06-01T00-10-52/report.md	2026-06-01	automated	TC-O05	FAIL
/Users/sameralzubaidi/Desktop/kids_marketplace_app/e2e-test-results/2026-06-01T00-10-52/report.md	2026-06-01	automated	TC-O06	FAIL
/Users/sameralzubaidi/Desktop/kids_marketplace_app/e2e-test-results/2026-06-01T00-10-52/report.md	2026-06-01	automated	TC-O07	FAIL
/Users/sameralzubaidi/Desktop/kids_marketplace_app/e2e-test-results/2026-06-01T00-10-52/report.md	2026-06-01	automated	TC-P01	PASS
/Users/sameralzubaidi/Desktop/kids_marketplace_app/e2e-test-results/2026-06-01T00-10-52/report.md	2026-06-01	automated	TC-P02	PASS
/Users/sameralzubaidi/Desktop/kids_marketplace_app/e2e-test-results/2026-06-01T00-10-52/report.md	2026-06-01	automated	TC-P03	PASS
/Users/sameralzubaidi/Desktop/kids_marketplace_app/e2e-test-results/2026-06-01T00-10-52/report.md	2026-06-01	automated	TC-P04	PASS
/Users/sameralzubaidi/Desktop/kids_marketplace_app/e2e-test-results/2026-06-01T00-10-52/report.md	2026-06-01	automated	TC-P05	PASS
/Users/sameralzubaidi/Desktop/kids_marketplace_app/e2e-test-results/2026-06-01T00-10-52/report.md	2026-06-01	automated	TC-P06	PASS
/Users/sameralzubaidi/Desktop/kids_marketplace_app/e2e-test-results/2026-06-01T00-10-52/report.md	2026-06-01	automated	TC-P07	PASS
/Users/sameralzubaidi/Desktop/kids_marketplace_app/e2e-test-results/2026-06-01T00-10-52/report.md	2026-06-01	automated	TC-P08	FAIL
/Users/sameralzubaidi/Desktop/kids_marketplace_app/e2e-test-results/2026-06-01T00-10-52/report.md	2026-06-01	automated	TC-Q18	FAIL
/Users/sameralzubaidi/Desktop/kids_marketplace_app/e2e-test-results/2026-06-01T00-10-52/report.md	2026-06-01	automated	TC-Q19	FAIL
/Users/sameralzubaidi/Desktop/kids_marketplace_app/e2e-test-results/2026-06-01T00-10-52/report.md	2026-06-01	automated	TC-Q20	FAIL
/Users/sameralzubaidi/Desktop/kids_marketplace_app/e2e-test-results/2026-06-01T00-10-52/report.md	2026-06-01	automated	TC-B02	SKIPPED
/Users/sameralzubaidi/Desktop/kids_marketplace_app/e2e-test-results/2026-06-01T00-10-52/report.md	2026-06-01	automated	TC-B06	SKIPPED
/Users/sameralzubaidi/Desktop/kids_marketplace_app/e2e-test-results/2026-06-01T00-10-52/report.md	2026-06-01	automated	TC-C03	SKIPPED
/Users/sameralzubaidi/Desktop/kids_marketplace_app/e2e-test-results/2026-06-01T00-10-52/report.md	2026-06-01	automated	TC-G01	SKIPPED
/Users/sameralzubaidi/Desktop/kids_marketplace_app/e2e-test-results/2026-06-01T00-10-52/report.md	2026-06-01	automated	TC-G02	SKIPPED
/Users/sameralzubaidi/Desktop/kids_marketplace_app/e2e-test-results/2026-06-01T00-10-52/report.md	2026-06-01	automated	TC-G03	SKIPPED
/Users/sameralzubaidi/Desktop/kids_marketplace_app/e2e-test-results/2026-06-01T00-10-52/report.md	2026-06-01	automated	TC-M13	SKIPPED
/Users/sameralzubaidi/Desktop/kids_marketplace_app/e2e-test-results/2026-06-01T00-10-52/report.md	2026-06-01	automated	TC-Q11	SKIPPED
/Users/sameralzubaidi/Desktop/kids_marketplace_app/e2e-test-results/2026-06-01T00-10-52/report.md	2026-06-01	automated	TC-Q13	SKIPPED
/Users/sameralzubaidi/Desktop/kids_marketplace_app/e2e-test-results/2026-06-01T00-10-52/report.md	2026-06-01	automated	TC-Q14	SKIPPED
/Users/sameralzubaidi/Desktop/kids_marketplace_app/e2e-test-results/2026-06-01T00-10-52/report.md	2026-06-01	automated	TC-Q16	SKIPPED
/Users/sameralzubaidi/Desktop/kids_marketplace_app/e2e-test-results/2026-06-01T00-10-52/report.md	2026-06-01	automated	TC-R03	SKIPPED
/Users/sameralzubaidi/Desktop/kids_marketplace_app/e2e-test-results/2026-06-01T00-10-52/report.md	2026-06-01	automated	TC-R04	SKIPPED
/Users/sameralzubaidi/Desktop/kids_marketplace_app/e2e-test-results/2026-06-01T00-10-52/report.md	2026-06-01	automated	TC-R11	SKIPPED
/Users/sameralzubaidi/Desktop/kids_marketplace_app/e2e-test-results/2026-06-01T00-10-52/report.md	2026-06-01	automated	TC-R12	SKIPPED
/Users/sameralzubaidi/Desktop/kids_marketplace_app/e2e-test-results/2026-06-01T00-31-27/report.md	2026-06-01	automated	REG-R01	FAIL
/Users/sameralzubaidi/Desktop/kids_marketplace_app/e2e-test-results/2026-06-01T00-31-27/report.md	2026-06-01	automated	REG-R03	FAIL
/Users/sameralzubaidi/Desktop/kids_marketplace_app/e2e-test-results/2026-06-01T00-31-27/report.md	2026-06-01	automated	REG-R04	FAIL
/Users/sameralzubaidi/Desktop/kids_marketplace_app/e2e-test-results/2026-06-01T00-31-27/report.md	2026-06-01	automated	TC-J01	FAIL
/Users/sameralzubaidi/Desktop/kids_marketplace_app/e2e-test-results/2026-06-01T00-31-27/report.md	2026-06-01	automated	TC-J02	FAIL
/Users/sameralzubaidi/Desktop/kids_marketplace_app/e2e-test-results/2026-06-01T00-31-27/report.md	2026-06-01	automated	TC-J03	FAIL
/Users/sameralzubaidi/Desktop/kids_marketplace_app/e2e-test-results/2026-06-01T00-31-27/report.md	2026-06-01	automated	TC-J04	FAIL
/Users/sameralzubaidi/Desktop/kids_marketplace_app/e2e-test-results/2026-06-01T00-31-27/report.md	2026-06-01	automated	TC-J05	FAIL
/Users/sameralzubaidi/Desktop/kids_marketplace_app/e2e-test-results/2026-06-01T00-31-27/report.md	2026-06-01	automated	TC-K01	FAIL
/Users/sameralzubaidi/Desktop/kids_marketplace_app/e2e-test-results/2026-06-01T00-31-27/report.md	2026-06-01	automated	TC-K02	FAIL
/Users/sameralzubaidi/Desktop/kids_marketplace_app/e2e-test-results/2026-06-01T00-31-27/report.md	2026-06-01	automated	TC-K03	FAIL
/Users/sameralzubaidi/Desktop/kids_marketplace_app/e2e-test-results/2026-06-01T00-31-27/report.md	2026-06-01	automated	TC-L01	FAIL
/Users/sameralzubaidi/Desktop/kids_marketplace_app/e2e-test-results/2026-06-01T00-31-27/report.md	2026-06-01	automated	TC-L02	FAIL
/Users/sameralzubaidi/Desktop/kids_marketplace_app/e2e-test-results/2026-06-01T00-31-27/report.md	2026-06-01	automated	TC-L03	FAIL
/Users/sameralzubaidi/Desktop/kids_marketplace_app/e2e-test-results/2026-06-01T00-31-27/report.md	2026-06-01	automated	TC-L04	FAIL
/Users/sameralzubaidi/Desktop/kids_marketplace_app/e2e-test-results/2026-06-01T00-31-27/report.md	2026-06-01	automated	TC-L05	FAIL
/Users/sameralzubaidi/Desktop/kids_marketplace_app/e2e-test-results/2026-06-01T00-31-27/report.md	2026-06-01	automated	TC-L06	FAIL
/Users/sameralzubaidi/Desktop/kids_marketplace_app/e2e-test-results/2026-06-01T00-31-27/report.md	2026-06-01	automated	TC-L07	FAIL
/Users/sameralzubaidi/Desktop/kids_marketplace_app/e2e-test-results/2026-06-01T00-31-27/report.md	2026-06-01	automated	TC-L08	FAIL
/Users/sameralzubaidi/Desktop/kids_marketplace_app/e2e-test-results/2026-06-01T00-31-27/report.md	2026-06-01	automated	TC-R05	FAIL
/Users/sameralzubaidi/Desktop/kids_marketplace_app/e2e-test-results/2026-06-01T00-31-27/report.md	2026-06-01	automated	TC-R06	FAIL
/Users/sameralzubaidi/Desktop/kids_marketplace_app/e2e-test-results/2026-06-01T00-31-27/report.md	2026-06-01	automated	REG-R02	FAIL
/Users/sameralzubaidi/Desktop/kids_marketplace_app/e2e-test-results/2026-06-01T00-31-27/report.md	2026-06-01	automated	TC-A04	FAIL
/Users/sameralzubaidi/Desktop/kids_marketplace_app/e2e-test-results/2026-06-01T00-31-27/report.md	2026-06-01	automated	TC-B01	FAIL
/Users/sameralzubaidi/Desktop/kids_marketplace_app/e2e-test-results/2026-06-01T00-31-27/report.md	2026-06-01	automated	TC-B03	FAIL
/Users/sameralzubaidi/Desktop/kids_marketplace_app/e2e-test-results/2026-06-01T00-31-27/report.md	2026-06-01	automated	TC-B04	FAIL
/Users/sameralzubaidi/Desktop/kids_marketplace_app/e2e-test-results/2026-06-01T00-31-27/report.md	2026-06-01	automated	TC-B05	FAIL
/Users/sameralzubaidi/Desktop/kids_marketplace_app/e2e-test-results/2026-06-01T00-31-27/report.md	2026-06-01	automated	TC-R01	FAIL
/Users/sameralzubaidi/Desktop/kids_marketplace_app/e2e-test-results/2026-06-01T00-31-27/report.md	2026-06-01	automated	TC-R02	FAIL
/Users/sameralzubaidi/Desktop/kids_marketplace_app/e2e-test-results/2026-06-01T00-31-27/report.md	2026-06-01	automated	TC-R13	FAIL
/Users/sameralzubaidi/Desktop/kids_marketplace_app/e2e-test-results/2026-06-01T00-31-27/report.md	2026-06-01	automated	REG-R05	FAIL
/Users/sameralzubaidi/Desktop/kids_marketplace_app/e2e-test-results/2026-06-01T00-31-27/report.md	2026-06-01	automated	TC-D01	FAIL
/Users/sameralzubaidi/Desktop/kids_marketplace_app/e2e-test-results/2026-06-01T00-31-27/report.md	2026-06-01	automated	TC-D02	FAIL
/Users/sameralzubaidi/Desktop/kids_marketplace_app/e2e-test-results/2026-06-01T00-31-27/report.md	2026-06-01	automated	TC-D03	FAIL
/Users/sameralzubaidi/Desktop/kids_marketplace_app/e2e-test-results/2026-06-01T00-31-27/report.md	2026-06-01	automated	TC-D04	FAIL
/Users/sameralzubaidi/Desktop/kids_marketplace_app/e2e-test-results/2026-06-01T00-31-27/report.md	2026-06-01	automated	TC-D05	FAIL
/Users/sameralzubaidi/Desktop/kids_marketplace_app/e2e-test-results/2026-06-01T00-31-27/report.md	2026-06-01	automated	REG-R06	FAIL
/Users/sameralzubaidi/Desktop/kids_marketplace_app/e2e-test-results/2026-06-01T00-31-27/report.md	2026-06-01	automated	REG-R07	FAIL
/Users/sameralzubaidi/Desktop/kids_marketplace_app/e2e-test-results/2026-06-01T00-31-27/report.md	2026-06-01	automated	TC-C01	FAIL
/Users/sameralzubaidi/Desktop/kids_marketplace_app/e2e-test-results/2026-06-01T00-31-27/report.md	2026-06-01	automated	TC-C02	FAIL
/Users/sameralzubaidi/Desktop/kids_marketplace_app/e2e-test-results/2026-06-01T00-31-27/report.md	2026-06-01	automated	TC-C04	FAIL
/Users/sameralzubaidi/Desktop/kids_marketplace_app/e2e-test-results/2026-06-01T00-31-27/report.md	2026-06-01	automated	TC-C05	FAIL
/Users/sameralzubaidi/Desktop/kids_marketplace_app/e2e-test-results/2026-06-01T00-31-27/report.md	2026-06-01	automated	TC-C06	FAIL
/Users/sameralzubaidi/Desktop/kids_marketplace_app/e2e-test-results/2026-06-01T00-31-27/report.md	2026-06-01	automated	TC-R07	FAIL
/Users/sameralzubaidi/Desktop/kids_marketplace_app/e2e-test-results/2026-06-01T00-31-27/report.md	2026-06-01	automated	REG-R08	FAIL
/Users/sameralzubaidi/Desktop/kids_marketplace_app/e2e-test-results/2026-06-01T00-31-27/report.md	2026-06-01	automated	TC-C07	FAIL
/Users/sameralzubaidi/Desktop/kids_marketplace_app/e2e-test-results/2026-06-01T00-31-27/report.md	2026-06-01	automated	TC-C08	FAIL
/Users/sameralzubaidi/Desktop/kids_marketplace_app/e2e-test-results/2026-06-01T00-31-27/report.md	2026-06-01	automated	TC-A01	FAIL
/Users/sameralzubaidi/Desktop/kids_marketplace_app/e2e-test-results/2026-06-01T00-31-27/report.md	2026-06-01	automated	TC-A02	FAIL
/Users/sameralzubaidi/Desktop/kids_marketplace_app/e2e-test-results/2026-06-01T00-31-27/report.md	2026-06-01	automated	TC-A03	FAIL
/Users/sameralzubaidi/Desktop/kids_marketplace_app/e2e-test-results/2026-06-01T00-31-27/report.md	2026-06-01	automated	TC-E01	FAIL
/Users/sameralzubaidi/Desktop/kids_marketplace_app/e2e-test-results/2026-06-01T00-31-27/report.md	2026-06-01	automated	TC-E02	FAIL
/Users/sameralzubaidi/Desktop/kids_marketplace_app/e2e-test-results/2026-06-01T00-31-27/report.md	2026-06-01	automated	TC-E03	FAIL
/Users/sameralzubaidi/Desktop/kids_marketplace_app/e2e-test-results/2026-06-01T00-31-27/report.md	2026-06-01	automated	TC-E04	FAIL
/Users/sameralzubaidi/Desktop/kids_marketplace_app/e2e-test-results/2026-06-01T00-31-27/report.md	2026-06-01	automated	TC-H01	FAIL
/Users/sameralzubaidi/Desktop/kids_marketplace_app/e2e-test-results/2026-06-01T00-31-27/report.md	2026-06-01	automated	TC-H02	FAIL
/Users/sameralzubaidi/Desktop/kids_marketplace_app/e2e-test-results/2026-06-01T00-31-27/report.md	2026-06-01	automated	TC-H03	FAIL
/Users/sameralzubaidi/Desktop/kids_marketplace_app/e2e-test-results/2026-06-01T00-31-27/report.md	2026-06-01	automated	TC-H04	FAIL
/Users/sameralzubaidi/Desktop/kids_marketplace_app/e2e-test-results/2026-06-01T00-31-27/report.md	2026-06-01	automated	TC-Q01	FAIL
/Users/sameralzubaidi/Desktop/kids_marketplace_app/e2e-test-results/2026-06-01T00-31-27/report.md	2026-06-01	automated	TC-Q02	FAIL
/Users/sameralzubaidi/Desktop/kids_marketplace_app/e2e-test-results/2026-06-01T00-31-27/report.md	2026-06-01	automated	TC-Q03	FAIL
/Users/sameralzubaidi/Desktop/kids_marketplace_app/e2e-test-results/2026-06-01T00-31-27/report.md	2026-06-01	automated	TC-Q04	FAIL
/Users/sameralzubaidi/Desktop/kids_marketplace_app/e2e-test-results/2026-06-01T00-31-27/report.md	2026-06-01	automated	TC-Q05	FAIL
/Users/sameralzubaidi/Desktop/kids_marketplace_app/e2e-test-results/2026-06-01T00-31-27/report.md	2026-06-01	automated	TC-Q06	FAIL
/Users/sameralzubaidi/Desktop/kids_marketplace_app/e2e-test-results/2026-06-01T00-31-27/report.md	2026-06-01	automated	TC-Q07	FAIL
/Users/sameralzubaidi/Desktop/kids_marketplace_app/e2e-test-results/2026-06-01T00-31-27/report.md	2026-06-01	automated	TC-Q08	FAIL
/Users/sameralzubaidi/Desktop/kids_marketplace_app/e2e-test-results/2026-06-01T00-31-27/report.md	2026-06-01	automated	TC-Q09	FAIL
/Users/sameralzubaidi/Desktop/kids_marketplace_app/e2e-test-results/2026-06-01T00-31-27/report.md	2026-06-01	automated	TC-Q10	FAIL
/Users/sameralzubaidi/Desktop/kids_marketplace_app/e2e-test-results/2026-06-01T00-31-27/report.md	2026-06-01	automated	TC-Q12	FAIL
/Users/sameralzubaidi/Desktop/kids_marketplace_app/e2e-test-results/2026-06-01T00-31-27/report.md	2026-06-01	automated	TC-Q15	FAIL
/Users/sameralzubaidi/Desktop/kids_marketplace_app/e2e-test-results/2026-06-01T00-31-27/report.md	2026-06-01	automated	TC-Q17	FAIL
/Users/sameralzubaidi/Desktop/kids_marketplace_app/e2e-test-results/2026-06-01T00-31-27/report.md	2026-06-01	automated	TC-E05	FAIL
/Users/sameralzubaidi/Desktop/kids_marketplace_app/e2e-test-results/2026-06-01T00-31-27/report.md	2026-06-01	automated	TC-R10	FAIL
/Users/sameralzubaidi/Desktop/kids_marketplace_app/e2e-test-results/2026-06-01T00-31-27/report.md	2026-06-01	automated	TC-E06	FAIL
/Users/sameralzubaidi/Desktop/kids_marketplace_app/e2e-test-results/2026-06-01T00-31-27/report.md	2026-06-01	automated	TC-R09	FAIL
/Users/sameralzubaidi/Desktop/kids_marketplace_app/e2e-test-results/2026-06-01T00-31-27/report.md	2026-06-01	automated	TC-F01	FAIL
/Users/sameralzubaidi/Desktop/kids_marketplace_app/e2e-test-results/2026-06-01T00-31-27/report.md	2026-06-01	automated	TC-F02	FAIL
/Users/sameralzubaidi/Desktop/kids_marketplace_app/e2e-test-results/2026-06-01T00-31-27/report.md	2026-06-01	automated	TC-F03	FAIL
/Users/sameralzubaidi/Desktop/kids_marketplace_app/e2e-test-results/2026-06-01T00-31-27/report.md	2026-06-01	automated	TC-R08	FAIL
/Users/sameralzubaidi/Desktop/kids_marketplace_app/e2e-test-results/2026-06-01T00-31-27/report.md	2026-06-01	automated	TC-G04	FAIL
/Users/sameralzubaidi/Desktop/kids_marketplace_app/e2e-test-results/2026-06-01T00-31-27/report.md	2026-06-01	automated	TC-I01	FAIL
/Users/sameralzubaidi/Desktop/kids_marketplace_app/e2e-test-results/2026-06-01T00-31-27/report.md	2026-06-01	automated	TC-I02	FAIL
/Users/sameralzubaidi/Desktop/kids_marketplace_app/e2e-test-results/2026-06-01T00-31-27/report.md	2026-06-01	automated	TC-I03	FAIL
/Users/sameralzubaidi/Desktop/kids_marketplace_app/e2e-test-results/2026-06-01T00-31-27/report.md	2026-06-01	automated	TC-I04	FAIL
/Users/sameralzubaidi/Desktop/kids_marketplace_app/e2e-test-results/2026-06-01T00-31-27/report.md	2026-06-01	automated	TC-I05	FAIL
/Users/sameralzubaidi/Desktop/kids_marketplace_app/e2e-test-results/2026-06-01T00-31-27/report.md	2026-06-01	automated	TC-M01	FAIL
/Users/sameralzubaidi/Desktop/kids_marketplace_app/e2e-test-results/2026-06-01T00-31-27/report.md	2026-06-01	automated	TC-M02	FAIL
/Users/sameralzubaidi/Desktop/kids_marketplace_app/e2e-test-results/2026-06-01T00-31-27/report.md	2026-06-01	automated	TC-M03	FAIL
/Users/sameralzubaidi/Desktop/kids_marketplace_app/e2e-test-results/2026-06-01T00-31-27/report.md	2026-06-01	automated	TC-M04	FAIL
/Users/sameralzubaidi/Desktop/kids_marketplace_app/e2e-test-results/2026-06-01T00-31-27/report.md	2026-06-01	automated	TC-M05	FAIL
/Users/sameralzubaidi/Desktop/kids_marketplace_app/e2e-test-results/2026-06-01T00-31-27/report.md	2026-06-01	automated	TC-M06	FAIL
/Users/sameralzubaidi/Desktop/kids_marketplace_app/e2e-test-results/2026-06-01T00-31-27/report.md	2026-06-01	automated	TC-M07	FAIL
/Users/sameralzubaidi/Desktop/kids_marketplace_app/e2e-test-results/2026-06-01T00-31-27/report.md	2026-06-01	automated	TC-M08	FAIL
/Users/sameralzubaidi/Desktop/kids_marketplace_app/e2e-test-results/2026-06-01T00-31-27/report.md	2026-06-01	automated	TC-M09	FAIL
/Users/sameralzubaidi/Desktop/kids_marketplace_app/e2e-test-results/2026-06-01T00-31-27/report.md	2026-06-01	automated	TC-M10	FAIL
/Users/sameralzubaidi/Desktop/kids_marketplace_app/e2e-test-results/2026-06-01T00-31-27/report.md	2026-06-01	automated	TC-M11	FAIL
/Users/sameralzubaidi/Desktop/kids_marketplace_app/e2e-test-results/2026-06-01T00-31-27/report.md	2026-06-01	automated	TC-M12	FAIL
/Users/sameralzubaidi/Desktop/kids_marketplace_app/e2e-test-results/2026-06-01T00-31-27/report.md	2026-06-01	automated	TC-M14	FAIL
/Users/sameralzubaidi/Desktop/kids_marketplace_app/e2e-test-results/2026-06-01T00-31-27/report.md	2026-06-01	automated	TC-M15	FAIL
/Users/sameralzubaidi/Desktop/kids_marketplace_app/e2e-test-results/2026-06-01T00-31-27/report.md	2026-06-01	automated	TC-N01	FAIL
/Users/sameralzubaidi/Desktop/kids_marketplace_app/e2e-test-results/2026-06-01T00-31-27/report.md	2026-06-01	automated	TC-N02	FAIL
/Users/sameralzubaidi/Desktop/kids_marketplace_app/e2e-test-results/2026-06-01T00-31-27/report.md	2026-06-01	automated	TC-O01	FAIL
/Users/sameralzubaidi/Desktop/kids_marketplace_app/e2e-test-results/2026-06-01T00-31-27/report.md	2026-06-01	automated	TC-O02	FAIL
/Users/sameralzubaidi/Desktop/kids_marketplace_app/e2e-test-results/2026-06-01T00-31-27/report.md	2026-06-01	automated	TC-O03	FAIL
/Users/sameralzubaidi/Desktop/kids_marketplace_app/e2e-test-results/2026-06-01T00-31-27/report.md	2026-06-01	automated	TC-O04	FAIL
/Users/sameralzubaidi/Desktop/kids_marketplace_app/e2e-test-results/2026-06-01T00-31-27/report.md	2026-06-01	automated	TC-O05	FAIL
/Users/sameralzubaidi/Desktop/kids_marketplace_app/e2e-test-results/2026-06-01T00-31-27/report.md	2026-06-01	automated	TC-O06	FAIL
/Users/sameralzubaidi/Desktop/kids_marketplace_app/e2e-test-results/2026-06-01T00-31-27/report.md	2026-06-01	automated	TC-O07	FAIL
/Users/sameralzubaidi/Desktop/kids_marketplace_app/e2e-test-results/2026-06-01T00-31-27/report.md	2026-06-01	automated	TC-P01	FAIL
/Users/sameralzubaidi/Desktop/kids_marketplace_app/e2e-test-results/2026-06-01T00-31-27/report.md	2026-06-01	automated	TC-P02	FAIL
/Users/sameralzubaidi/Desktop/kids_marketplace_app/e2e-test-results/2026-06-01T00-31-27/report.md	2026-06-01	automated	TC-P03	FAIL
/Users/sameralzubaidi/Desktop/kids_marketplace_app/e2e-test-results/2026-06-01T00-31-27/report.md	2026-06-01	automated	TC-P04	FAIL
/Users/sameralzubaidi/Desktop/kids_marketplace_app/e2e-test-results/2026-06-01T00-31-27/report.md	2026-06-01	automated	TC-P05	FAIL
/Users/sameralzubaidi/Desktop/kids_marketplace_app/e2e-test-results/2026-06-01T00-31-27/report.md	2026-06-01	automated	TC-P06	FAIL
/Users/sameralzubaidi/Desktop/kids_marketplace_app/e2e-test-results/2026-06-01T00-31-27/report.md	2026-06-01	automated	TC-P07	FAIL
/Users/sameralzubaidi/Desktop/kids_marketplace_app/e2e-test-results/2026-06-01T00-31-27/report.md	2026-06-01	automated	TC-P08	FAIL
/Users/sameralzubaidi/Desktop/kids_marketplace_app/e2e-test-results/2026-06-01T00-31-27/report.md	2026-06-01	automated	TC-Q18	FAIL
/Users/sameralzubaidi/Desktop/kids_marketplace_app/e2e-test-results/2026-06-01T00-31-27/report.md	2026-06-01	automated	TC-Q19	FAIL
/Users/sameralzubaidi/Desktop/kids_marketplace_app/e2e-test-results/2026-06-01T00-31-27/report.md	2026-06-01	automated	TC-Q20	FAIL
/Users/sameralzubaidi/Desktop/kids_marketplace_app/e2e-test-results/2026-06-01T00-31-27/report.md	2026-06-01	automated	TC-B02	SKIPPED
/Users/sameralzubaidi/Desktop/kids_marketplace_app/e2e-test-results/2026-06-01T00-31-27/report.md	2026-06-01	automated	TC-B06	SKIPPED
/Users/sameralzubaidi/Desktop/kids_marketplace_app/e2e-test-results/2026-06-01T00-31-27/report.md	2026-06-01	automated	TC-C03	SKIPPED
/Users/sameralzubaidi/Desktop/kids_marketplace_app/e2e-test-results/2026-06-01T00-31-27/report.md	2026-06-01	automated	TC-G01	SKIPPED
/Users/sameralzubaidi/Desktop/kids_marketplace_app/e2e-test-results/2026-06-01T00-31-27/report.md	2026-06-01	automated	TC-G02	SKIPPED
/Users/sameralzubaidi/Desktop/kids_marketplace_app/e2e-test-results/2026-06-01T00-31-27/report.md	2026-06-01	automated	TC-G03	SKIPPED
/Users/sameralzubaidi/Desktop/kids_marketplace_app/e2e-test-results/2026-06-01T00-31-27/report.md	2026-06-01	automated	TC-M13	SKIPPED
/Users/sameralzubaidi/Desktop/kids_marketplace_app/e2e-test-results/2026-06-01T00-31-27/report.md	2026-06-01	automated	TC-Q11	SKIPPED
/Users/sameralzubaidi/Desktop/kids_marketplace_app/e2e-test-results/2026-06-01T00-31-27/report.md	2026-06-01	automated	TC-Q13	SKIPPED
/Users/sameralzubaidi/Desktop/kids_marketplace_app/e2e-test-results/2026-06-01T00-31-27/report.md	2026-06-01	automated	TC-Q14	SKIPPED
/Users/sameralzubaidi/Desktop/kids_marketplace_app/e2e-test-results/2026-06-01T00-31-27/report.md	2026-06-01	automated	TC-Q16	SKIPPED
/Users/sameralzubaidi/Desktop/kids_marketplace_app/e2e-test-results/2026-06-01T00-31-27/report.md	2026-06-01	automated	TC-R03	SKIPPED
/Users/sameralzubaidi/Desktop/kids_marketplace_app/e2e-test-results/2026-06-01T00-31-27/report.md	2026-06-01	automated	TC-R04	SKIPPED
/Users/sameralzubaidi/Desktop/kids_marketplace_app/e2e-test-results/2026-06-01T00-31-27/report.md	2026-06-01	automated	TC-R11	SKIPPED
/Users/sameralzubaidi/Desktop/kids_marketplace_app/e2e-test-results/2026-06-01T00-31-27/report.md	2026-06-01	automated	TC-R12	SKIPPED
/Users/sameralzubaidi/Desktop/kids_marketplace_app/e2e-test-results/2026-06-02T10-55-31/report.md	2026-06-02	automated	REG-R01	PASS
/Users/sameralzubaidi/Desktop/kids_marketplace_app/e2e-test-results/2026-06-02T10-55-31/report.md	2026-06-02	automated	REG-R03	PASS
/Users/sameralzubaidi/Desktop/kids_marketplace_app/e2e-test-results/2026-06-02T10-55-31/report.md	2026-06-02	automated	REG-R04	PASS
/Users/sameralzubaidi/Desktop/kids_marketplace_app/e2e-test-results/2026-06-02T10-55-31/report.md	2026-06-02	automated	TC-J01	PASS
/Users/sameralzubaidi/Desktop/kids_marketplace_app/e2e-test-results/2026-06-02T10-55-31/report.md	2026-06-02	automated	TC-J02	PASS
/Users/sameralzubaidi/Desktop/kids_marketplace_app/e2e-test-results/2026-06-02T10-55-31/report.md	2026-06-02	automated	TC-J03	PASS
/Users/sameralzubaidi/Desktop/kids_marketplace_app/e2e-test-results/2026-06-02T10-55-31/report.md	2026-06-02	automated	TC-J04	PASS
/Users/sameralzubaidi/Desktop/kids_marketplace_app/e2e-test-results/2026-06-02T10-55-31/report.md	2026-06-02	automated	TC-J05	PASS
/Users/sameralzubaidi/Desktop/kids_marketplace_app/e2e-test-results/2026-06-02T10-55-31/report.md	2026-06-02	automated	TC-K01	PASS
/Users/sameralzubaidi/Desktop/kids_marketplace_app/e2e-test-results/2026-06-02T10-55-31/report.md	2026-06-02	automated	TC-K02	PASS
/Users/sameralzubaidi/Desktop/kids_marketplace_app/e2e-test-results/2026-06-02T10-55-31/report.md	2026-06-02	automated	TC-K03	PASS
/Users/sameralzubaidi/Desktop/kids_marketplace_app/e2e-test-results/2026-06-02T10-55-31/report.md	2026-06-02	automated	TC-L01	PASS
/Users/sameralzubaidi/Desktop/kids_marketplace_app/e2e-test-results/2026-06-02T10-55-31/report.md	2026-06-02	automated	TC-L02	PASS
/Users/sameralzubaidi/Desktop/kids_marketplace_app/e2e-test-results/2026-06-02T10-55-31/report.md	2026-06-02	automated	TC-L03	PASS
/Users/sameralzubaidi/Desktop/kids_marketplace_app/e2e-test-results/2026-06-02T10-55-31/report.md	2026-06-02	automated	TC-L04	PASS
/Users/sameralzubaidi/Desktop/kids_marketplace_app/e2e-test-results/2026-06-02T10-55-31/report.md	2026-06-02	automated	TC-L05	PASS
/Users/sameralzubaidi/Desktop/kids_marketplace_app/e2e-test-results/2026-06-02T10-55-31/report.md	2026-06-02	automated	TC-L06	PASS
/Users/sameralzubaidi/Desktop/kids_marketplace_app/e2e-test-results/2026-06-02T10-55-31/report.md	2026-06-02	automated	TC-L07	PASS
/Users/sameralzubaidi/Desktop/kids_marketplace_app/e2e-test-results/2026-06-02T10-55-31/report.md	2026-06-02	automated	TC-L08	PASS
/Users/sameralzubaidi/Desktop/kids_marketplace_app/e2e-test-results/2026-06-02T10-55-31/report.md	2026-06-02	automated	TC-R05	PASS
/Users/sameralzubaidi/Desktop/kids_marketplace_app/e2e-test-results/2026-06-02T10-55-31/report.md	2026-06-02	automated	TC-R06	PASS
/Users/sameralzubaidi/Desktop/kids_marketplace_app/e2e-test-results/2026-06-02T10-55-31/report.md	2026-06-02	automated	REG-R02	PASS
/Users/sameralzubaidi/Desktop/kids_marketplace_app/e2e-test-results/2026-06-02T10-55-31/report.md	2026-06-02	automated	TC-A04	PASS
/Users/sameralzubaidi/Desktop/kids_marketplace_app/e2e-test-results/2026-06-02T10-55-31/report.md	2026-06-02	automated	TC-B01	PASS
/Users/sameralzubaidi/Desktop/kids_marketplace_app/e2e-test-results/2026-06-02T10-55-31/report.md	2026-06-02	automated	TC-B03	PASS
/Users/sameralzubaidi/Desktop/kids_marketplace_app/e2e-test-results/2026-06-02T10-55-31/report.md	2026-06-02	automated	TC-B04	PASS
/Users/sameralzubaidi/Desktop/kids_marketplace_app/e2e-test-results/2026-06-02T10-55-31/report.md	2026-06-02	automated	TC-B05	PASS
/Users/sameralzubaidi/Desktop/kids_marketplace_app/e2e-test-results/2026-06-02T10-55-31/report.md	2026-06-02	automated	TC-R01	PASS
/Users/sameralzubaidi/Desktop/kids_marketplace_app/e2e-test-results/2026-06-02T10-55-31/report.md	2026-06-02	automated	TC-R02	PASS
/Users/sameralzubaidi/Desktop/kids_marketplace_app/e2e-test-results/2026-06-02T10-55-31/report.md	2026-06-02	automated	TC-R13	PASS
/Users/sameralzubaidi/Desktop/kids_marketplace_app/e2e-test-results/2026-06-02T10-55-31/report.md	2026-06-02	automated	REG-R05	PASS
/Users/sameralzubaidi/Desktop/kids_marketplace_app/e2e-test-results/2026-06-02T10-55-31/report.md	2026-06-02	automated	TC-D01	PASS
/Users/sameralzubaidi/Desktop/kids_marketplace_app/e2e-test-results/2026-06-02T10-55-31/report.md	2026-06-02	automated	TC-D02	PASS
/Users/sameralzubaidi/Desktop/kids_marketplace_app/e2e-test-results/2026-06-02T10-55-31/report.md	2026-06-02	automated	TC-D03	PASS
/Users/sameralzubaidi/Desktop/kids_marketplace_app/e2e-test-results/2026-06-02T10-55-31/report.md	2026-06-02	automated	TC-D04	PASS
/Users/sameralzubaidi/Desktop/kids_marketplace_app/e2e-test-results/2026-06-02T10-55-31/report.md	2026-06-02	automated	TC-D05	PASS
/Users/sameralzubaidi/Desktop/kids_marketplace_app/e2e-test-results/2026-06-02T10-55-31/report.md	2026-06-02	automated	REG-R06	PASS
/Users/sameralzubaidi/Desktop/kids_marketplace_app/e2e-test-results/2026-06-02T10-55-31/report.md	2026-06-02	automated	REG-R07	PASS
/Users/sameralzubaidi/Desktop/kids_marketplace_app/e2e-test-results/2026-06-02T10-55-31/report.md	2026-06-02	automated	TC-C01	PASS
/Users/sameralzubaidi/Desktop/kids_marketplace_app/e2e-test-results/2026-06-02T10-55-31/report.md	2026-06-02	automated	TC-C02	PASS
/Users/sameralzubaidi/Desktop/kids_marketplace_app/e2e-test-results/2026-06-02T10-55-31/report.md	2026-06-02	automated	TC-C04	PASS
/Users/sameralzubaidi/Desktop/kids_marketplace_app/e2e-test-results/2026-06-02T10-55-31/report.md	2026-06-02	automated	TC-C05	PASS
/Users/sameralzubaidi/Desktop/kids_marketplace_app/e2e-test-results/2026-06-02T10-55-31/report.md	2026-06-02	automated	TC-C06	PASS
/Users/sameralzubaidi/Desktop/kids_marketplace_app/e2e-test-results/2026-06-02T10-55-31/report.md	2026-06-02	automated	TC-R07	PASS
/Users/sameralzubaidi/Desktop/kids_marketplace_app/e2e-test-results/2026-06-02T10-55-31/report.md	2026-06-02	automated	REG-R08	PASS
/Users/sameralzubaidi/Desktop/kids_marketplace_app/e2e-test-results/2026-06-02T10-55-31/report.md	2026-06-02	automated	TC-C07	PASS
/Users/sameralzubaidi/Desktop/kids_marketplace_app/e2e-test-results/2026-06-02T10-55-31/report.md	2026-06-02	automated	TC-C08	PASS
/Users/sameralzubaidi/Desktop/kids_marketplace_app/e2e-test-results/2026-06-02T10-55-31/report.md	2026-06-02	automated	TC-A01	PASS
/Users/sameralzubaidi/Desktop/kids_marketplace_app/e2e-test-results/2026-06-02T10-55-31/report.md	2026-06-02	automated	TC-A02	PASS
/Users/sameralzubaidi/Desktop/kids_marketplace_app/e2e-test-results/2026-06-02T10-55-31/report.md	2026-06-02	automated	TC-A03	PASS
/Users/sameralzubaidi/Desktop/kids_marketplace_app/e2e-test-results/2026-06-02T10-55-31/report.md	2026-06-02	automated	TC-E01	PASS
/Users/sameralzubaidi/Desktop/kids_marketplace_app/e2e-test-results/2026-06-02T10-55-31/report.md	2026-06-02	automated	TC-E02	PASS
/Users/sameralzubaidi/Desktop/kids_marketplace_app/e2e-test-results/2026-06-02T10-55-31/report.md	2026-06-02	automated	TC-E03	PASS
/Users/sameralzubaidi/Desktop/kids_marketplace_app/e2e-test-results/2026-06-02T10-55-31/report.md	2026-06-02	automated	TC-E04	PASS
/Users/sameralzubaidi/Desktop/kids_marketplace_app/e2e-test-results/2026-06-02T10-55-31/report.md	2026-06-02	automated	TC-H01	PASS
/Users/sameralzubaidi/Desktop/kids_marketplace_app/e2e-test-results/2026-06-02T10-55-31/report.md	2026-06-02	automated	TC-H02	PASS
/Users/sameralzubaidi/Desktop/kids_marketplace_app/e2e-test-results/2026-06-02T10-55-31/report.md	2026-06-02	automated	TC-H03	PASS
/Users/sameralzubaidi/Desktop/kids_marketplace_app/e2e-test-results/2026-06-02T10-55-31/report.md	2026-06-02	automated	TC-H04	PASS
/Users/sameralzubaidi/Desktop/kids_marketplace_app/e2e-test-results/2026-06-02T10-55-31/report.md	2026-06-02	automated	TC-Q01	PASS
/Users/sameralzubaidi/Desktop/kids_marketplace_app/e2e-test-results/2026-06-02T10-55-31/report.md	2026-06-02	automated	TC-Q02	PASS
/Users/sameralzubaidi/Desktop/kids_marketplace_app/e2e-test-results/2026-06-02T10-55-31/report.md	2026-06-02	automated	TC-Q03	PASS
/Users/sameralzubaidi/Desktop/kids_marketplace_app/e2e-test-results/2026-06-02T10-55-31/report.md	2026-06-02	automated	TC-Q04	PASS
/Users/sameralzubaidi/Desktop/kids_marketplace_app/e2e-test-results/2026-06-02T10-55-31/report.md	2026-06-02	automated	TC-Q05	PASS
/Users/sameralzubaidi/Desktop/kids_marketplace_app/e2e-test-results/2026-06-02T10-55-31/report.md	2026-06-02	automated	TC-Q06	PASS
/Users/sameralzubaidi/Desktop/kids_marketplace_app/e2e-test-results/2026-06-02T10-55-31/report.md	2026-06-02	automated	TC-Q07	PASS
/Users/sameralzubaidi/Desktop/kids_marketplace_app/e2e-test-results/2026-06-02T10-55-31/report.md	2026-06-02	automated	TC-Q08	PASS
/Users/sameralzubaidi/Desktop/kids_marketplace_app/e2e-test-results/2026-06-02T10-55-31/report.md	2026-06-02	automated	TC-Q09	PASS
/Users/sameralzubaidi/Desktop/kids_marketplace_app/e2e-test-results/2026-06-02T10-55-31/report.md	2026-06-02	automated	TC-Q10	PASS
/Users/sameralzubaidi/Desktop/kids_marketplace_app/e2e-test-results/2026-06-02T10-55-31/report.md	2026-06-02	automated	TC-Q12	PASS
/Users/sameralzubaidi/Desktop/kids_marketplace_app/e2e-test-results/2026-06-02T10-55-31/report.md	2026-06-02	automated	TC-Q15	PASS
/Users/sameralzubaidi/Desktop/kids_marketplace_app/e2e-test-results/2026-06-02T10-55-31/report.md	2026-06-02	automated	TC-Q17	PASS
/Users/sameralzubaidi/Desktop/kids_marketplace_app/e2e-test-results/2026-06-02T10-55-31/report.md	2026-06-02	automated	TC-F01	PASS
/Users/sameralzubaidi/Desktop/kids_marketplace_app/e2e-test-results/2026-06-02T10-55-31/report.md	2026-06-02	automated	TC-F02	PASS
/Users/sameralzubaidi/Desktop/kids_marketplace_app/e2e-test-results/2026-06-02T10-55-31/report.md	2026-06-02	automated	TC-F03	PASS
/Users/sameralzubaidi/Desktop/kids_marketplace_app/e2e-test-results/2026-06-02T10-55-31/report.md	2026-06-02	automated	TC-R08	PASS
/Users/sameralzubaidi/Desktop/kids_marketplace_app/e2e-test-results/2026-06-02T10-55-31/report.md	2026-06-02	automated	TC-G04	PASS
/Users/sameralzubaidi/Desktop/kids_marketplace_app/e2e-test-results/2026-06-02T10-55-31/report.md	2026-06-02	automated	TC-I01	PASS
/Users/sameralzubaidi/Desktop/kids_marketplace_app/e2e-test-results/2026-06-02T10-55-31/report.md	2026-06-02	automated	TC-I02	PASS
/Users/sameralzubaidi/Desktop/kids_marketplace_app/e2e-test-results/2026-06-02T10-55-31/report.md	2026-06-02	automated	TC-I03	PASS
/Users/sameralzubaidi/Desktop/kids_marketplace_app/e2e-test-results/2026-06-02T10-55-31/report.md	2026-06-02	automated	TC-I04	PASS
/Users/sameralzubaidi/Desktop/kids_marketplace_app/e2e-test-results/2026-06-02T10-55-31/report.md	2026-06-02	automated	TC-I05	PASS
/Users/sameralzubaidi/Desktop/kids_marketplace_app/e2e-test-results/2026-06-02T10-55-31/report.md	2026-06-02	automated	TC-M01	PASS
/Users/sameralzubaidi/Desktop/kids_marketplace_app/e2e-test-results/2026-06-02T10-55-31/report.md	2026-06-02	automated	TC-M02	PASS
/Users/sameralzubaidi/Desktop/kids_marketplace_app/e2e-test-results/2026-06-02T10-55-31/report.md	2026-06-02	automated	TC-M03	PASS
/Users/sameralzubaidi/Desktop/kids_marketplace_app/e2e-test-results/2026-06-02T10-55-31/report.md	2026-06-02	automated	TC-M04	PASS
/Users/sameralzubaidi/Desktop/kids_marketplace_app/e2e-test-results/2026-06-02T10-55-31/report.md	2026-06-02	automated	TC-M05	PASS
/Users/sameralzubaidi/Desktop/kids_marketplace_app/e2e-test-results/2026-06-02T10-55-31/report.md	2026-06-02	automated	TC-M06	PASS
/Users/sameralzubaidi/Desktop/kids_marketplace_app/e2e-test-results/2026-06-02T10-55-31/report.md	2026-06-02	automated	TC-M07	PASS
/Users/sameralzubaidi/Desktop/kids_marketplace_app/e2e-test-results/2026-06-02T10-55-31/report.md	2026-06-02	automated	TC-M08	PASS
/Users/sameralzubaidi/Desktop/kids_marketplace_app/e2e-test-results/2026-06-02T10-55-31/report.md	2026-06-02	automated	TC-M09	PASS
/Users/sameralzubaidi/Desktop/kids_marketplace_app/e2e-test-results/2026-06-02T10-55-31/report.md	2026-06-02	automated	TC-M10	PASS
/Users/sameralzubaidi/Desktop/kids_marketplace_app/e2e-test-results/2026-06-02T10-55-31/report.md	2026-06-02	automated	TC-M11	PASS
/Users/sameralzubaidi/Desktop/kids_marketplace_app/e2e-test-results/2026-06-02T10-55-31/report.md	2026-06-02	automated	TC-M12	PASS
/Users/sameralzubaidi/Desktop/kids_marketplace_app/e2e-test-results/2026-06-02T10-55-31/report.md	2026-06-02	automated	TC-M14	PASS
/Users/sameralzubaidi/Desktop/kids_marketplace_app/e2e-test-results/2026-06-02T10-55-31/report.md	2026-06-02	automated	TC-M15	PASS
/Users/sameralzubaidi/Desktop/kids_marketplace_app/e2e-test-results/2026-06-02T10-55-31/report.md	2026-06-02	automated	TC-O01	PASS
/Users/sameralzubaidi/Desktop/kids_marketplace_app/e2e-test-results/2026-06-02T10-55-31/report.md	2026-06-02	automated	TC-O02	PASS
/Users/sameralzubaidi/Desktop/kids_marketplace_app/e2e-test-results/2026-06-02T10-55-31/report.md	2026-06-02	automated	TC-O03	PASS
/Users/sameralzubaidi/Desktop/kids_marketplace_app/e2e-test-results/2026-06-02T10-55-31/report.md	2026-06-02	automated	TC-O04	PASS
/Users/sameralzubaidi/Desktop/kids_marketplace_app/e2e-test-results/2026-06-02T10-55-31/report.md	2026-06-02	automated	TC-O05	PASS
/Users/sameralzubaidi/Desktop/kids_marketplace_app/e2e-test-results/2026-06-02T10-55-31/report.md	2026-06-02	automated	TC-O06	PASS
/Users/sameralzubaidi/Desktop/kids_marketplace_app/e2e-test-results/2026-06-02T10-55-31/report.md	2026-06-02	automated	TC-O07	PASS
/Users/sameralzubaidi/Desktop/kids_marketplace_app/e2e-test-results/2026-06-02T10-55-31/report.md	2026-06-02	automated	TC-B02	SKIPPED
/Users/sameralzubaidi/Desktop/kids_marketplace_app/e2e-test-results/2026-06-02T10-55-31/report.md	2026-06-02	automated	TC-B06	SKIPPED
/Users/sameralzubaidi/Desktop/kids_marketplace_app/e2e-test-results/2026-06-02T10-55-31/report.md	2026-06-02	automated	TC-C03	SKIPPED
/Users/sameralzubaidi/Desktop/kids_marketplace_app/e2e-test-results/2026-06-02T10-55-31/report.md	2026-06-02	automated	TC-G01	SKIPPED
/Users/sameralzubaidi/Desktop/kids_marketplace_app/e2e-test-results/2026-06-02T10-55-31/report.md	2026-06-02	automated	TC-G02	SKIPPED
/Users/sameralzubaidi/Desktop/kids_marketplace_app/e2e-test-results/2026-06-02T10-55-31/report.md	2026-06-02	automated	TC-G03	SKIPPED
/Users/sameralzubaidi/Desktop/kids_marketplace_app/e2e-test-results/2026-06-02T10-55-31/report.md	2026-06-02	automated	TC-M13	SKIPPED
/Users/sameralzubaidi/Desktop/kids_marketplace_app/e2e-test-results/2026-06-02T10-55-31/report.md	2026-06-02	automated	TC-Q11	SKIPPED
/Users/sameralzubaidi/Desktop/kids_marketplace_app/e2e-test-results/2026-06-02T10-55-31/report.md	2026-06-02	automated	TC-Q13	SKIPPED
/Users/sameralzubaidi/Desktop/kids_marketplace_app/e2e-test-results/2026-06-02T10-55-31/report.md	2026-06-02	automated	TC-Q14	SKIPPED
/Users/sameralzubaidi/Desktop/kids_marketplace_app/e2e-test-results/2026-06-02T10-55-31/report.md	2026-06-02	automated	TC-Q16	SKIPPED
/Users/sameralzubaidi/Desktop/kids_marketplace_app/e2e-test-results/2026-06-02T10-55-31/report.md	2026-06-02	automated	TC-R03	SKIPPED
/Users/sameralzubaidi/Desktop/kids_marketplace_app/e2e-test-results/2026-06-02T10-55-31/report.md	2026-06-02	automated	TC-R04	SKIPPED
/Users/sameralzubaidi/Desktop/kids_marketplace_app/e2e-test-results/2026-06-02T10-55-31/report.md	2026-06-02	automated	TC-R11	SKIPPED
/Users/sameralzubaidi/Desktop/kids_marketplace_app/e2e-test-results/2026-06-02T10-55-31/report.md	2026-06-02	automated	TC-R12	SKIPPED
/Users/sameralzubaidi/Desktop/kids_marketplace_app/e2e-test-results/2026-06-02T10-55-54/report.md	2026-06-02	automated	REG-R01	PASS
/Users/sameralzubaidi/Desktop/kids_marketplace_app/e2e-test-results/2026-06-02T10-55-54/report.md	2026-06-02	automated	REG-R03	PASS
/Users/sameralzubaidi/Desktop/kids_marketplace_app/e2e-test-results/2026-06-02T10-55-54/report.md	2026-06-02	automated	REG-R04	PASS
/Users/sameralzubaidi/Desktop/kids_marketplace_app/e2e-test-results/2026-06-02T10-55-54/report.md	2026-06-02	automated	TC-J01	PASS
/Users/sameralzubaidi/Desktop/kids_marketplace_app/e2e-test-results/2026-06-02T10-55-54/report.md	2026-06-02	automated	TC-J02	PASS
/Users/sameralzubaidi/Desktop/kids_marketplace_app/e2e-test-results/2026-06-02T10-55-54/report.md	2026-06-02	automated	TC-J03	PASS
/Users/sameralzubaidi/Desktop/kids_marketplace_app/e2e-test-results/2026-06-02T10-55-54/report.md	2026-06-02	automated	TC-J04	PASS
/Users/sameralzubaidi/Desktop/kids_marketplace_app/e2e-test-results/2026-06-02T10-55-54/report.md	2026-06-02	automated	TC-J05	PASS
/Users/sameralzubaidi/Desktop/kids_marketplace_app/e2e-test-results/2026-06-02T10-55-54/report.md	2026-06-02	automated	TC-K01	PASS
/Users/sameralzubaidi/Desktop/kids_marketplace_app/e2e-test-results/2026-06-02T10-55-54/report.md	2026-06-02	automated	TC-K02	PASS
/Users/sameralzubaidi/Desktop/kids_marketplace_app/e2e-test-results/2026-06-02T10-55-54/report.md	2026-06-02	automated	TC-K03	PASS
/Users/sameralzubaidi/Desktop/kids_marketplace_app/e2e-test-results/2026-06-02T10-55-54/report.md	2026-06-02	automated	TC-L01	PASS
/Users/sameralzubaidi/Desktop/kids_marketplace_app/e2e-test-results/2026-06-02T10-55-54/report.md	2026-06-02	automated	TC-L02	PASS
/Users/sameralzubaidi/Desktop/kids_marketplace_app/e2e-test-results/2026-06-02T10-55-54/report.md	2026-06-02	automated	TC-L03	PASS
/Users/sameralzubaidi/Desktop/kids_marketplace_app/e2e-test-results/2026-06-02T10-55-54/report.md	2026-06-02	automated	TC-L04	PASS
/Users/sameralzubaidi/Desktop/kids_marketplace_app/e2e-test-results/2026-06-02T10-55-54/report.md	2026-06-02	automated	TC-L05	PASS
/Users/sameralzubaidi/Desktop/kids_marketplace_app/e2e-test-results/2026-06-02T10-55-54/report.md	2026-06-02	automated	TC-L06	PASS
/Users/sameralzubaidi/Desktop/kids_marketplace_app/e2e-test-results/2026-06-02T10-55-54/report.md	2026-06-02	automated	TC-L07	PASS
/Users/sameralzubaidi/Desktop/kids_marketplace_app/e2e-test-results/2026-06-02T10-55-54/report.md	2026-06-02	automated	TC-L08	PASS
/Users/sameralzubaidi/Desktop/kids_marketplace_app/e2e-test-results/2026-06-02T10-55-54/report.md	2026-06-02	automated	TC-R05	PASS
/Users/sameralzubaidi/Desktop/kids_marketplace_app/e2e-test-results/2026-06-02T10-55-54/report.md	2026-06-02	automated	TC-R06	PASS
/Users/sameralzubaidi/Desktop/kids_marketplace_app/e2e-test-results/2026-06-02T10-55-54/report.md	2026-06-02	automated	REG-R02	PASS
/Users/sameralzubaidi/Desktop/kids_marketplace_app/e2e-test-results/2026-06-02T10-55-54/report.md	2026-06-02	automated	TC-A04	PASS
/Users/sameralzubaidi/Desktop/kids_marketplace_app/e2e-test-results/2026-06-02T10-55-54/report.md	2026-06-02	automated	TC-B01	PASS
/Users/sameralzubaidi/Desktop/kids_marketplace_app/e2e-test-results/2026-06-02T10-55-54/report.md	2026-06-02	automated	TC-B03	PASS
/Users/sameralzubaidi/Desktop/kids_marketplace_app/e2e-test-results/2026-06-02T10-55-54/report.md	2026-06-02	automated	TC-B04	PASS
/Users/sameralzubaidi/Desktop/kids_marketplace_app/e2e-test-results/2026-06-02T10-55-54/report.md	2026-06-02	automated	TC-B05	PASS
/Users/sameralzubaidi/Desktop/kids_marketplace_app/e2e-test-results/2026-06-02T10-55-54/report.md	2026-06-02	automated	TC-R01	PASS
/Users/sameralzubaidi/Desktop/kids_marketplace_app/e2e-test-results/2026-06-02T10-55-54/report.md	2026-06-02	automated	TC-R02	PASS
/Users/sameralzubaidi/Desktop/kids_marketplace_app/e2e-test-results/2026-06-02T10-55-54/report.md	2026-06-02	automated	TC-R13	PASS
/Users/sameralzubaidi/Desktop/kids_marketplace_app/e2e-test-results/2026-06-02T10-55-54/report.md	2026-06-02	automated	REG-R05	PASS
/Users/sameralzubaidi/Desktop/kids_marketplace_app/e2e-test-results/2026-06-02T10-55-54/report.md	2026-06-02	automated	TC-D01	PASS
/Users/sameralzubaidi/Desktop/kids_marketplace_app/e2e-test-results/2026-06-02T10-55-54/report.md	2026-06-02	automated	TC-D02	PASS
/Users/sameralzubaidi/Desktop/kids_marketplace_app/e2e-test-results/2026-06-02T10-55-54/report.md	2026-06-02	automated	TC-D03	PASS
/Users/sameralzubaidi/Desktop/kids_marketplace_app/e2e-test-results/2026-06-02T10-55-54/report.md	2026-06-02	automated	TC-D04	PASS
/Users/sameralzubaidi/Desktop/kids_marketplace_app/e2e-test-results/2026-06-02T10-55-54/report.md	2026-06-02	automated	TC-D05	PASS
/Users/sameralzubaidi/Desktop/kids_marketplace_app/e2e-test-results/2026-06-02T10-55-54/report.md	2026-06-02	automated	REG-R06	PASS
/Users/sameralzubaidi/Desktop/kids_marketplace_app/e2e-test-results/2026-06-02T10-55-54/report.md	2026-06-02	automated	REG-R07	PASS
/Users/sameralzubaidi/Desktop/kids_marketplace_app/e2e-test-results/2026-06-02T10-55-54/report.md	2026-06-02	automated	TC-C01	PASS
/Users/sameralzubaidi/Desktop/kids_marketplace_app/e2e-test-results/2026-06-02T10-55-54/report.md	2026-06-02	automated	TC-C02	PASS
/Users/sameralzubaidi/Desktop/kids_marketplace_app/e2e-test-results/2026-06-02T10-55-54/report.md	2026-06-02	automated	TC-C04	PASS
/Users/sameralzubaidi/Desktop/kids_marketplace_app/e2e-test-results/2026-06-02T10-55-54/report.md	2026-06-02	automated	TC-C05	PASS
/Users/sameralzubaidi/Desktop/kids_marketplace_app/e2e-test-results/2026-06-02T10-55-54/report.md	2026-06-02	automated	TC-C06	PASS
/Users/sameralzubaidi/Desktop/kids_marketplace_app/e2e-test-results/2026-06-02T10-55-54/report.md	2026-06-02	automated	TC-R07	PASS
/Users/sameralzubaidi/Desktop/kids_marketplace_app/e2e-test-results/2026-06-02T10-55-54/report.md	2026-06-02	automated	REG-R08	PASS
/Users/sameralzubaidi/Desktop/kids_marketplace_app/e2e-test-results/2026-06-02T10-55-54/report.md	2026-06-02	automated	TC-C07	PASS
/Users/sameralzubaidi/Desktop/kids_marketplace_app/e2e-test-results/2026-06-02T10-55-54/report.md	2026-06-02	automated	TC-C08	PASS
/Users/sameralzubaidi/Desktop/kids_marketplace_app/e2e-test-results/2026-06-02T10-55-54/report.md	2026-06-02	automated	TC-A01	PASS
/Users/sameralzubaidi/Desktop/kids_marketplace_app/e2e-test-results/2026-06-02T10-55-54/report.md	2026-06-02	automated	TC-A02	PASS
/Users/sameralzubaidi/Desktop/kids_marketplace_app/e2e-test-results/2026-06-02T10-55-54/report.md	2026-06-02	automated	TC-A03	PASS
/Users/sameralzubaidi/Desktop/kids_marketplace_app/e2e-test-results/2026-06-02T10-55-54/report.md	2026-06-02	automated	TC-E01	PASS
/Users/sameralzubaidi/Desktop/kids_marketplace_app/e2e-test-results/2026-06-02T10-55-54/report.md	2026-06-02	automated	TC-E02	PASS
/Users/sameralzubaidi/Desktop/kids_marketplace_app/e2e-test-results/2026-06-02T10-55-54/report.md	2026-06-02	automated	TC-E03	PASS
/Users/sameralzubaidi/Desktop/kids_marketplace_app/e2e-test-results/2026-06-02T10-55-54/report.md	2026-06-02	automated	TC-E04	PASS
/Users/sameralzubaidi/Desktop/kids_marketplace_app/e2e-test-results/2026-06-02T10-55-54/report.md	2026-06-02	automated	TC-H01	PASS
/Users/sameralzubaidi/Desktop/kids_marketplace_app/e2e-test-results/2026-06-02T10-55-54/report.md	2026-06-02	automated	TC-H02	PASS
/Users/sameralzubaidi/Desktop/kids_marketplace_app/e2e-test-results/2026-06-02T10-55-54/report.md	2026-06-02	automated	TC-H03	PASS
/Users/sameralzubaidi/Desktop/kids_marketplace_app/e2e-test-results/2026-06-02T10-55-54/report.md	2026-06-02	automated	TC-H04	PASS
/Users/sameralzubaidi/Desktop/kids_marketplace_app/e2e-test-results/2026-06-02T10-55-54/report.md	2026-06-02	automated	TC-Q01	PASS
/Users/sameralzubaidi/Desktop/kids_marketplace_app/e2e-test-results/2026-06-02T10-55-54/report.md	2026-06-02	automated	TC-Q02	PASS
/Users/sameralzubaidi/Desktop/kids_marketplace_app/e2e-test-results/2026-06-02T10-55-54/report.md	2026-06-02	automated	TC-Q03	PASS
/Users/sameralzubaidi/Desktop/kids_marketplace_app/e2e-test-results/2026-06-02T10-55-54/report.md	2026-06-02	automated	TC-Q04	PASS
/Users/sameralzubaidi/Desktop/kids_marketplace_app/e2e-test-results/2026-06-02T10-55-54/report.md	2026-06-02	automated	TC-Q05	PASS
/Users/sameralzubaidi/Desktop/kids_marketplace_app/e2e-test-results/2026-06-02T10-55-54/report.md	2026-06-02	automated	TC-Q06	PASS
/Users/sameralzubaidi/Desktop/kids_marketplace_app/e2e-test-results/2026-06-02T10-55-54/report.md	2026-06-02	automated	TC-Q07	PASS
/Users/sameralzubaidi/Desktop/kids_marketplace_app/e2e-test-results/2026-06-02T10-55-54/report.md	2026-06-02	automated	TC-Q08	PASS
/Users/sameralzubaidi/Desktop/kids_marketplace_app/e2e-test-results/2026-06-02T10-55-54/report.md	2026-06-02	automated	TC-Q09	PASS
/Users/sameralzubaidi/Desktop/kids_marketplace_app/e2e-test-results/2026-06-02T10-55-54/report.md	2026-06-02	automated	TC-Q10	PASS
/Users/sameralzubaidi/Desktop/kids_marketplace_app/e2e-test-results/2026-06-02T10-55-54/report.md	2026-06-02	automated	TC-Q12	PASS
/Users/sameralzubaidi/Desktop/kids_marketplace_app/e2e-test-results/2026-06-02T10-55-54/report.md	2026-06-02	automated	TC-Q15	PASS
/Users/sameralzubaidi/Desktop/kids_marketplace_app/e2e-test-results/2026-06-02T10-55-54/report.md	2026-06-02	automated	TC-Q17	PASS
/Users/sameralzubaidi/Desktop/kids_marketplace_app/e2e-test-results/2026-06-02T10-55-54/report.md	2026-06-02	automated	TC-F01	PASS
/Users/sameralzubaidi/Desktop/kids_marketplace_app/e2e-test-results/2026-06-02T10-55-54/report.md	2026-06-02	automated	TC-F02	PASS
/Users/sameralzubaidi/Desktop/kids_marketplace_app/e2e-test-results/2026-06-02T10-55-54/report.md	2026-06-02	automated	TC-F03	PASS
/Users/sameralzubaidi/Desktop/kids_marketplace_app/e2e-test-results/2026-06-02T10-55-54/report.md	2026-06-02	automated	TC-R08	PASS
/Users/sameralzubaidi/Desktop/kids_marketplace_app/e2e-test-results/2026-06-02T10-55-54/report.md	2026-06-02	automated	TC-G04	PASS
/Users/sameralzubaidi/Desktop/kids_marketplace_app/e2e-test-results/2026-06-02T10-55-54/report.md	2026-06-02	automated	TC-I01	PASS
/Users/sameralzubaidi/Desktop/kids_marketplace_app/e2e-test-results/2026-06-02T10-55-54/report.md	2026-06-02	automated	TC-I02	PASS
/Users/sameralzubaidi/Desktop/kids_marketplace_app/e2e-test-results/2026-06-02T10-55-54/report.md	2026-06-02	automated	TC-I03	PASS
/Users/sameralzubaidi/Desktop/kids_marketplace_app/e2e-test-results/2026-06-02T10-55-54/report.md	2026-06-02	automated	TC-I04	PASS
/Users/sameralzubaidi/Desktop/kids_marketplace_app/e2e-test-results/2026-06-02T10-55-54/report.md	2026-06-02	automated	TC-I05	PASS
/Users/sameralzubaidi/Desktop/kids_marketplace_app/e2e-test-results/2026-06-02T10-55-54/report.md	2026-06-02	automated	TC-M01	PASS
/Users/sameralzubaidi/Desktop/kids_marketplace_app/e2e-test-results/2026-06-02T10-55-54/report.md	2026-06-02	automated	TC-M02	PASS
/Users/sameralzubaidi/Desktop/kids_marketplace_app/e2e-test-results/2026-06-02T10-55-54/report.md	2026-06-02	automated	TC-M03	PASS
/Users/sameralzubaidi/Desktop/kids_marketplace_app/e2e-test-results/2026-06-02T10-55-54/report.md	2026-06-02	automated	TC-M04	PASS
/Users/sameralzubaidi/Desktop/kids_marketplace_app/e2e-test-results/2026-06-02T10-55-54/report.md	2026-06-02	automated	TC-M05	PASS
/Users/sameralzubaidi/Desktop/kids_marketplace_app/e2e-test-results/2026-06-02T10-55-54/report.md	2026-06-02	automated	TC-M06	PASS
/Users/sameralzubaidi/Desktop/kids_marketplace_app/e2e-test-results/2026-06-02T10-55-54/report.md	2026-06-02	automated	TC-M07	PASS
/Users/sameralzubaidi/Desktop/kids_marketplace_app/e2e-test-results/2026-06-02T10-55-54/report.md	2026-06-02	automated	TC-M08	PASS
/Users/sameralzubaidi/Desktop/kids_marketplace_app/e2e-test-results/2026-06-02T10-55-54/report.md	2026-06-02	automated	TC-M09	PASS
/Users/sameralzubaidi/Desktop/kids_marketplace_app/e2e-test-results/2026-06-02T10-55-54/report.md	2026-06-02	automated	TC-M10	PASS
/Users/sameralzubaidi/Desktop/kids_marketplace_app/e2e-test-results/2026-06-02T10-55-54/report.md	2026-06-02	automated	TC-M11	PASS
/Users/sameralzubaidi/Desktop/kids_marketplace_app/e2e-test-results/2026-06-02T10-55-54/report.md	2026-06-02	automated	TC-M12	PASS
/Users/sameralzubaidi/Desktop/kids_marketplace_app/e2e-test-results/2026-06-02T10-55-54/report.md	2026-06-02	automated	TC-M14	PASS
/Users/sameralzubaidi/Desktop/kids_marketplace_app/e2e-test-results/2026-06-02T10-55-54/report.md	2026-06-02	automated	TC-M15	PASS
/Users/sameralzubaidi/Desktop/kids_marketplace_app/e2e-test-results/2026-06-02T10-55-54/report.md	2026-06-02	automated	TC-O01	PASS
/Users/sameralzubaidi/Desktop/kids_marketplace_app/e2e-test-results/2026-06-02T10-55-54/report.md	2026-06-02	automated	TC-O02	PASS
/Users/sameralzubaidi/Desktop/kids_marketplace_app/e2e-test-results/2026-06-02T10-55-54/report.md	2026-06-02	automated	TC-O03	PASS
/Users/sameralzubaidi/Desktop/kids_marketplace_app/e2e-test-results/2026-06-02T10-55-54/report.md	2026-06-02	automated	TC-O04	PASS
/Users/sameralzubaidi/Desktop/kids_marketplace_app/e2e-test-results/2026-06-02T10-55-54/report.md	2026-06-02	automated	TC-O05	PASS
/Users/sameralzubaidi/Desktop/kids_marketplace_app/e2e-test-results/2026-06-02T10-55-54/report.md	2026-06-02	automated	TC-O06	PASS
/Users/sameralzubaidi/Desktop/kids_marketplace_app/e2e-test-results/2026-06-02T10-55-54/report.md	2026-06-02	automated	TC-O07	PASS
/Users/sameralzubaidi/Desktop/kids_marketplace_app/e2e-test-results/2026-06-02T10-55-54/report.md	2026-06-02	automated	TC-B02	SKIPPED
/Users/sameralzubaidi/Desktop/kids_marketplace_app/e2e-test-results/2026-06-02T10-55-54/report.md	2026-06-02	automated	TC-B06	SKIPPED
/Users/sameralzubaidi/Desktop/kids_marketplace_app/e2e-test-results/2026-06-02T10-55-54/report.md	2026-06-02	automated	TC-C03	SKIPPED
/Users/sameralzubaidi/Desktop/kids_marketplace_app/e2e-test-results/2026-06-02T10-55-54/report.md	2026-06-02	automated	TC-G01	SKIPPED
/Users/sameralzubaidi/Desktop/kids_marketplace_app/e2e-test-results/2026-06-02T10-55-54/report.md	2026-06-02	automated	TC-G02	SKIPPED
/Users/sameralzubaidi/Desktop/kids_marketplace_app/e2e-test-results/2026-06-02T10-55-54/report.md	2026-06-02	automated	TC-G03	SKIPPED
/Users/sameralzubaidi/Desktop/kids_marketplace_app/e2e-test-results/2026-06-02T10-55-54/report.md	2026-06-02	automated	TC-M13	SKIPPED
/Users/sameralzubaidi/Desktop/kids_marketplace_app/e2e-test-results/2026-06-02T10-55-54/report.md	2026-06-02	automated	TC-Q11	SKIPPED
/Users/sameralzubaidi/Desktop/kids_marketplace_app/e2e-test-results/2026-06-02T10-55-54/report.md	2026-06-02	automated	TC-Q13	SKIPPED
/Users/sameralzubaidi/Desktop/kids_marketplace_app/e2e-test-results/2026-06-02T10-55-54/report.md	2026-06-02	automated	TC-Q14	SKIPPED
/Users/sameralzubaidi/Desktop/kids_marketplace_app/e2e-test-results/2026-06-02T10-55-54/report.md	2026-06-02	automated	TC-Q16	SKIPPED
/Users/sameralzubaidi/Desktop/kids_marketplace_app/e2e-test-results/2026-06-02T10-55-54/report.md	2026-06-02	automated	TC-R03	SKIPPED
/Users/sameralzubaidi/Desktop/kids_marketplace_app/e2e-test-results/2026-06-02T10-55-54/report.md	2026-06-02	automated	TC-R04	SKIPPED
/Users/sameralzubaidi/Desktop/kids_marketplace_app/e2e-test-results/2026-06-02T10-55-54/report.md	2026-06-02	automated	TC-R11	SKIPPED
/Users/sameralzubaidi/Desktop/kids_marketplace_app/e2e-test-results/2026-06-02T10-55-54/report.md	2026-06-02	automated	TC-R12	SKIPPED
/Users/sameralzubaidi/Desktop/kids_marketplace_app/e2e-test-results/2026-06-02T11-11-23/report.md	2026-06-02	automated	REG-R01	PASS
/Users/sameralzubaidi/Desktop/kids_marketplace_app/e2e-test-results/2026-06-02T11-11-23/report.md	2026-06-02	automated	REG-R03	PASS
/Users/sameralzubaidi/Desktop/kids_marketplace_app/e2e-test-results/2026-06-02T11-11-23/report.md	2026-06-02	automated	REG-R04	PASS
/Users/sameralzubaidi/Desktop/kids_marketplace_app/e2e-test-results/2026-06-02T11-11-23/report.md	2026-06-02	automated	TC-J01	PASS
/Users/sameralzubaidi/Desktop/kids_marketplace_app/e2e-test-results/2026-06-02T11-11-23/report.md	2026-06-02	automated	TC-J02	PASS
/Users/sameralzubaidi/Desktop/kids_marketplace_app/e2e-test-results/2026-06-02T11-11-23/report.md	2026-06-02	automated	TC-J03	PASS
/Users/sameralzubaidi/Desktop/kids_marketplace_app/e2e-test-results/2026-06-02T11-11-23/report.md	2026-06-02	automated	TC-J04	PASS
/Users/sameralzubaidi/Desktop/kids_marketplace_app/e2e-test-results/2026-06-02T11-11-23/report.md	2026-06-02	automated	TC-J05	PASS
/Users/sameralzubaidi/Desktop/kids_marketplace_app/e2e-test-results/2026-06-02T11-11-23/report.md	2026-06-02	automated	TC-K01	PASS
/Users/sameralzubaidi/Desktop/kids_marketplace_app/e2e-test-results/2026-06-02T11-11-23/report.md	2026-06-02	automated	TC-K02	PASS
/Users/sameralzubaidi/Desktop/kids_marketplace_app/e2e-test-results/2026-06-02T11-11-23/report.md	2026-06-02	automated	TC-K03	PASS
/Users/sameralzubaidi/Desktop/kids_marketplace_app/e2e-test-results/2026-06-02T11-11-23/report.md	2026-06-02	automated	TC-L01	PASS
/Users/sameralzubaidi/Desktop/kids_marketplace_app/e2e-test-results/2026-06-02T11-11-23/report.md	2026-06-02	automated	TC-L02	PASS
/Users/sameralzubaidi/Desktop/kids_marketplace_app/e2e-test-results/2026-06-02T11-11-23/report.md	2026-06-02	automated	TC-L03	PASS
/Users/sameralzubaidi/Desktop/kids_marketplace_app/e2e-test-results/2026-06-02T11-11-23/report.md	2026-06-02	automated	TC-L04	PASS
/Users/sameralzubaidi/Desktop/kids_marketplace_app/e2e-test-results/2026-06-02T11-11-23/report.md	2026-06-02	automated	TC-L05	PASS
/Users/sameralzubaidi/Desktop/kids_marketplace_app/e2e-test-results/2026-06-02T11-11-23/report.md	2026-06-02	automated	TC-L06	PASS
/Users/sameralzubaidi/Desktop/kids_marketplace_app/e2e-test-results/2026-06-02T11-11-23/report.md	2026-06-02	automated	TC-L07	PASS
/Users/sameralzubaidi/Desktop/kids_marketplace_app/e2e-test-results/2026-06-02T11-11-23/report.md	2026-06-02	automated	TC-L08	PASS
/Users/sameralzubaidi/Desktop/kids_marketplace_app/e2e-test-results/2026-06-02T11-11-23/report.md	2026-06-02	automated	TC-R05	PASS
/Users/sameralzubaidi/Desktop/kids_marketplace_app/e2e-test-results/2026-06-02T11-11-23/report.md	2026-06-02	automated	TC-R06	PASS
/Users/sameralzubaidi/Desktop/kids_marketplace_app/e2e-test-results/2026-06-02T11-11-23/report.md	2026-06-02	automated	REG-R02	PASS
/Users/sameralzubaidi/Desktop/kids_marketplace_app/e2e-test-results/2026-06-02T11-11-23/report.md	2026-06-02	automated	TC-A04	PASS
/Users/sameralzubaidi/Desktop/kids_marketplace_app/e2e-test-results/2026-06-02T11-11-23/report.md	2026-06-02	automated	TC-B01	PASS
/Users/sameralzubaidi/Desktop/kids_marketplace_app/e2e-test-results/2026-06-02T11-11-23/report.md	2026-06-02	automated	TC-B03	PASS
/Users/sameralzubaidi/Desktop/kids_marketplace_app/e2e-test-results/2026-06-02T11-11-23/report.md	2026-06-02	automated	TC-B04	PASS
/Users/sameralzubaidi/Desktop/kids_marketplace_app/e2e-test-results/2026-06-02T11-11-23/report.md	2026-06-02	automated	TC-B05	PASS
/Users/sameralzubaidi/Desktop/kids_marketplace_app/e2e-test-results/2026-06-02T11-11-23/report.md	2026-06-02	automated	TC-R01	PASS
/Users/sameralzubaidi/Desktop/kids_marketplace_app/e2e-test-results/2026-06-02T11-11-23/report.md	2026-06-02	automated	TC-R02	PASS
/Users/sameralzubaidi/Desktop/kids_marketplace_app/e2e-test-results/2026-06-02T11-11-23/report.md	2026-06-02	automated	TC-R13	PASS
/Users/sameralzubaidi/Desktop/kids_marketplace_app/e2e-test-results/2026-06-02T11-11-23/report.md	2026-06-02	automated	REG-R05	PASS
/Users/sameralzubaidi/Desktop/kids_marketplace_app/e2e-test-results/2026-06-02T11-11-23/report.md	2026-06-02	automated	TC-D01	PASS
/Users/sameralzubaidi/Desktop/kids_marketplace_app/e2e-test-results/2026-06-02T11-11-23/report.md	2026-06-02	automated	TC-D02	PASS
/Users/sameralzubaidi/Desktop/kids_marketplace_app/e2e-test-results/2026-06-02T11-11-23/report.md	2026-06-02	automated	TC-D03	PASS
/Users/sameralzubaidi/Desktop/kids_marketplace_app/e2e-test-results/2026-06-02T11-11-23/report.md	2026-06-02	automated	TC-D04	PASS
/Users/sameralzubaidi/Desktop/kids_marketplace_app/e2e-test-results/2026-06-02T11-11-23/report.md	2026-06-02	automated	TC-D05	PASS
/Users/sameralzubaidi/Desktop/kids_marketplace_app/e2e-test-results/2026-06-02T11-11-23/report.md	2026-06-02	automated	REG-R06	PASS
/Users/sameralzubaidi/Desktop/kids_marketplace_app/e2e-test-results/2026-06-02T11-11-23/report.md	2026-06-02	automated	REG-R07	PASS
/Users/sameralzubaidi/Desktop/kids_marketplace_app/e2e-test-results/2026-06-02T11-11-23/report.md	2026-06-02	automated	TC-C01	PASS
/Users/sameralzubaidi/Desktop/kids_marketplace_app/e2e-test-results/2026-06-02T11-11-23/report.md	2026-06-02	automated	TC-C02	PASS
/Users/sameralzubaidi/Desktop/kids_marketplace_app/e2e-test-results/2026-06-02T11-11-23/report.md	2026-06-02	automated	TC-C04	PASS
/Users/sameralzubaidi/Desktop/kids_marketplace_app/e2e-test-results/2026-06-02T11-11-23/report.md	2026-06-02	automated	TC-C05	PASS
/Users/sameralzubaidi/Desktop/kids_marketplace_app/e2e-test-results/2026-06-02T11-11-23/report.md	2026-06-02	automated	TC-C06	PASS
/Users/sameralzubaidi/Desktop/kids_marketplace_app/e2e-test-results/2026-06-02T11-11-23/report.md	2026-06-02	automated	TC-R07	PASS
/Users/sameralzubaidi/Desktop/kids_marketplace_app/e2e-test-results/2026-06-02T11-11-23/report.md	2026-06-02	automated	REG-R08	PASS
/Users/sameralzubaidi/Desktop/kids_marketplace_app/e2e-test-results/2026-06-02T11-11-23/report.md	2026-06-02	automated	TC-C07	PASS
/Users/sameralzubaidi/Desktop/kids_marketplace_app/e2e-test-results/2026-06-02T11-11-23/report.md	2026-06-02	automated	TC-C08	PASS
/Users/sameralzubaidi/Desktop/kids_marketplace_app/e2e-test-results/2026-06-02T11-11-23/report.md	2026-06-02	automated	TC-A01	PASS
/Users/sameralzubaidi/Desktop/kids_marketplace_app/e2e-test-results/2026-06-02T11-11-23/report.md	2026-06-02	automated	TC-A02	PASS
/Users/sameralzubaidi/Desktop/kids_marketplace_app/e2e-test-results/2026-06-02T11-11-23/report.md	2026-06-02	automated	TC-A03	PASS
/Users/sameralzubaidi/Desktop/kids_marketplace_app/e2e-test-results/2026-06-02T11-11-23/report.md	2026-06-02	automated	TC-E01	PASS
/Users/sameralzubaidi/Desktop/kids_marketplace_app/e2e-test-results/2026-06-02T11-11-23/report.md	2026-06-02	automated	TC-E02	PASS
/Users/sameralzubaidi/Desktop/kids_marketplace_app/e2e-test-results/2026-06-02T11-11-23/report.md	2026-06-02	automated	TC-E03	PASS
/Users/sameralzubaidi/Desktop/kids_marketplace_app/e2e-test-results/2026-06-02T11-11-23/report.md	2026-06-02	automated	TC-E04	PASS
/Users/sameralzubaidi/Desktop/kids_marketplace_app/e2e-test-results/2026-06-02T11-11-23/report.md	2026-06-02	automated	TC-H01	PASS
/Users/sameralzubaidi/Desktop/kids_marketplace_app/e2e-test-results/2026-06-02T11-11-23/report.md	2026-06-02	automated	TC-H02	PASS
/Users/sameralzubaidi/Desktop/kids_marketplace_app/e2e-test-results/2026-06-02T11-11-23/report.md	2026-06-02	automated	TC-H03	PASS
/Users/sameralzubaidi/Desktop/kids_marketplace_app/e2e-test-results/2026-06-02T11-11-23/report.md	2026-06-02	automated	TC-H04	PASS
/Users/sameralzubaidi/Desktop/kids_marketplace_app/e2e-test-results/2026-06-02T11-11-23/report.md	2026-06-02	automated	TC-Q01	PASS
/Users/sameralzubaidi/Desktop/kids_marketplace_app/e2e-test-results/2026-06-02T11-11-23/report.md	2026-06-02	automated	TC-Q02	PASS
/Users/sameralzubaidi/Desktop/kids_marketplace_app/e2e-test-results/2026-06-02T11-11-23/report.md	2026-06-02	automated	TC-Q03	PASS
/Users/sameralzubaidi/Desktop/kids_marketplace_app/e2e-test-results/2026-06-02T11-11-23/report.md	2026-06-02	automated	TC-Q04	PASS
/Users/sameralzubaidi/Desktop/kids_marketplace_app/e2e-test-results/2026-06-02T11-11-23/report.md	2026-06-02	automated	TC-Q05	PASS
/Users/sameralzubaidi/Desktop/kids_marketplace_app/e2e-test-results/2026-06-02T11-11-23/report.md	2026-06-02	automated	TC-Q06	PASS
/Users/sameralzubaidi/Desktop/kids_marketplace_app/e2e-test-results/2026-06-02T11-11-23/report.md	2026-06-02	automated	TC-Q07	PASS
/Users/sameralzubaidi/Desktop/kids_marketplace_app/e2e-test-results/2026-06-02T11-11-23/report.md	2026-06-02	automated	TC-Q08	PASS
/Users/sameralzubaidi/Desktop/kids_marketplace_app/e2e-test-results/2026-06-02T11-11-23/report.md	2026-06-02	automated	TC-Q09	PASS
/Users/sameralzubaidi/Desktop/kids_marketplace_app/e2e-test-results/2026-06-02T11-11-23/report.md	2026-06-02	automated	TC-Q10	PASS
/Users/sameralzubaidi/Desktop/kids_marketplace_app/e2e-test-results/2026-06-02T11-11-23/report.md	2026-06-02	automated	TC-Q12	PASS
/Users/sameralzubaidi/Desktop/kids_marketplace_app/e2e-test-results/2026-06-02T11-11-23/report.md	2026-06-02	automated	TC-Q15	PASS
/Users/sameralzubaidi/Desktop/kids_marketplace_app/e2e-test-results/2026-06-02T11-11-23/report.md	2026-06-02	automated	TC-Q17	PASS
/Users/sameralzubaidi/Desktop/kids_marketplace_app/e2e-test-results/2026-06-02T11-11-23/report.md	2026-06-02	automated	TC-F01	PASS
/Users/sameralzubaidi/Desktop/kids_marketplace_app/e2e-test-results/2026-06-02T11-11-23/report.md	2026-06-02	automated	TC-F02	PASS
/Users/sameralzubaidi/Desktop/kids_marketplace_app/e2e-test-results/2026-06-02T11-11-23/report.md	2026-06-02	automated	TC-F03	PASS
/Users/sameralzubaidi/Desktop/kids_marketplace_app/e2e-test-results/2026-06-02T11-11-23/report.md	2026-06-02	automated	TC-R08	PASS
/Users/sameralzubaidi/Desktop/kids_marketplace_app/e2e-test-results/2026-06-02T11-11-23/report.md	2026-06-02	automated	TC-G04	PASS
/Users/sameralzubaidi/Desktop/kids_marketplace_app/e2e-test-results/2026-06-02T11-11-23/report.md	2026-06-02	automated	TC-I01	PASS
/Users/sameralzubaidi/Desktop/kids_marketplace_app/e2e-test-results/2026-06-02T11-11-23/report.md	2026-06-02	automated	TC-I02	PASS
/Users/sameralzubaidi/Desktop/kids_marketplace_app/e2e-test-results/2026-06-02T11-11-23/report.md	2026-06-02	automated	TC-I03	PASS
/Users/sameralzubaidi/Desktop/kids_marketplace_app/e2e-test-results/2026-06-02T11-11-23/report.md	2026-06-02	automated	TC-I04	PASS
/Users/sameralzubaidi/Desktop/kids_marketplace_app/e2e-test-results/2026-06-02T11-11-23/report.md	2026-06-02	automated	TC-I05	PASS
/Users/sameralzubaidi/Desktop/kids_marketplace_app/e2e-test-results/2026-06-02T11-11-23/report.md	2026-06-02	automated	TC-M01	PASS
/Users/sameralzubaidi/Desktop/kids_marketplace_app/e2e-test-results/2026-06-02T11-11-23/report.md	2026-06-02	automated	TC-M02	PASS
/Users/sameralzubaidi/Desktop/kids_marketplace_app/e2e-test-results/2026-06-02T11-11-23/report.md	2026-06-02	automated	TC-M03	PASS
/Users/sameralzubaidi/Desktop/kids_marketplace_app/e2e-test-results/2026-06-02T11-11-23/report.md	2026-06-02	automated	TC-M04	PASS
/Users/sameralzubaidi/Desktop/kids_marketplace_app/e2e-test-results/2026-06-02T11-11-23/report.md	2026-06-02	automated	TC-M05	PASS
/Users/sameralzubaidi/Desktop/kids_marketplace_app/e2e-test-results/2026-06-02T11-11-23/report.md	2026-06-02	automated	TC-M06	PASS
/Users/sameralzubaidi/Desktop/kids_marketplace_app/e2e-test-results/2026-06-02T11-11-23/report.md	2026-06-02	automated	TC-M07	PASS
/Users/sameralzubaidi/Desktop/kids_marketplace_app/e2e-test-results/2026-06-02T11-11-23/report.md	2026-06-02	automated	TC-M08	PASS
/Users/sameralzubaidi/Desktop/kids_marketplace_app/e2e-test-results/2026-06-02T11-11-23/report.md	2026-06-02	automated	TC-M09	PASS
/Users/sameralzubaidi/Desktop/kids_marketplace_app/e2e-test-results/2026-06-02T11-11-23/report.md	2026-06-02	automated	TC-M10	PASS
/Users/sameralzubaidi/Desktop/kids_marketplace_app/e2e-test-results/2026-06-02T11-11-23/report.md	2026-06-02	automated	TC-M11	PASS
/Users/sameralzubaidi/Desktop/kids_marketplace_app/e2e-test-results/2026-06-02T11-11-23/report.md	2026-06-02	automated	TC-M12	PASS
/Users/sameralzubaidi/Desktop/kids_marketplace_app/e2e-test-results/2026-06-02T11-11-23/report.md	2026-06-02	automated	TC-M14	PASS
/Users/sameralzubaidi/Desktop/kids_marketplace_app/e2e-test-results/2026-06-02T11-11-23/report.md	2026-06-02	automated	TC-M15	PASS
/Users/sameralzubaidi/Desktop/kids_marketplace_app/e2e-test-results/2026-06-02T11-11-23/report.md	2026-06-02	automated	TC-O01	PASS
/Users/sameralzubaidi/Desktop/kids_marketplace_app/e2e-test-results/2026-06-02T11-11-23/report.md	2026-06-02	automated	TC-O02	PASS
/Users/sameralzubaidi/Desktop/kids_marketplace_app/e2e-test-results/2026-06-02T11-11-23/report.md	2026-06-02	automated	TC-O03	PASS
/Users/sameralzubaidi/Desktop/kids_marketplace_app/e2e-test-results/2026-06-02T11-11-23/report.md	2026-06-02	automated	TC-O04	PASS
/Users/sameralzubaidi/Desktop/kids_marketplace_app/e2e-test-results/2026-06-02T11-11-23/report.md	2026-06-02	automated	TC-O05	PASS
/Users/sameralzubaidi/Desktop/kids_marketplace_app/e2e-test-results/2026-06-02T11-11-23/report.md	2026-06-02	automated	TC-O06	PASS
/Users/sameralzubaidi/Desktop/kids_marketplace_app/e2e-test-results/2026-06-02T11-11-23/report.md	2026-06-02	automated	TC-O07	PASS
/Users/sameralzubaidi/Desktop/kids_marketplace_app/e2e-test-results/2026-06-02T11-11-23/report.md	2026-06-02	automated	TC-B02	SKIPPED
/Users/sameralzubaidi/Desktop/kids_marketplace_app/e2e-test-results/2026-06-02T11-11-23/report.md	2026-06-02	automated	TC-B06	SKIPPED
/Users/sameralzubaidi/Desktop/kids_marketplace_app/e2e-test-results/2026-06-02T11-11-23/report.md	2026-06-02	automated	TC-C03	SKIPPED
/Users/sameralzubaidi/Desktop/kids_marketplace_app/e2e-test-results/2026-06-02T11-11-23/report.md	2026-06-02	automated	TC-G01	SKIPPED
/Users/sameralzubaidi/Desktop/kids_marketplace_app/e2e-test-results/2026-06-02T11-11-23/report.md	2026-06-02	automated	TC-G02	SKIPPED
/Users/sameralzubaidi/Desktop/kids_marketplace_app/e2e-test-results/2026-06-02T11-11-23/report.md	2026-06-02	automated	TC-G03	SKIPPED
/Users/sameralzubaidi/Desktop/kids_marketplace_app/e2e-test-results/2026-06-02T11-11-23/report.md	2026-06-02	automated	TC-M13	SKIPPED
/Users/sameralzubaidi/Desktop/kids_marketplace_app/e2e-test-results/2026-06-02T11-11-23/report.md	2026-06-02	automated	TC-Q11	SKIPPED
/Users/sameralzubaidi/Desktop/kids_marketplace_app/e2e-test-results/2026-06-02T11-11-23/report.md	2026-06-02	automated	TC-Q13	SKIPPED
/Users/sameralzubaidi/Desktop/kids_marketplace_app/e2e-test-results/2026-06-02T11-11-23/report.md	2026-06-02	automated	TC-Q14	SKIPPED
/Users/sameralzubaidi/Desktop/kids_marketplace_app/e2e-test-results/2026-06-02T11-11-23/report.md	2026-06-02	automated	TC-Q16	SKIPPED
/Users/sameralzubaidi/Desktop/kids_marketplace_app/e2e-test-results/2026-06-02T11-11-23/report.md	2026-06-02	automated	TC-R03	SKIPPED
/Users/sameralzubaidi/Desktop/kids_marketplace_app/e2e-test-results/2026-06-02T11-11-23/report.md	2026-06-02	automated	TC-R04	SKIPPED
/Users/sameralzubaidi/Desktop/kids_marketplace_app/e2e-test-results/2026-06-02T11-11-23/report.md	2026-06-02	automated	TC-R11	SKIPPED
/Users/sameralzubaidi/Desktop/kids_marketplace_app/e2e-test-results/2026-06-02T11-11-23/report.md	2026-06-02	automated	TC-R12	SKIPPED
/Users/sameralzubaidi/Desktop/kids_marketplace_app/e2e-test-results/2026-06-02T11-24-07/report.md	2026-06-02	automated	REG-R01	PASS
/Users/sameralzubaidi/Desktop/kids_marketplace_app/e2e-test-results/2026-06-02T11-24-07/report.md	2026-06-02	automated	REG-R03	PASS
/Users/sameralzubaidi/Desktop/kids_marketplace_app/e2e-test-results/2026-06-02T11-24-07/report.md	2026-06-02	automated	REG-R04	PASS
/Users/sameralzubaidi/Desktop/kids_marketplace_app/e2e-test-results/2026-06-02T11-24-07/report.md	2026-06-02	automated	TC-J01	PASS
/Users/sameralzubaidi/Desktop/kids_marketplace_app/e2e-test-results/2026-06-02T11-24-07/report.md	2026-06-02	automated	TC-J02	PASS
/Users/sameralzubaidi/Desktop/kids_marketplace_app/e2e-test-results/2026-06-02T11-24-07/report.md	2026-06-02	automated	TC-J03	PASS
/Users/sameralzubaidi/Desktop/kids_marketplace_app/e2e-test-results/2026-06-02T11-24-07/report.md	2026-06-02	automated	TC-J04	PASS
/Users/sameralzubaidi/Desktop/kids_marketplace_app/e2e-test-results/2026-06-02T11-24-07/report.md	2026-06-02	automated	TC-J05	PASS
/Users/sameralzubaidi/Desktop/kids_marketplace_app/e2e-test-results/2026-06-02T11-24-07/report.md	2026-06-02	automated	TC-K01	PASS
/Users/sameralzubaidi/Desktop/kids_marketplace_app/e2e-test-results/2026-06-02T11-24-07/report.md	2026-06-02	automated	TC-K02	PASS
/Users/sameralzubaidi/Desktop/kids_marketplace_app/e2e-test-results/2026-06-02T11-24-07/report.md	2026-06-02	automated	TC-K03	PASS
/Users/sameralzubaidi/Desktop/kids_marketplace_app/e2e-test-results/2026-06-02T11-24-07/report.md	2026-06-02	automated	TC-L01	PASS
/Users/sameralzubaidi/Desktop/kids_marketplace_app/e2e-test-results/2026-06-02T11-24-07/report.md	2026-06-02	automated	TC-L02	PASS
/Users/sameralzubaidi/Desktop/kids_marketplace_app/e2e-test-results/2026-06-02T11-24-07/report.md	2026-06-02	automated	TC-L03	PASS
/Users/sameralzubaidi/Desktop/kids_marketplace_app/e2e-test-results/2026-06-02T11-24-07/report.md	2026-06-02	automated	TC-L04	PASS
/Users/sameralzubaidi/Desktop/kids_marketplace_app/e2e-test-results/2026-06-02T11-24-07/report.md	2026-06-02	automated	TC-L05	PASS
/Users/sameralzubaidi/Desktop/kids_marketplace_app/e2e-test-results/2026-06-02T11-24-07/report.md	2026-06-02	automated	TC-L06	PASS
/Users/sameralzubaidi/Desktop/kids_marketplace_app/e2e-test-results/2026-06-02T11-24-07/report.md	2026-06-02	automated	TC-L07	PASS
/Users/sameralzubaidi/Desktop/kids_marketplace_app/e2e-test-results/2026-06-02T11-24-07/report.md	2026-06-02	automated	TC-L08	PASS
/Users/sameralzubaidi/Desktop/kids_marketplace_app/e2e-test-results/2026-06-02T11-24-07/report.md	2026-06-02	automated	TC-R05	PASS
/Users/sameralzubaidi/Desktop/kids_marketplace_app/e2e-test-results/2026-06-02T11-24-07/report.md	2026-06-02	automated	TC-R06	PASS
/Users/sameralzubaidi/Desktop/kids_marketplace_app/e2e-test-results/2026-06-02T11-24-07/report.md	2026-06-02	automated	REG-R02	PASS
/Users/sameralzubaidi/Desktop/kids_marketplace_app/e2e-test-results/2026-06-02T11-24-07/report.md	2026-06-02	automated	TC-A04	PASS
/Users/sameralzubaidi/Desktop/kids_marketplace_app/e2e-test-results/2026-06-02T11-24-07/report.md	2026-06-02	automated	TC-B01	PASS
/Users/sameralzubaidi/Desktop/kids_marketplace_app/e2e-test-results/2026-06-02T11-24-07/report.md	2026-06-02	automated	TC-B03	PASS
/Users/sameralzubaidi/Desktop/kids_marketplace_app/e2e-test-results/2026-06-02T11-24-07/report.md	2026-06-02	automated	TC-B04	PASS
/Users/sameralzubaidi/Desktop/kids_marketplace_app/e2e-test-results/2026-06-02T11-24-07/report.md	2026-06-02	automated	TC-B05	PASS
/Users/sameralzubaidi/Desktop/kids_marketplace_app/e2e-test-results/2026-06-02T11-24-07/report.md	2026-06-02	automated	TC-R01	PASS
/Users/sameralzubaidi/Desktop/kids_marketplace_app/e2e-test-results/2026-06-02T11-24-07/report.md	2026-06-02	automated	TC-R02	PASS
/Users/sameralzubaidi/Desktop/kids_marketplace_app/e2e-test-results/2026-06-02T11-24-07/report.md	2026-06-02	automated	TC-R13	PASS
/Users/sameralzubaidi/Desktop/kids_marketplace_app/e2e-test-results/2026-06-02T11-24-07/report.md	2026-06-02	automated	REG-R05	PASS
/Users/sameralzubaidi/Desktop/kids_marketplace_app/e2e-test-results/2026-06-02T11-24-07/report.md	2026-06-02	automated	TC-D01	PASS
/Users/sameralzubaidi/Desktop/kids_marketplace_app/e2e-test-results/2026-06-02T11-24-07/report.md	2026-06-02	automated	TC-D02	PASS
/Users/sameralzubaidi/Desktop/kids_marketplace_app/e2e-test-results/2026-06-02T11-24-07/report.md	2026-06-02	automated	TC-D03	PASS
/Users/sameralzubaidi/Desktop/kids_marketplace_app/e2e-test-results/2026-06-02T11-24-07/report.md	2026-06-02	automated	TC-D04	PASS
/Users/sameralzubaidi/Desktop/kids_marketplace_app/e2e-test-results/2026-06-02T11-24-07/report.md	2026-06-02	automated	TC-D05	PASS
/Users/sameralzubaidi/Desktop/kids_marketplace_app/e2e-test-results/2026-06-02T11-24-07/report.md	2026-06-02	automated	REG-R06	PASS
/Users/sameralzubaidi/Desktop/kids_marketplace_app/e2e-test-results/2026-06-02T11-24-07/report.md	2026-06-02	automated	REG-R07	PASS
/Users/sameralzubaidi/Desktop/kids_marketplace_app/e2e-test-results/2026-06-02T11-24-07/report.md	2026-06-02	automated	TC-C01	PASS
/Users/sameralzubaidi/Desktop/kids_marketplace_app/e2e-test-results/2026-06-02T11-24-07/report.md	2026-06-02	automated	TC-C02	PASS
/Users/sameralzubaidi/Desktop/kids_marketplace_app/e2e-test-results/2026-06-02T11-24-07/report.md	2026-06-02	automated	TC-C04	PASS
/Users/sameralzubaidi/Desktop/kids_marketplace_app/e2e-test-results/2026-06-02T11-24-07/report.md	2026-06-02	automated	TC-C05	PASS
/Users/sameralzubaidi/Desktop/kids_marketplace_app/e2e-test-results/2026-06-02T11-24-07/report.md	2026-06-02	automated	TC-C06	PASS
/Users/sameralzubaidi/Desktop/kids_marketplace_app/e2e-test-results/2026-06-02T11-24-07/report.md	2026-06-02	automated	TC-R07	PASS
/Users/sameralzubaidi/Desktop/kids_marketplace_app/e2e-test-results/2026-06-02T11-24-07/report.md	2026-06-02	automated	REG-R08	PASS
/Users/sameralzubaidi/Desktop/kids_marketplace_app/e2e-test-results/2026-06-02T11-24-07/report.md	2026-06-02	automated	TC-C07	PASS
/Users/sameralzubaidi/Desktop/kids_marketplace_app/e2e-test-results/2026-06-02T11-24-07/report.md	2026-06-02	automated	TC-C08	PASS
/Users/sameralzubaidi/Desktop/kids_marketplace_app/e2e-test-results/2026-06-02T11-24-07/report.md	2026-06-02	automated	TC-A01	PASS
/Users/sameralzubaidi/Desktop/kids_marketplace_app/e2e-test-results/2026-06-02T11-24-07/report.md	2026-06-02	automated	TC-A02	PASS
/Users/sameralzubaidi/Desktop/kids_marketplace_app/e2e-test-results/2026-06-02T11-24-07/report.md	2026-06-02	automated	TC-A03	PASS
/Users/sameralzubaidi/Desktop/kids_marketplace_app/e2e-test-results/2026-06-02T11-24-07/report.md	2026-06-02	automated	TC-E01	PASS
/Users/sameralzubaidi/Desktop/kids_marketplace_app/e2e-test-results/2026-06-02T11-24-07/report.md	2026-06-02	automated	TC-E02	PASS
/Users/sameralzubaidi/Desktop/kids_marketplace_app/e2e-test-results/2026-06-02T11-24-07/report.md	2026-06-02	automated	TC-E03	PASS
/Users/sameralzubaidi/Desktop/kids_marketplace_app/e2e-test-results/2026-06-02T11-24-07/report.md	2026-06-02	automated	TC-E04	PASS
/Users/sameralzubaidi/Desktop/kids_marketplace_app/e2e-test-results/2026-06-02T11-24-07/report.md	2026-06-02	automated	TC-H01	PASS
/Users/sameralzubaidi/Desktop/kids_marketplace_app/e2e-test-results/2026-06-02T11-24-07/report.md	2026-06-02	automated	TC-H02	PASS
/Users/sameralzubaidi/Desktop/kids_marketplace_app/e2e-test-results/2026-06-02T11-24-07/report.md	2026-06-02	automated	TC-H03	PASS
/Users/sameralzubaidi/Desktop/kids_marketplace_app/e2e-test-results/2026-06-02T11-24-07/report.md	2026-06-02	automated	TC-H04	PASS
/Users/sameralzubaidi/Desktop/kids_marketplace_app/e2e-test-results/2026-06-02T11-24-07/report.md	2026-06-02	automated	TC-Q01	PASS
/Users/sameralzubaidi/Desktop/kids_marketplace_app/e2e-test-results/2026-06-02T11-24-07/report.md	2026-06-02	automated	TC-Q02	PASS
/Users/sameralzubaidi/Desktop/kids_marketplace_app/e2e-test-results/2026-06-02T11-24-07/report.md	2026-06-02	automated	TC-Q03	PASS
/Users/sameralzubaidi/Desktop/kids_marketplace_app/e2e-test-results/2026-06-02T11-24-07/report.md	2026-06-02	automated	TC-Q04	PASS
/Users/sameralzubaidi/Desktop/kids_marketplace_app/e2e-test-results/2026-06-02T11-24-07/report.md	2026-06-02	automated	TC-Q05	PASS
/Users/sameralzubaidi/Desktop/kids_marketplace_app/e2e-test-results/2026-06-02T11-24-07/report.md	2026-06-02	automated	TC-Q06	PASS
/Users/sameralzubaidi/Desktop/kids_marketplace_app/e2e-test-results/2026-06-02T11-24-07/report.md	2026-06-02	automated	TC-Q07	PASS
/Users/sameralzubaidi/Desktop/kids_marketplace_app/e2e-test-results/2026-06-02T11-24-07/report.md	2026-06-02	automated	TC-Q08	PASS
/Users/sameralzubaidi/Desktop/kids_marketplace_app/e2e-test-results/2026-06-02T11-24-07/report.md	2026-06-02	automated	TC-Q09	PASS
/Users/sameralzubaidi/Desktop/kids_marketplace_app/e2e-test-results/2026-06-02T11-24-07/report.md	2026-06-02	automated	TC-Q10	PASS
/Users/sameralzubaidi/Desktop/kids_marketplace_app/e2e-test-results/2026-06-02T11-24-07/report.md	2026-06-02	automated	TC-Q12	PASS
/Users/sameralzubaidi/Desktop/kids_marketplace_app/e2e-test-results/2026-06-02T11-24-07/report.md	2026-06-02	automated	TC-Q15	PASS
/Users/sameralzubaidi/Desktop/kids_marketplace_app/e2e-test-results/2026-06-02T11-24-07/report.md	2026-06-02	automated	TC-Q17	PASS
/Users/sameralzubaidi/Desktop/kids_marketplace_app/e2e-test-results/2026-06-02T11-24-07/report.md	2026-06-02	automated	TC-F01	PASS
/Users/sameralzubaidi/Desktop/kids_marketplace_app/e2e-test-results/2026-06-02T11-24-07/report.md	2026-06-02	automated	TC-F02	PASS
/Users/sameralzubaidi/Desktop/kids_marketplace_app/e2e-test-results/2026-06-02T11-24-07/report.md	2026-06-02	automated	TC-F03	PASS
/Users/sameralzubaidi/Desktop/kids_marketplace_app/e2e-test-results/2026-06-02T11-24-07/report.md	2026-06-02	automated	TC-R08	PASS
/Users/sameralzubaidi/Desktop/kids_marketplace_app/e2e-test-results/2026-06-02T11-24-07/report.md	2026-06-02	automated	TC-G04	PASS
/Users/sameralzubaidi/Desktop/kids_marketplace_app/e2e-test-results/2026-06-02T11-24-07/report.md	2026-06-02	automated	TC-I01	PASS
/Users/sameralzubaidi/Desktop/kids_marketplace_app/e2e-test-results/2026-06-02T11-24-07/report.md	2026-06-02	automated	TC-I02	PASS
/Users/sameralzubaidi/Desktop/kids_marketplace_app/e2e-test-results/2026-06-02T11-24-07/report.md	2026-06-02	automated	TC-I03	PASS
/Users/sameralzubaidi/Desktop/kids_marketplace_app/e2e-test-results/2026-06-02T11-24-07/report.md	2026-06-02	automated	TC-I04	PASS
/Users/sameralzubaidi/Desktop/kids_marketplace_app/e2e-test-results/2026-06-02T11-24-07/report.md	2026-06-02	automated	TC-I05	PASS
/Users/sameralzubaidi/Desktop/kids_marketplace_app/e2e-test-results/2026-06-02T11-24-07/report.md	2026-06-02	automated	TC-M01	PASS
/Users/sameralzubaidi/Desktop/kids_marketplace_app/e2e-test-results/2026-06-02T11-24-07/report.md	2026-06-02	automated	TC-M02	PASS
/Users/sameralzubaidi/Desktop/kids_marketplace_app/e2e-test-results/2026-06-02T11-24-07/report.md	2026-06-02	automated	TC-M03	PASS
/Users/sameralzubaidi/Desktop/kids_marketplace_app/e2e-test-results/2026-06-02T11-24-07/report.md	2026-06-02	automated	TC-M04	PASS
/Users/sameralzubaidi/Desktop/kids_marketplace_app/e2e-test-results/2026-06-02T11-24-07/report.md	2026-06-02	automated	TC-M05	PASS
/Users/sameralzubaidi/Desktop/kids_marketplace_app/e2e-test-results/2026-06-02T11-24-07/report.md	2026-06-02	automated	TC-M06	PASS
/Users/sameralzubaidi/Desktop/kids_marketplace_app/e2e-test-results/2026-06-02T11-24-07/report.md	2026-06-02	automated	TC-M07	PASS
/Users/sameralzubaidi/Desktop/kids_marketplace_app/e2e-test-results/2026-06-02T11-24-07/report.md	2026-06-02	automated	TC-M08	PASS
/Users/sameralzubaidi/Desktop/kids_marketplace_app/e2e-test-results/2026-06-02T11-24-07/report.md	2026-06-02	automated	TC-M09	PASS
/Users/sameralzubaidi/Desktop/kids_marketplace_app/e2e-test-results/2026-06-02T11-24-07/report.md	2026-06-02	automated	TC-M10	PASS
/Users/sameralzubaidi/Desktop/kids_marketplace_app/e2e-test-results/2026-06-02T11-24-07/report.md	2026-06-02	automated	TC-M11	PASS
/Users/sameralzubaidi/Desktop/kids_marketplace_app/e2e-test-results/2026-06-02T11-24-07/report.md	2026-06-02	automated	TC-M12	PASS
/Users/sameralzubaidi/Desktop/kids_marketplace_app/e2e-test-results/2026-06-02T11-24-07/report.md	2026-06-02	automated	TC-M14	PASS
/Users/sameralzubaidi/Desktop/kids_marketplace_app/e2e-test-results/2026-06-02T11-24-07/report.md	2026-06-02	automated	TC-M15	PASS
/Users/sameralzubaidi/Desktop/kids_marketplace_app/e2e-test-results/2026-06-02T11-24-07/report.md	2026-06-02	automated	TC-O01	PASS
/Users/sameralzubaidi/Desktop/kids_marketplace_app/e2e-test-results/2026-06-02T11-24-07/report.md	2026-06-02	automated	TC-O02	PASS
/Users/sameralzubaidi/Desktop/kids_marketplace_app/e2e-test-results/2026-06-02T11-24-07/report.md	2026-06-02	automated	TC-O03	PASS
/Users/sameralzubaidi/Desktop/kids_marketplace_app/e2e-test-results/2026-06-02T11-24-07/report.md	2026-06-02	automated	TC-O04	PASS
/Users/sameralzubaidi/Desktop/kids_marketplace_app/e2e-test-results/2026-06-02T11-24-07/report.md	2026-06-02	automated	TC-O05	PASS
/Users/sameralzubaidi/Desktop/kids_marketplace_app/e2e-test-results/2026-06-02T11-24-07/report.md	2026-06-02	automated	TC-O06	PASS
/Users/sameralzubaidi/Desktop/kids_marketplace_app/e2e-test-results/2026-06-02T11-24-07/report.md	2026-06-02	automated	TC-O07	PASS
/Users/sameralzubaidi/Desktop/kids_marketplace_app/e2e-test-results/2026-06-02T11-24-07/report.md	2026-06-02	automated	TC-B02	SKIPPED
/Users/sameralzubaidi/Desktop/kids_marketplace_app/e2e-test-results/2026-06-02T11-24-07/report.md	2026-06-02	automated	TC-B06	SKIPPED
/Users/sameralzubaidi/Desktop/kids_marketplace_app/e2e-test-results/2026-06-02T11-24-07/report.md	2026-06-02	automated	TC-C03	SKIPPED
/Users/sameralzubaidi/Desktop/kids_marketplace_app/e2e-test-results/2026-06-02T11-24-07/report.md	2026-06-02	automated	TC-G01	SKIPPED
/Users/sameralzubaidi/Desktop/kids_marketplace_app/e2e-test-results/2026-06-02T11-24-07/report.md	2026-06-02	automated	TC-G02	SKIPPED
/Users/sameralzubaidi/Desktop/kids_marketplace_app/e2e-test-results/2026-06-02T11-24-07/report.md	2026-06-02	automated	TC-G03	SKIPPED
/Users/sameralzubaidi/Desktop/kids_marketplace_app/e2e-test-results/2026-06-02T11-24-07/report.md	2026-06-02	automated	TC-M13	SKIPPED
/Users/sameralzubaidi/Desktop/kids_marketplace_app/e2e-test-results/2026-06-02T11-24-07/report.md	2026-06-02	automated	TC-Q11	SKIPPED
/Users/sameralzubaidi/Desktop/kids_marketplace_app/e2e-test-results/2026-06-02T11-24-07/report.md	2026-06-02	automated	TC-Q13	SKIPPED
/Users/sameralzubaidi/Desktop/kids_marketplace_app/e2e-test-results/2026-06-02T11-24-07/report.md	2026-06-02	automated	TC-Q14	SKIPPED
/Users/sameralzubaidi/Desktop/kids_marketplace_app/e2e-test-results/2026-06-02T11-24-07/report.md	2026-06-02	automated	TC-Q16	SKIPPED
/Users/sameralzubaidi/Desktop/kids_marketplace_app/e2e-test-results/2026-06-02T11-24-07/report.md	2026-06-02	automated	TC-R03	SKIPPED
/Users/sameralzubaidi/Desktop/kids_marketplace_app/e2e-test-results/2026-06-02T11-24-07/report.md	2026-06-02	automated	TC-R04	SKIPPED
/Users/sameralzubaidi/Desktop/kids_marketplace_app/e2e-test-results/2026-06-02T11-24-07/report.md	2026-06-02	automated	TC-R11	SKIPPED
/Users/sameralzubaidi/Desktop/kids_marketplace_app/e2e-test-results/2026-06-02T11-24-07/report.md	2026-06-02	automated	TC-R12	SKIPPED
/Users/sameralzubaidi/Desktop/kids_marketplace_app/e2e-test-results/2026-06-02T11-32-53/report.md	2026-06-02	automated	REG-R01	PASS
/Users/sameralzubaidi/Desktop/kids_marketplace_app/e2e-test-results/2026-06-02T11-32-53/report.md	2026-06-02	automated	REG-R03	PASS
/Users/sameralzubaidi/Desktop/kids_marketplace_app/e2e-test-results/2026-06-02T11-32-53/report.md	2026-06-02	automated	REG-R04	PASS
/Users/sameralzubaidi/Desktop/kids_marketplace_app/e2e-test-results/2026-06-02T11-32-53/report.md	2026-06-02	automated	TC-J01	PASS
/Users/sameralzubaidi/Desktop/kids_marketplace_app/e2e-test-results/2026-06-02T11-32-53/report.md	2026-06-02	automated	TC-J02	PASS
/Users/sameralzubaidi/Desktop/kids_marketplace_app/e2e-test-results/2026-06-02T11-32-53/report.md	2026-06-02	automated	TC-J03	PASS
/Users/sameralzubaidi/Desktop/kids_marketplace_app/e2e-test-results/2026-06-02T11-32-53/report.md	2026-06-02	automated	TC-J04	PASS
/Users/sameralzubaidi/Desktop/kids_marketplace_app/e2e-test-results/2026-06-02T11-32-53/report.md	2026-06-02	automated	TC-J05	PASS
/Users/sameralzubaidi/Desktop/kids_marketplace_app/e2e-test-results/2026-06-02T11-32-53/report.md	2026-06-02	automated	TC-K01	PASS
/Users/sameralzubaidi/Desktop/kids_marketplace_app/e2e-test-results/2026-06-02T11-32-53/report.md	2026-06-02	automated	TC-K02	PASS
/Users/sameralzubaidi/Desktop/kids_marketplace_app/e2e-test-results/2026-06-02T11-32-53/report.md	2026-06-02	automated	TC-K03	PASS
/Users/sameralzubaidi/Desktop/kids_marketplace_app/e2e-test-results/2026-06-02T11-32-53/report.md	2026-06-02	automated	TC-L01	PASS
/Users/sameralzubaidi/Desktop/kids_marketplace_app/e2e-test-results/2026-06-02T11-32-53/report.md	2026-06-02	automated	TC-L02	PASS
/Users/sameralzubaidi/Desktop/kids_marketplace_app/e2e-test-results/2026-06-02T11-32-53/report.md	2026-06-02	automated	TC-L03	PASS
/Users/sameralzubaidi/Desktop/kids_marketplace_app/e2e-test-results/2026-06-02T11-32-53/report.md	2026-06-02	automated	TC-L04	PASS
/Users/sameralzubaidi/Desktop/kids_marketplace_app/e2e-test-results/2026-06-02T11-32-53/report.md	2026-06-02	automated	TC-L05	PASS
/Users/sameralzubaidi/Desktop/kids_marketplace_app/e2e-test-results/2026-06-02T11-32-53/report.md	2026-06-02	automated	TC-L06	PASS
/Users/sameralzubaidi/Desktop/kids_marketplace_app/e2e-test-results/2026-06-02T11-32-53/report.md	2026-06-02	automated	TC-L07	PASS
/Users/sameralzubaidi/Desktop/kids_marketplace_app/e2e-test-results/2026-06-02T11-32-53/report.md	2026-06-02	automated	TC-L08	PASS
/Users/sameralzubaidi/Desktop/kids_marketplace_app/e2e-test-results/2026-06-02T11-32-53/report.md	2026-06-02	automated	TC-R05	PASS
/Users/sameralzubaidi/Desktop/kids_marketplace_app/e2e-test-results/2026-06-02T11-32-53/report.md	2026-06-02	automated	TC-R06	PASS
/Users/sameralzubaidi/Desktop/kids_marketplace_app/e2e-test-results/2026-06-02T11-32-53/report.md	2026-06-02	automated	REG-R02	FAIL
/Users/sameralzubaidi/Desktop/kids_marketplace_app/e2e-test-results/2026-06-02T11-32-53/report.md	2026-06-02	automated	TC-A04	FAIL
/Users/sameralzubaidi/Desktop/kids_marketplace_app/e2e-test-results/2026-06-02T11-32-53/report.md	2026-06-02	automated	TC-B01	FAIL
/Users/sameralzubaidi/Desktop/kids_marketplace_app/e2e-test-results/2026-06-02T11-32-53/report.md	2026-06-02	automated	TC-B03	FAIL
/Users/sameralzubaidi/Desktop/kids_marketplace_app/e2e-test-results/2026-06-02T11-32-53/report.md	2026-06-02	automated	TC-B04	FAIL
/Users/sameralzubaidi/Desktop/kids_marketplace_app/e2e-test-results/2026-06-02T11-32-53/report.md	2026-06-02	automated	TC-B05	FAIL
/Users/sameralzubaidi/Desktop/kids_marketplace_app/e2e-test-results/2026-06-02T11-32-53/report.md	2026-06-02	automated	TC-R01	FAIL
/Users/sameralzubaidi/Desktop/kids_marketplace_app/e2e-test-results/2026-06-02T11-32-53/report.md	2026-06-02	automated	TC-R02	FAIL
/Users/sameralzubaidi/Desktop/kids_marketplace_app/e2e-test-results/2026-06-02T11-32-53/report.md	2026-06-02	automated	TC-R13	FAIL
/Users/sameralzubaidi/Desktop/kids_marketplace_app/e2e-test-results/2026-06-02T11-32-53/report.md	2026-06-02	automated	REG-R05	PASS
/Users/sameralzubaidi/Desktop/kids_marketplace_app/e2e-test-results/2026-06-02T11-32-53/report.md	2026-06-02	automated	TC-D01	PASS
/Users/sameralzubaidi/Desktop/kids_marketplace_app/e2e-test-results/2026-06-02T11-32-53/report.md	2026-06-02	automated	TC-D02	PASS
/Users/sameralzubaidi/Desktop/kids_marketplace_app/e2e-test-results/2026-06-02T11-32-53/report.md	2026-06-02	automated	TC-D03	PASS
/Users/sameralzubaidi/Desktop/kids_marketplace_app/e2e-test-results/2026-06-02T11-32-53/report.md	2026-06-02	automated	TC-D04	PASS
/Users/sameralzubaidi/Desktop/kids_marketplace_app/e2e-test-results/2026-06-02T11-32-53/report.md	2026-06-02	automated	TC-D05	PASS
/Users/sameralzubaidi/Desktop/kids_marketplace_app/e2e-test-results/2026-06-02T11-32-53/report.md	2026-06-02	automated	REG-R06	FAIL
/Users/sameralzubaidi/Desktop/kids_marketplace_app/e2e-test-results/2026-06-02T11-32-53/report.md	2026-06-02	automated	REG-R07	FAIL
/Users/sameralzubaidi/Desktop/kids_marketplace_app/e2e-test-results/2026-06-02T11-32-53/report.md	2026-06-02	automated	TC-C01	FAIL
/Users/sameralzubaidi/Desktop/kids_marketplace_app/e2e-test-results/2026-06-02T11-32-53/report.md	2026-06-02	automated	TC-C02	FAIL
/Users/sameralzubaidi/Desktop/kids_marketplace_app/e2e-test-results/2026-06-02T11-32-53/report.md	2026-06-02	automated	TC-C04	FAIL
/Users/sameralzubaidi/Desktop/kids_marketplace_app/e2e-test-results/2026-06-02T11-32-53/report.md	2026-06-02	automated	TC-C05	FAIL
/Users/sameralzubaidi/Desktop/kids_marketplace_app/e2e-test-results/2026-06-02T11-32-53/report.md	2026-06-02	automated	TC-C06	FAIL
/Users/sameralzubaidi/Desktop/kids_marketplace_app/e2e-test-results/2026-06-02T11-32-53/report.md	2026-06-02	automated	TC-R07	FAIL
/Users/sameralzubaidi/Desktop/kids_marketplace_app/e2e-test-results/2026-06-02T11-32-53/report.md	2026-06-02	automated	REG-R08	FAIL
/Users/sameralzubaidi/Desktop/kids_marketplace_app/e2e-test-results/2026-06-02T11-32-53/report.md	2026-06-02	automated	TC-C07	FAIL
/Users/sameralzubaidi/Desktop/kids_marketplace_app/e2e-test-results/2026-06-02T11-32-53/report.md	2026-06-02	automated	TC-C08	FAIL
/Users/sameralzubaidi/Desktop/kids_marketplace_app/e2e-test-results/2026-06-02T11-32-53/report.md	2026-06-02	automated	TC-A01	FAIL
/Users/sameralzubaidi/Desktop/kids_marketplace_app/e2e-test-results/2026-06-02T11-32-53/report.md	2026-06-02	automated	TC-A02	FAIL
/Users/sameralzubaidi/Desktop/kids_marketplace_app/e2e-test-results/2026-06-02T11-32-53/report.md	2026-06-02	automated	TC-A03	FAIL
/Users/sameralzubaidi/Desktop/kids_marketplace_app/e2e-test-results/2026-06-02T11-32-53/report.md	2026-06-02	automated	TC-E01	FAIL
/Users/sameralzubaidi/Desktop/kids_marketplace_app/e2e-test-results/2026-06-02T11-32-53/report.md	2026-06-02	automated	TC-E02	FAIL
/Users/sameralzubaidi/Desktop/kids_marketplace_app/e2e-test-results/2026-06-02T11-32-53/report.md	2026-06-02	automated	TC-E03	FAIL
/Users/sameralzubaidi/Desktop/kids_marketplace_app/e2e-test-results/2026-06-02T11-32-53/report.md	2026-06-02	automated	TC-E04	FAIL
/Users/sameralzubaidi/Desktop/kids_marketplace_app/e2e-test-results/2026-06-02T11-32-53/report.md	2026-06-02	automated	TC-H01	FAIL
/Users/sameralzubaidi/Desktop/kids_marketplace_app/e2e-test-results/2026-06-02T11-32-53/report.md	2026-06-02	automated	TC-H02	FAIL
/Users/sameralzubaidi/Desktop/kids_marketplace_app/e2e-test-results/2026-06-02T11-32-53/report.md	2026-06-02	automated	TC-H03	FAIL
/Users/sameralzubaidi/Desktop/kids_marketplace_app/e2e-test-results/2026-06-02T11-32-53/report.md	2026-06-02	automated	TC-H04	FAIL
/Users/sameralzubaidi/Desktop/kids_marketplace_app/e2e-test-results/2026-06-02T11-32-53/report.md	2026-06-02	automated	TC-Q01	FAIL
/Users/sameralzubaidi/Desktop/kids_marketplace_app/e2e-test-results/2026-06-02T11-32-53/report.md	2026-06-02	automated	TC-Q02	FAIL
/Users/sameralzubaidi/Desktop/kids_marketplace_app/e2e-test-results/2026-06-02T11-32-53/report.md	2026-06-02	automated	TC-Q03	FAIL
/Users/sameralzubaidi/Desktop/kids_marketplace_app/e2e-test-results/2026-06-02T11-32-53/report.md	2026-06-02	automated	TC-Q04	FAIL
/Users/sameralzubaidi/Desktop/kids_marketplace_app/e2e-test-results/2026-06-02T11-32-53/report.md	2026-06-02	automated	TC-Q05	FAIL
/Users/sameralzubaidi/Desktop/kids_marketplace_app/e2e-test-results/2026-06-02T11-32-53/report.md	2026-06-02	automated	TC-Q06	FAIL
/Users/sameralzubaidi/Desktop/kids_marketplace_app/e2e-test-results/2026-06-02T11-32-53/report.md	2026-06-02	automated	TC-Q07	FAIL
/Users/sameralzubaidi/Desktop/kids_marketplace_app/e2e-test-results/2026-06-02T11-32-53/report.md	2026-06-02	automated	TC-Q08	FAIL
/Users/sameralzubaidi/Desktop/kids_marketplace_app/e2e-test-results/2026-06-02T11-32-53/report.md	2026-06-02	automated	TC-Q09	FAIL
/Users/sameralzubaidi/Desktop/kids_marketplace_app/e2e-test-results/2026-06-02T11-32-53/report.md	2026-06-02	automated	TC-Q10	FAIL
/Users/sameralzubaidi/Desktop/kids_marketplace_app/e2e-test-results/2026-06-02T11-32-53/report.md	2026-06-02	automated	TC-Q12	FAIL
/Users/sameralzubaidi/Desktop/kids_marketplace_app/e2e-test-results/2026-06-02T11-32-53/report.md	2026-06-02	automated	TC-Q15	FAIL
/Users/sameralzubaidi/Desktop/kids_marketplace_app/e2e-test-results/2026-06-02T11-32-53/report.md	2026-06-02	automated	TC-Q17	FAIL
/Users/sameralzubaidi/Desktop/kids_marketplace_app/e2e-test-results/2026-06-02T11-32-53/report.md	2026-06-02	automated	TC-F01	FAIL
/Users/sameralzubaidi/Desktop/kids_marketplace_app/e2e-test-results/2026-06-02T11-32-53/report.md	2026-06-02	automated	TC-F02	FAIL
/Users/sameralzubaidi/Desktop/kids_marketplace_app/e2e-test-results/2026-06-02T11-32-53/report.md	2026-06-02	automated	TC-F03	FAIL
/Users/sameralzubaidi/Desktop/kids_marketplace_app/e2e-test-results/2026-06-02T11-32-53/report.md	2026-06-02	automated	TC-R08	FAIL
/Users/sameralzubaidi/Desktop/kids_marketplace_app/e2e-test-results/2026-06-02T11-32-53/report.md	2026-06-02	automated	TC-G04	PASS
/Users/sameralzubaidi/Desktop/kids_marketplace_app/e2e-test-results/2026-06-02T11-32-53/report.md	2026-06-02	automated	TC-I01	FAIL
/Users/sameralzubaidi/Desktop/kids_marketplace_app/e2e-test-results/2026-06-02T11-32-53/report.md	2026-06-02	automated	TC-I02	FAIL
/Users/sameralzubaidi/Desktop/kids_marketplace_app/e2e-test-results/2026-06-02T11-32-53/report.md	2026-06-02	automated	TC-I03	FAIL
/Users/sameralzubaidi/Desktop/kids_marketplace_app/e2e-test-results/2026-06-02T11-32-53/report.md	2026-06-02	automated	TC-I04	FAIL
/Users/sameralzubaidi/Desktop/kids_marketplace_app/e2e-test-results/2026-06-02T11-32-53/report.md	2026-06-02	automated	TC-I05	FAIL
/Users/sameralzubaidi/Desktop/kids_marketplace_app/e2e-test-results/2026-06-02T11-32-53/report.md	2026-06-02	automated	TC-M01	FAIL
/Users/sameralzubaidi/Desktop/kids_marketplace_app/e2e-test-results/2026-06-02T11-32-53/report.md	2026-06-02	automated	TC-M02	FAIL
/Users/sameralzubaidi/Desktop/kids_marketplace_app/e2e-test-results/2026-06-02T11-32-53/report.md	2026-06-02	automated	TC-M03	FAIL
/Users/sameralzubaidi/Desktop/kids_marketplace_app/e2e-test-results/2026-06-02T11-32-53/report.md	2026-06-02	automated	TC-M04	FAIL
/Users/sameralzubaidi/Desktop/kids_marketplace_app/e2e-test-results/2026-06-02T11-32-53/report.md	2026-06-02	automated	TC-M05	FAIL
/Users/sameralzubaidi/Desktop/kids_marketplace_app/e2e-test-results/2026-06-02T11-32-53/report.md	2026-06-02	automated	TC-M06	FAIL
/Users/sameralzubaidi/Desktop/kids_marketplace_app/e2e-test-results/2026-06-02T11-32-53/report.md	2026-06-02	automated	TC-M07	FAIL
/Users/sameralzubaidi/Desktop/kids_marketplace_app/e2e-test-results/2026-06-02T11-32-53/report.md	2026-06-02	automated	TC-M08	FAIL
/Users/sameralzubaidi/Desktop/kids_marketplace_app/e2e-test-results/2026-06-02T11-32-53/report.md	2026-06-02	automated	TC-M09	FAIL
/Users/sameralzubaidi/Desktop/kids_marketplace_app/e2e-test-results/2026-06-02T11-32-53/report.md	2026-06-02	automated	TC-M10	FAIL
/Users/sameralzubaidi/Desktop/kids_marketplace_app/e2e-test-results/2026-06-02T11-32-53/report.md	2026-06-02	automated	TC-M11	FAIL
/Users/sameralzubaidi/Desktop/kids_marketplace_app/e2e-test-results/2026-06-02T11-32-53/report.md	2026-06-02	automated	TC-M12	FAIL
/Users/sameralzubaidi/Desktop/kids_marketplace_app/e2e-test-results/2026-06-02T11-32-53/report.md	2026-06-02	automated	TC-M14	FAIL
/Users/sameralzubaidi/Desktop/kids_marketplace_app/e2e-test-results/2026-06-02T11-32-53/report.md	2026-06-02	automated	TC-M15	FAIL
/Users/sameralzubaidi/Desktop/kids_marketplace_app/e2e-test-results/2026-06-02T11-32-53/report.md	2026-06-02	automated	TC-O01	FAIL
/Users/sameralzubaidi/Desktop/kids_marketplace_app/e2e-test-results/2026-06-02T11-32-53/report.md	2026-06-02	automated	TC-O02	FAIL
/Users/sameralzubaidi/Desktop/kids_marketplace_app/e2e-test-results/2026-06-02T11-32-53/report.md	2026-06-02	automated	TC-O03	FAIL
/Users/sameralzubaidi/Desktop/kids_marketplace_app/e2e-test-results/2026-06-02T11-32-53/report.md	2026-06-02	automated	TC-O04	FAIL
/Users/sameralzubaidi/Desktop/kids_marketplace_app/e2e-test-results/2026-06-02T11-32-53/report.md	2026-06-02	automated	TC-O05	FAIL
/Users/sameralzubaidi/Desktop/kids_marketplace_app/e2e-test-results/2026-06-02T11-32-53/report.md	2026-06-02	automated	TC-O06	FAIL
/Users/sameralzubaidi/Desktop/kids_marketplace_app/e2e-test-results/2026-06-02T11-32-53/report.md	2026-06-02	automated	TC-O07	FAIL
/Users/sameralzubaidi/Desktop/kids_marketplace_app/e2e-test-results/2026-06-02T11-32-53/report.md	2026-06-02	automated	TC-B02	SKIPPED
/Users/sameralzubaidi/Desktop/kids_marketplace_app/e2e-test-results/2026-06-02T11-32-53/report.md	2026-06-02	automated	TC-B06	SKIPPED
/Users/sameralzubaidi/Desktop/kids_marketplace_app/e2e-test-results/2026-06-02T11-32-53/report.md	2026-06-02	automated	TC-C03	SKIPPED
/Users/sameralzubaidi/Desktop/kids_marketplace_app/e2e-test-results/2026-06-02T11-32-53/report.md	2026-06-02	automated	TC-G01	SKIPPED
/Users/sameralzubaidi/Desktop/kids_marketplace_app/e2e-test-results/2026-06-02T11-32-53/report.md	2026-06-02	automated	TC-G02	SKIPPED
/Users/sameralzubaidi/Desktop/kids_marketplace_app/e2e-test-results/2026-06-02T11-32-53/report.md	2026-06-02	automated	TC-G03	SKIPPED
/Users/sameralzubaidi/Desktop/kids_marketplace_app/e2e-test-results/2026-06-02T11-32-53/report.md	2026-06-02	automated	TC-M13	SKIPPED
/Users/sameralzubaidi/Desktop/kids_marketplace_app/e2e-test-results/2026-06-02T11-32-53/report.md	2026-06-02	automated	TC-Q11	SKIPPED
/Users/sameralzubaidi/Desktop/kids_marketplace_app/e2e-test-results/2026-06-02T11-32-53/report.md	2026-06-02	automated	TC-Q13	SKIPPED
/Users/sameralzubaidi/Desktop/kids_marketplace_app/e2e-test-results/2026-06-02T11-32-53/report.md	2026-06-02	automated	TC-Q14	SKIPPED
/Users/sameralzubaidi/Desktop/kids_marketplace_app/e2e-test-results/2026-06-02T11-32-53/report.md	2026-06-02	automated	TC-Q16	SKIPPED
/Users/sameralzubaidi/Desktop/kids_marketplace_app/e2e-test-results/2026-06-02T11-32-53/report.md	2026-06-02	automated	TC-R03	SKIPPED
/Users/sameralzubaidi/Desktop/kids_marketplace_app/e2e-test-results/2026-06-02T11-32-53/report.md	2026-06-02	automated	TC-R04	SKIPPED
/Users/sameralzubaidi/Desktop/kids_marketplace_app/e2e-test-results/2026-06-02T11-32-53/report.md	2026-06-02	automated	TC-R11	SKIPPED
/Users/sameralzubaidi/Desktop/kids_marketplace_app/e2e-test-results/2026-06-02T11-32-53/report.md	2026-06-02	automated	TC-R12	SKIPPED
/Users/sameralzubaidi/Desktop/kids_marketplace_app/e2e-test-results/2026-06-02T12-16-02/report.md	2026-06-02	automated	REG-R01	PASS
/Users/sameralzubaidi/Desktop/kids_marketplace_app/e2e-test-results/2026-06-02T12-16-02/report.md	2026-06-02	automated	REG-R03	PASS
/Users/sameralzubaidi/Desktop/kids_marketplace_app/e2e-test-results/2026-06-02T12-16-02/report.md	2026-06-02	automated	REG-R04	PASS
/Users/sameralzubaidi/Desktop/kids_marketplace_app/e2e-test-results/2026-06-02T12-16-02/report.md	2026-06-02	automated	TC-J01	PASS
/Users/sameralzubaidi/Desktop/kids_marketplace_app/e2e-test-results/2026-06-02T12-16-02/report.md	2026-06-02	automated	TC-J02	PASS
/Users/sameralzubaidi/Desktop/kids_marketplace_app/e2e-test-results/2026-06-02T12-16-02/report.md	2026-06-02	automated	TC-J03	PASS
/Users/sameralzubaidi/Desktop/kids_marketplace_app/e2e-test-results/2026-06-02T12-16-02/report.md	2026-06-02	automated	TC-J04	PASS
/Users/sameralzubaidi/Desktop/kids_marketplace_app/e2e-test-results/2026-06-02T12-16-02/report.md	2026-06-02	automated	TC-J05	PASS
/Users/sameralzubaidi/Desktop/kids_marketplace_app/e2e-test-results/2026-06-02T12-16-02/report.md	2026-06-02	automated	TC-K01	PASS
/Users/sameralzubaidi/Desktop/kids_marketplace_app/e2e-test-results/2026-06-02T12-16-02/report.md	2026-06-02	automated	TC-K02	PASS
/Users/sameralzubaidi/Desktop/kids_marketplace_app/e2e-test-results/2026-06-02T12-16-02/report.md	2026-06-02	automated	TC-K03	PASS
/Users/sameralzubaidi/Desktop/kids_marketplace_app/e2e-test-results/2026-06-02T12-16-02/report.md	2026-06-02	automated	TC-L01	PASS
/Users/sameralzubaidi/Desktop/kids_marketplace_app/e2e-test-results/2026-06-02T12-16-02/report.md	2026-06-02	automated	TC-L02	PASS
/Users/sameralzubaidi/Desktop/kids_marketplace_app/e2e-test-results/2026-06-02T12-16-02/report.md	2026-06-02	automated	TC-L03	PASS
/Users/sameralzubaidi/Desktop/kids_marketplace_app/e2e-test-results/2026-06-02T12-16-02/report.md	2026-06-02	automated	TC-L04	PASS
/Users/sameralzubaidi/Desktop/kids_marketplace_app/e2e-test-results/2026-06-02T12-16-02/report.md	2026-06-02	automated	TC-L05	PASS
/Users/sameralzubaidi/Desktop/kids_marketplace_app/e2e-test-results/2026-06-02T12-16-02/report.md	2026-06-02	automated	TC-L06	PASS
/Users/sameralzubaidi/Desktop/kids_marketplace_app/e2e-test-results/2026-06-02T12-16-02/report.md	2026-06-02	automated	TC-L07	PASS
/Users/sameralzubaidi/Desktop/kids_marketplace_app/e2e-test-results/2026-06-02T12-16-02/report.md	2026-06-02	automated	TC-L08	PASS
/Users/sameralzubaidi/Desktop/kids_marketplace_app/e2e-test-results/2026-06-02T12-16-02/report.md	2026-06-02	automated	TC-R05	PASS
/Users/sameralzubaidi/Desktop/kids_marketplace_app/e2e-test-results/2026-06-02T12-16-02/report.md	2026-06-02	automated	TC-R06	PASS
/Users/sameralzubaidi/Desktop/kids_marketplace_app/e2e-test-results/2026-06-02T12-16-02/report.md	2026-06-02	automated	REG-R02	PASS
/Users/sameralzubaidi/Desktop/kids_marketplace_app/e2e-test-results/2026-06-02T12-16-02/report.md	2026-06-02	automated	TC-A04	PASS
/Users/sameralzubaidi/Desktop/kids_marketplace_app/e2e-test-results/2026-06-02T12-16-02/report.md	2026-06-02	automated	TC-B01	PASS
/Users/sameralzubaidi/Desktop/kids_marketplace_app/e2e-test-results/2026-06-02T12-16-02/report.md	2026-06-02	automated	TC-B03	PASS
/Users/sameralzubaidi/Desktop/kids_marketplace_app/e2e-test-results/2026-06-02T12-16-02/report.md	2026-06-02	automated	TC-B04	PASS
/Users/sameralzubaidi/Desktop/kids_marketplace_app/e2e-test-results/2026-06-02T12-16-02/report.md	2026-06-02	automated	TC-B05	PASS
/Users/sameralzubaidi/Desktop/kids_marketplace_app/e2e-test-results/2026-06-02T12-16-02/report.md	2026-06-02	automated	TC-R01	PASS
/Users/sameralzubaidi/Desktop/kids_marketplace_app/e2e-test-results/2026-06-02T12-16-02/report.md	2026-06-02	automated	TC-R02	PASS
/Users/sameralzubaidi/Desktop/kids_marketplace_app/e2e-test-results/2026-06-02T12-16-02/report.md	2026-06-02	automated	TC-R13	PASS
/Users/sameralzubaidi/Desktop/kids_marketplace_app/e2e-test-results/2026-06-02T12-16-02/report.md	2026-06-02	automated	REG-R05	PASS
/Users/sameralzubaidi/Desktop/kids_marketplace_app/e2e-test-results/2026-06-02T12-16-02/report.md	2026-06-02	automated	TC-D01	PASS
/Users/sameralzubaidi/Desktop/kids_marketplace_app/e2e-test-results/2026-06-02T12-16-02/report.md	2026-06-02	automated	TC-D02	PASS
/Users/sameralzubaidi/Desktop/kids_marketplace_app/e2e-test-results/2026-06-02T12-16-02/report.md	2026-06-02	automated	TC-D03	PASS
/Users/sameralzubaidi/Desktop/kids_marketplace_app/e2e-test-results/2026-06-02T12-16-02/report.md	2026-06-02	automated	TC-D04	PASS
/Users/sameralzubaidi/Desktop/kids_marketplace_app/e2e-test-results/2026-06-02T12-16-02/report.md	2026-06-02	automated	TC-D05	PASS
/Users/sameralzubaidi/Desktop/kids_marketplace_app/e2e-test-results/2026-06-02T12-16-02/report.md	2026-06-02	automated	REG-R06	PASS
/Users/sameralzubaidi/Desktop/kids_marketplace_app/e2e-test-results/2026-06-02T12-16-02/report.md	2026-06-02	automated	REG-R07	PASS
/Users/sameralzubaidi/Desktop/kids_marketplace_app/e2e-test-results/2026-06-02T12-16-02/report.md	2026-06-02	automated	TC-C01	PASS
/Users/sameralzubaidi/Desktop/kids_marketplace_app/e2e-test-results/2026-06-02T12-16-02/report.md	2026-06-02	automated	TC-C02	PASS
/Users/sameralzubaidi/Desktop/kids_marketplace_app/e2e-test-results/2026-06-02T12-16-02/report.md	2026-06-02	automated	TC-C04	PASS
/Users/sameralzubaidi/Desktop/kids_marketplace_app/e2e-test-results/2026-06-02T12-16-02/report.md	2026-06-02	automated	TC-C05	PASS
/Users/sameralzubaidi/Desktop/kids_marketplace_app/e2e-test-results/2026-06-02T12-16-02/report.md	2026-06-02	automated	TC-C06	PASS
/Users/sameralzubaidi/Desktop/kids_marketplace_app/e2e-test-results/2026-06-02T12-16-02/report.md	2026-06-02	automated	TC-R07	PASS
/Users/sameralzubaidi/Desktop/kids_marketplace_app/e2e-test-results/2026-06-02T12-16-02/report.md	2026-06-02	automated	REG-R08	PASS
/Users/sameralzubaidi/Desktop/kids_marketplace_app/e2e-test-results/2026-06-02T12-16-02/report.md	2026-06-02	automated	TC-C07	PASS
/Users/sameralzubaidi/Desktop/kids_marketplace_app/e2e-test-results/2026-06-02T12-16-02/report.md	2026-06-02	automated	TC-C08	PASS
/Users/sameralzubaidi/Desktop/kids_marketplace_app/e2e-test-results/2026-06-02T12-16-02/report.md	2026-06-02	automated	TC-A01	PASS
/Users/sameralzubaidi/Desktop/kids_marketplace_app/e2e-test-results/2026-06-02T12-16-02/report.md	2026-06-02	automated	TC-A02	PASS
/Users/sameralzubaidi/Desktop/kids_marketplace_app/e2e-test-results/2026-06-02T12-16-02/report.md	2026-06-02	automated	TC-A03	PASS
/Users/sameralzubaidi/Desktop/kids_marketplace_app/e2e-test-results/2026-06-02T12-16-02/report.md	2026-06-02	automated	TC-E01	PASS
/Users/sameralzubaidi/Desktop/kids_marketplace_app/e2e-test-results/2026-06-02T12-16-02/report.md	2026-06-02	automated	TC-E02	PASS
/Users/sameralzubaidi/Desktop/kids_marketplace_app/e2e-test-results/2026-06-02T12-16-02/report.md	2026-06-02	automated	TC-E03	PASS
/Users/sameralzubaidi/Desktop/kids_marketplace_app/e2e-test-results/2026-06-02T12-16-02/report.md	2026-06-02	automated	TC-E04	PASS
/Users/sameralzubaidi/Desktop/kids_marketplace_app/e2e-test-results/2026-06-02T12-16-02/report.md	2026-06-02	automated	TC-H01	PASS
/Users/sameralzubaidi/Desktop/kids_marketplace_app/e2e-test-results/2026-06-02T12-16-02/report.md	2026-06-02	automated	TC-H02	PASS
/Users/sameralzubaidi/Desktop/kids_marketplace_app/e2e-test-results/2026-06-02T12-16-02/report.md	2026-06-02	automated	TC-H03	PASS
/Users/sameralzubaidi/Desktop/kids_marketplace_app/e2e-test-results/2026-06-02T12-16-02/report.md	2026-06-02	automated	TC-H04	PASS
/Users/sameralzubaidi/Desktop/kids_marketplace_app/e2e-test-results/2026-06-02T12-16-02/report.md	2026-06-02	automated	TC-Q01	PASS
/Users/sameralzubaidi/Desktop/kids_marketplace_app/e2e-test-results/2026-06-02T12-16-02/report.md	2026-06-02	automated	TC-Q02	PASS
/Users/sameralzubaidi/Desktop/kids_marketplace_app/e2e-test-results/2026-06-02T12-16-02/report.md	2026-06-02	automated	TC-Q03	PASS
/Users/sameralzubaidi/Desktop/kids_marketplace_app/e2e-test-results/2026-06-02T12-16-02/report.md	2026-06-02	automated	TC-Q04	PASS
/Users/sameralzubaidi/Desktop/kids_marketplace_app/e2e-test-results/2026-06-02T12-16-02/report.md	2026-06-02	automated	TC-Q05	PASS
/Users/sameralzubaidi/Desktop/kids_marketplace_app/e2e-test-results/2026-06-02T12-16-02/report.md	2026-06-02	automated	TC-Q06	PASS
/Users/sameralzubaidi/Desktop/kids_marketplace_app/e2e-test-results/2026-06-02T12-16-02/report.md	2026-06-02	automated	TC-Q07	PASS
/Users/sameralzubaidi/Desktop/kids_marketplace_app/e2e-test-results/2026-06-02T12-16-02/report.md	2026-06-02	automated	TC-Q08	PASS
/Users/sameralzubaidi/Desktop/kids_marketplace_app/e2e-test-results/2026-06-02T12-16-02/report.md	2026-06-02	automated	TC-Q09	PASS
/Users/sameralzubaidi/Desktop/kids_marketplace_app/e2e-test-results/2026-06-02T12-16-02/report.md	2026-06-02	automated	TC-Q10	PASS
/Users/sameralzubaidi/Desktop/kids_marketplace_app/e2e-test-results/2026-06-02T12-16-02/report.md	2026-06-02	automated	TC-Q12	PASS
/Users/sameralzubaidi/Desktop/kids_marketplace_app/e2e-test-results/2026-06-02T12-16-02/report.md	2026-06-02	automated	TC-Q15	PASS
/Users/sameralzubaidi/Desktop/kids_marketplace_app/e2e-test-results/2026-06-02T12-16-02/report.md	2026-06-02	automated	TC-Q17	PASS
/Users/sameralzubaidi/Desktop/kids_marketplace_app/e2e-test-results/2026-06-02T12-16-02/report.md	2026-06-02	automated	TC-F01	PASS
/Users/sameralzubaidi/Desktop/kids_marketplace_app/e2e-test-results/2026-06-02T12-16-02/report.md	2026-06-02	automated	TC-F02	PASS
/Users/sameralzubaidi/Desktop/kids_marketplace_app/e2e-test-results/2026-06-02T12-16-02/report.md	2026-06-02	automated	TC-F03	PASS
/Users/sameralzubaidi/Desktop/kids_marketplace_app/e2e-test-results/2026-06-02T12-16-02/report.md	2026-06-02	automated	TC-R08	PASS
/Users/sameralzubaidi/Desktop/kids_marketplace_app/e2e-test-results/2026-06-02T12-16-02/report.md	2026-06-02	automated	TC-G04	PASS
/Users/sameralzubaidi/Desktop/kids_marketplace_app/e2e-test-results/2026-06-02T12-16-02/report.md	2026-06-02	automated	TC-I01	PASS
/Users/sameralzubaidi/Desktop/kids_marketplace_app/e2e-test-results/2026-06-02T12-16-02/report.md	2026-06-02	automated	TC-I02	PASS
/Users/sameralzubaidi/Desktop/kids_marketplace_app/e2e-test-results/2026-06-02T12-16-02/report.md	2026-06-02	automated	TC-I03	PASS
/Users/sameralzubaidi/Desktop/kids_marketplace_app/e2e-test-results/2026-06-02T12-16-02/report.md	2026-06-02	automated	TC-I04	PASS
/Users/sameralzubaidi/Desktop/kids_marketplace_app/e2e-test-results/2026-06-02T12-16-02/report.md	2026-06-02	automated	TC-I05	PASS
/Users/sameralzubaidi/Desktop/kids_marketplace_app/e2e-test-results/2026-06-02T12-16-02/report.md	2026-06-02	automated	TC-M01	PASS
/Users/sameralzubaidi/Desktop/kids_marketplace_app/e2e-test-results/2026-06-02T12-16-02/report.md	2026-06-02	automated	TC-M02	PASS
/Users/sameralzubaidi/Desktop/kids_marketplace_app/e2e-test-results/2026-06-02T12-16-02/report.md	2026-06-02	automated	TC-M03	PASS
/Users/sameralzubaidi/Desktop/kids_marketplace_app/e2e-test-results/2026-06-02T12-16-02/report.md	2026-06-02	automated	TC-M04	PASS
/Users/sameralzubaidi/Desktop/kids_marketplace_app/e2e-test-results/2026-06-02T12-16-02/report.md	2026-06-02	automated	TC-M05	PASS
/Users/sameralzubaidi/Desktop/kids_marketplace_app/e2e-test-results/2026-06-02T12-16-02/report.md	2026-06-02	automated	TC-M06	PASS
/Users/sameralzubaidi/Desktop/kids_marketplace_app/e2e-test-results/2026-06-02T12-16-02/report.md	2026-06-02	automated	TC-M07	PASS
/Users/sameralzubaidi/Desktop/kids_marketplace_app/e2e-test-results/2026-06-02T12-16-02/report.md	2026-06-02	automated	TC-M08	PASS
/Users/sameralzubaidi/Desktop/kids_marketplace_app/e2e-test-results/2026-06-02T12-16-02/report.md	2026-06-02	automated	TC-M09	PASS
/Users/sameralzubaidi/Desktop/kids_marketplace_app/e2e-test-results/2026-06-02T12-16-02/report.md	2026-06-02	automated	TC-M10	PASS
/Users/sameralzubaidi/Desktop/kids_marketplace_app/e2e-test-results/2026-06-02T12-16-02/report.md	2026-06-02	automated	TC-M11	PASS
/Users/sameralzubaidi/Desktop/kids_marketplace_app/e2e-test-results/2026-06-02T12-16-02/report.md	2026-06-02	automated	TC-M12	PASS
/Users/sameralzubaidi/Desktop/kids_marketplace_app/e2e-test-results/2026-06-02T12-16-02/report.md	2026-06-02	automated	TC-M14	PASS
/Users/sameralzubaidi/Desktop/kids_marketplace_app/e2e-test-results/2026-06-02T12-16-02/report.md	2026-06-02	automated	TC-M15	PASS
/Users/sameralzubaidi/Desktop/kids_marketplace_app/e2e-test-results/2026-06-02T12-16-02/report.md	2026-06-02	automated	TC-O01	PASS
/Users/sameralzubaidi/Desktop/kids_marketplace_app/e2e-test-results/2026-06-02T12-16-02/report.md	2026-06-02	automated	TC-O02	PASS
/Users/sameralzubaidi/Desktop/kids_marketplace_app/e2e-test-results/2026-06-02T12-16-02/report.md	2026-06-02	automated	TC-O03	PASS
/Users/sameralzubaidi/Desktop/kids_marketplace_app/e2e-test-results/2026-06-02T12-16-02/report.md	2026-06-02	automated	TC-O04	PASS
/Users/sameralzubaidi/Desktop/kids_marketplace_app/e2e-test-results/2026-06-02T12-16-02/report.md	2026-06-02	automated	TC-O05	PASS
/Users/sameralzubaidi/Desktop/kids_marketplace_app/e2e-test-results/2026-06-02T12-16-02/report.md	2026-06-02	automated	TC-O06	PASS
/Users/sameralzubaidi/Desktop/kids_marketplace_app/e2e-test-results/2026-06-02T12-16-02/report.md	2026-06-02	automated	TC-O07	PASS
/Users/sameralzubaidi/Desktop/kids_marketplace_app/e2e-test-results/2026-06-02T12-16-02/report.md	2026-06-02	automated	TC-B02	SKIPPED
/Users/sameralzubaidi/Desktop/kids_marketplace_app/e2e-test-results/2026-06-02T12-16-02/report.md	2026-06-02	automated	TC-B06	SKIPPED
/Users/sameralzubaidi/Desktop/kids_marketplace_app/e2e-test-results/2026-06-02T12-16-02/report.md	2026-06-02	automated	TC-C03	SKIPPED
/Users/sameralzubaidi/Desktop/kids_marketplace_app/e2e-test-results/2026-06-02T12-16-02/report.md	2026-06-02	automated	TC-G01	SKIPPED
/Users/sameralzubaidi/Desktop/kids_marketplace_app/e2e-test-results/2026-06-02T12-16-02/report.md	2026-06-02	automated	TC-G02	SKIPPED
/Users/sameralzubaidi/Desktop/kids_marketplace_app/e2e-test-results/2026-06-02T12-16-02/report.md	2026-06-02	automated	TC-G03	SKIPPED
/Users/sameralzubaidi/Desktop/kids_marketplace_app/e2e-test-results/2026-06-02T12-16-02/report.md	2026-06-02	automated	TC-M13	SKIPPED
/Users/sameralzubaidi/Desktop/kids_marketplace_app/e2e-test-results/2026-06-02T12-16-02/report.md	2026-06-02	automated	TC-Q11	SKIPPED
/Users/sameralzubaidi/Desktop/kids_marketplace_app/e2e-test-results/2026-06-02T12-16-02/report.md	2026-06-02	automated	TC-Q13	SKIPPED
/Users/sameralzubaidi/Desktop/kids_marketplace_app/e2e-test-results/2026-06-02T12-16-02/report.md	2026-06-02	automated	TC-Q14	SKIPPED
/Users/sameralzubaidi/Desktop/kids_marketplace_app/e2e-test-results/2026-06-02T12-16-02/report.md	2026-06-02	automated	TC-Q16	SKIPPED
/Users/sameralzubaidi/Desktop/kids_marketplace_app/e2e-test-results/2026-06-02T12-16-02/report.md	2026-06-02	automated	TC-R03	SKIPPED
/Users/sameralzubaidi/Desktop/kids_marketplace_app/e2e-test-results/2026-06-02T12-16-02/report.md	2026-06-02	automated	TC-R04	SKIPPED
/Users/sameralzubaidi/Desktop/kids_marketplace_app/e2e-test-results/2026-06-02T12-16-02/report.md	2026-06-02	automated	TC-R11	SKIPPED
/Users/sameralzubaidi/Desktop/kids_marketplace_app/e2e-test-results/2026-06-02T12-16-02/report.md	2026-06-02	automated	TC-R12	SKIPPED
/Users/sameralzubaidi/Desktop/kids_marketplace_app/test-automation/trade-flow-v2/reports/2026-06-02T10-47-07-787Z/report.md	2026-06-02	automated	REG-R01	FAIL
/Users/sameralzubaidi/Desktop/kids_marketplace_app/test-automation/trade-flow-v2/reports/2026-06-02T10-47-07-787Z/report.md	2026-06-02	automated	REG-R03	FAIL
/Users/sameralzubaidi/Desktop/kids_marketplace_app/test-automation/trade-flow-v2/reports/2026-06-02T10-47-07-787Z/report.md	2026-06-02	automated	REG-R04	FAIL
/Users/sameralzubaidi/Desktop/kids_marketplace_app/test-automation/trade-flow-v2/reports/2026-06-02T10-47-07-787Z/report.md	2026-06-02	automated	TC-J01	FAIL
/Users/sameralzubaidi/Desktop/kids_marketplace_app/test-automation/trade-flow-v2/reports/2026-06-02T10-47-07-787Z/report.md	2026-06-02	automated	TC-J02	FAIL
/Users/sameralzubaidi/Desktop/kids_marketplace_app/test-automation/trade-flow-v2/reports/2026-06-02T10-47-07-787Z/report.md	2026-06-02	automated	TC-J03	FAIL
/Users/sameralzubaidi/Desktop/kids_marketplace_app/test-automation/trade-flow-v2/reports/2026-06-02T10-47-07-787Z/report.md	2026-06-02	automated	TC-J04	FAIL
/Users/sameralzubaidi/Desktop/kids_marketplace_app/test-automation/trade-flow-v2/reports/2026-06-02T10-47-07-787Z/report.md	2026-06-02	automated	TC-J05	FAIL
/Users/sameralzubaidi/Desktop/kids_marketplace_app/test-automation/trade-flow-v2/reports/2026-06-02T10-47-07-787Z/report.md	2026-06-02	automated	TC-K01	FAIL
/Users/sameralzubaidi/Desktop/kids_marketplace_app/test-automation/trade-flow-v2/reports/2026-06-02T10-47-07-787Z/report.md	2026-06-02	automated	TC-K02	FAIL
/Users/sameralzubaidi/Desktop/kids_marketplace_app/test-automation/trade-flow-v2/reports/2026-06-02T10-47-07-787Z/report.md	2026-06-02	automated	TC-K03	FAIL
/Users/sameralzubaidi/Desktop/kids_marketplace_app/test-automation/trade-flow-v2/reports/2026-06-02T10-47-07-787Z/report.md	2026-06-02	automated	TC-L01	FAIL
/Users/sameralzubaidi/Desktop/kids_marketplace_app/test-automation/trade-flow-v2/reports/2026-06-02T10-47-07-787Z/report.md	2026-06-02	automated	TC-L02	FAIL
/Users/sameralzubaidi/Desktop/kids_marketplace_app/test-automation/trade-flow-v2/reports/2026-06-02T10-47-07-787Z/report.md	2026-06-02	automated	TC-L03	FAIL
/Users/sameralzubaidi/Desktop/kids_marketplace_app/test-automation/trade-flow-v2/reports/2026-06-02T10-47-07-787Z/report.md	2026-06-02	automated	TC-L04	FAIL
/Users/sameralzubaidi/Desktop/kids_marketplace_app/test-automation/trade-flow-v2/reports/2026-06-02T10-47-07-787Z/report.md	2026-06-02	automated	TC-L05	FAIL
/Users/sameralzubaidi/Desktop/kids_marketplace_app/test-automation/trade-flow-v2/reports/2026-06-02T10-47-07-787Z/report.md	2026-06-02	automated	TC-L06	FAIL
/Users/sameralzubaidi/Desktop/kids_marketplace_app/test-automation/trade-flow-v2/reports/2026-06-02T10-47-07-787Z/report.md	2026-06-02	automated	TC-L07	FAIL
/Users/sameralzubaidi/Desktop/kids_marketplace_app/test-automation/trade-flow-v2/reports/2026-06-02T10-47-07-787Z/report.md	2026-06-02	automated	TC-L08	FAIL
/Users/sameralzubaidi/Desktop/kids_marketplace_app/test-automation/trade-flow-v2/reports/2026-06-02T10-47-07-787Z/report.md	2026-06-02	automated	TC-R05	FAIL
/Users/sameralzubaidi/Desktop/kids_marketplace_app/test-automation/trade-flow-v2/reports/2026-06-02T10-47-07-787Z/report.md	2026-06-02	automated	TC-R06	FAIL
/Users/sameralzubaidi/Desktop/kids_marketplace_app/test-automation/trade-flow-v2/reports/2026-06-02T10-47-07-787Z/report.md	2026-06-02	automated	REG-R02	FAIL
/Users/sameralzubaidi/Desktop/kids_marketplace_app/test-automation/trade-flow-v2/reports/2026-06-02T10-47-07-787Z/report.md	2026-06-02	automated	TC-A04	FAIL
/Users/sameralzubaidi/Desktop/kids_marketplace_app/test-automation/trade-flow-v2/reports/2026-06-02T10-47-07-787Z/report.md	2026-06-02	automated	TC-B01	FAIL
/Users/sameralzubaidi/Desktop/kids_marketplace_app/test-automation/trade-flow-v2/reports/2026-06-02T10-47-07-787Z/report.md	2026-06-02	automated	TC-B03	FAIL
/Users/sameralzubaidi/Desktop/kids_marketplace_app/test-automation/trade-flow-v2/reports/2026-06-02T10-47-07-787Z/report.md	2026-06-02	automated	TC-B04	FAIL
/Users/sameralzubaidi/Desktop/kids_marketplace_app/test-automation/trade-flow-v2/reports/2026-06-02T10-47-07-787Z/report.md	2026-06-02	automated	TC-B05	FAIL
/Users/sameralzubaidi/Desktop/kids_marketplace_app/test-automation/trade-flow-v2/reports/2026-06-02T10-47-07-787Z/report.md	2026-06-02	automated	TC-R01	FAIL
/Users/sameralzubaidi/Desktop/kids_marketplace_app/test-automation/trade-flow-v2/reports/2026-06-02T10-47-07-787Z/report.md	2026-06-02	automated	TC-R02	FAIL
/Users/sameralzubaidi/Desktop/kids_marketplace_app/test-automation/trade-flow-v2/reports/2026-06-02T10-47-07-787Z/report.md	2026-06-02	automated	TC-R13	FAIL
/Users/sameralzubaidi/Desktop/kids_marketplace_app/test-automation/trade-flow-v2/reports/2026-06-02T10-47-07-787Z/report.md	2026-06-02	automated	REG-R05	FAIL
/Users/sameralzubaidi/Desktop/kids_marketplace_app/test-automation/trade-flow-v2/reports/2026-06-02T10-47-07-787Z/report.md	2026-06-02	automated	TC-D01	FAIL
/Users/sameralzubaidi/Desktop/kids_marketplace_app/test-automation/trade-flow-v2/reports/2026-06-02T10-47-07-787Z/report.md	2026-06-02	automated	TC-D02	FAIL
/Users/sameralzubaidi/Desktop/kids_marketplace_app/test-automation/trade-flow-v2/reports/2026-06-02T10-47-07-787Z/report.md	2026-06-02	automated	TC-D03	FAIL
/Users/sameralzubaidi/Desktop/kids_marketplace_app/test-automation/trade-flow-v2/reports/2026-06-02T10-47-07-787Z/report.md	2026-06-02	automated	TC-D04	FAIL
/Users/sameralzubaidi/Desktop/kids_marketplace_app/test-automation/trade-flow-v2/reports/2026-06-02T10-47-07-787Z/report.md	2026-06-02	automated	TC-D05	FAIL
/Users/sameralzubaidi/Desktop/kids_marketplace_app/test-automation/trade-flow-v2/reports/2026-06-02T10-47-07-787Z/report.md	2026-06-02	automated	REG-R06	FAIL
/Users/sameralzubaidi/Desktop/kids_marketplace_app/test-automation/trade-flow-v2/reports/2026-06-02T10-47-07-787Z/report.md	2026-06-02	automated	REG-R07	FAIL
/Users/sameralzubaidi/Desktop/kids_marketplace_app/test-automation/trade-flow-v2/reports/2026-06-02T10-47-07-787Z/report.md	2026-06-02	automated	TC-C01	FAIL
/Users/sameralzubaidi/Desktop/kids_marketplace_app/test-automation/trade-flow-v2/reports/2026-06-02T10-47-07-787Z/report.md	2026-06-02	automated	TC-C02	FAIL
/Users/sameralzubaidi/Desktop/kids_marketplace_app/test-automation/trade-flow-v2/reports/2026-06-02T10-47-07-787Z/report.md	2026-06-02	automated	TC-C04	FAIL
/Users/sameralzubaidi/Desktop/kids_marketplace_app/test-automation/trade-flow-v2/reports/2026-06-02T10-47-07-787Z/report.md	2026-06-02	automated	TC-C05	FAIL
/Users/sameralzubaidi/Desktop/kids_marketplace_app/test-automation/trade-flow-v2/reports/2026-06-02T10-47-07-787Z/report.md	2026-06-02	automated	TC-C06	FAIL
/Users/sameralzubaidi/Desktop/kids_marketplace_app/test-automation/trade-flow-v2/reports/2026-06-02T10-47-07-787Z/report.md	2026-06-02	automated	TC-R07	FAIL
/Users/sameralzubaidi/Desktop/kids_marketplace_app/test-automation/trade-flow-v2/reports/2026-06-02T10-47-07-787Z/report.md	2026-06-02	automated	REG-R08	FAIL
/Users/sameralzubaidi/Desktop/kids_marketplace_app/test-automation/trade-flow-v2/reports/2026-06-02T10-47-07-787Z/report.md	2026-06-02	automated	TC-C07	FAIL
/Users/sameralzubaidi/Desktop/kids_marketplace_app/test-automation/trade-flow-v2/reports/2026-06-02T10-47-07-787Z/report.md	2026-06-02	automated	TC-C08	FAIL
/Users/sameralzubaidi/Desktop/kids_marketplace_app/test-automation/trade-flow-v2/reports/2026-06-02T10-47-07-787Z/report.md	2026-06-02	automated	TC-A01	FAIL
/Users/sameralzubaidi/Desktop/kids_marketplace_app/test-automation/trade-flow-v2/reports/2026-06-02T10-47-07-787Z/report.md	2026-06-02	automated	TC-A02	FAIL
/Users/sameralzubaidi/Desktop/kids_marketplace_app/test-automation/trade-flow-v2/reports/2026-06-02T10-47-07-787Z/report.md	2026-06-02	automated	TC-A03	FAIL
/Users/sameralzubaidi/Desktop/kids_marketplace_app/test-automation/trade-flow-v2/reports/2026-06-02T10-47-07-787Z/report.md	2026-06-02	automated	TC-E01	FAIL
/Users/sameralzubaidi/Desktop/kids_marketplace_app/test-automation/trade-flow-v2/reports/2026-06-02T10-47-07-787Z/report.md	2026-06-02	automated	TC-E02	FAIL
/Users/sameralzubaidi/Desktop/kids_marketplace_app/test-automation/trade-flow-v2/reports/2026-06-02T10-47-07-787Z/report.md	2026-06-02	automated	TC-E03	FAIL
/Users/sameralzubaidi/Desktop/kids_marketplace_app/test-automation/trade-flow-v2/reports/2026-06-02T10-47-07-787Z/report.md	2026-06-02	automated	TC-E04	FAIL
/Users/sameralzubaidi/Desktop/kids_marketplace_app/test-automation/trade-flow-v2/reports/2026-06-02T10-47-07-787Z/report.md	2026-06-02	automated	TC-H01	FAIL
/Users/sameralzubaidi/Desktop/kids_marketplace_app/test-automation/trade-flow-v2/reports/2026-06-02T10-47-07-787Z/report.md	2026-06-02	automated	TC-H02	FAIL
/Users/sameralzubaidi/Desktop/kids_marketplace_app/test-automation/trade-flow-v2/reports/2026-06-02T10-47-07-787Z/report.md	2026-06-02	automated	TC-H03	FAIL
/Users/sameralzubaidi/Desktop/kids_marketplace_app/test-automation/trade-flow-v2/reports/2026-06-02T10-47-07-787Z/report.md	2026-06-02	automated	TC-H04	FAIL
/Users/sameralzubaidi/Desktop/kids_marketplace_app/test-automation/trade-flow-v2/reports/2026-06-02T10-47-07-787Z/report.md	2026-06-02	automated	TC-Q01	FAIL
/Users/sameralzubaidi/Desktop/kids_marketplace_app/test-automation/trade-flow-v2/reports/2026-06-02T10-47-07-787Z/report.md	2026-06-02	automated	TC-Q02	FAIL
/Users/sameralzubaidi/Desktop/kids_marketplace_app/test-automation/trade-flow-v2/reports/2026-06-02T10-47-07-787Z/report.md	2026-06-02	automated	TC-Q03	FAIL
/Users/sameralzubaidi/Desktop/kids_marketplace_app/test-automation/trade-flow-v2/reports/2026-06-02T10-47-07-787Z/report.md	2026-06-02	automated	TC-Q04	FAIL
/Users/sameralzubaidi/Desktop/kids_marketplace_app/test-automation/trade-flow-v2/reports/2026-06-02T10-47-07-787Z/report.md	2026-06-02	automated	TC-Q05	FAIL
/Users/sameralzubaidi/Desktop/kids_marketplace_app/test-automation/trade-flow-v2/reports/2026-06-02T10-47-07-787Z/report.md	2026-06-02	automated	TC-Q06	FAIL
/Users/sameralzubaidi/Desktop/kids_marketplace_app/test-automation/trade-flow-v2/reports/2026-06-02T10-47-07-787Z/report.md	2026-06-02	automated	TC-Q07	FAIL
/Users/sameralzubaidi/Desktop/kids_marketplace_app/test-automation/trade-flow-v2/reports/2026-06-02T10-47-07-787Z/report.md	2026-06-02	automated	TC-Q08	FAIL
/Users/sameralzubaidi/Desktop/kids_marketplace_app/test-automation/trade-flow-v2/reports/2026-06-02T10-47-07-787Z/report.md	2026-06-02	automated	TC-Q09	FAIL
/Users/sameralzubaidi/Desktop/kids_marketplace_app/test-automation/trade-flow-v2/reports/2026-06-02T10-47-07-787Z/report.md	2026-06-02	automated	TC-Q10	FAIL
/Users/sameralzubaidi/Desktop/kids_marketplace_app/test-automation/trade-flow-v2/reports/2026-06-02T10-47-07-787Z/report.md	2026-06-02	automated	TC-Q12	FAIL
/Users/sameralzubaidi/Desktop/kids_marketplace_app/test-automation/trade-flow-v2/reports/2026-06-02T10-47-07-787Z/report.md	2026-06-02	automated	TC-Q15	FAIL
/Users/sameralzubaidi/Desktop/kids_marketplace_app/test-automation/trade-flow-v2/reports/2026-06-02T10-47-07-787Z/report.md	2026-06-02	automated	TC-Q17	FAIL
/Users/sameralzubaidi/Desktop/kids_marketplace_app/test-automation/trade-flow-v2/reports/2026-06-02T10-47-07-787Z/report.md	2026-06-02	automated	TC-F01	FAIL
/Users/sameralzubaidi/Desktop/kids_marketplace_app/test-automation/trade-flow-v2/reports/2026-06-02T10-47-07-787Z/report.md	2026-06-02	automated	TC-F02	FAIL
/Users/sameralzubaidi/Desktop/kids_marketplace_app/test-automation/trade-flow-v2/reports/2026-06-02T10-47-07-787Z/report.md	2026-06-02	automated	TC-F03	FAIL
/Users/sameralzubaidi/Desktop/kids_marketplace_app/test-automation/trade-flow-v2/reports/2026-06-02T10-47-07-787Z/report.md	2026-06-02	automated	TC-R08	FAIL
/Users/sameralzubaidi/Desktop/kids_marketplace_app/test-automation/trade-flow-v2/reports/2026-06-02T10-47-07-787Z/report.md	2026-06-02	automated	TC-G04	FAIL
/Users/sameralzubaidi/Desktop/kids_marketplace_app/test-automation/trade-flow-v2/reports/2026-06-02T10-47-07-787Z/report.md	2026-06-02	automated	TC-I01	FAIL
/Users/sameralzubaidi/Desktop/kids_marketplace_app/test-automation/trade-flow-v2/reports/2026-06-02T10-47-07-787Z/report.md	2026-06-02	automated	TC-I02	FAIL
/Users/sameralzubaidi/Desktop/kids_marketplace_app/test-automation/trade-flow-v2/reports/2026-06-02T10-47-07-787Z/report.md	2026-06-02	automated	TC-I03	FAIL
/Users/sameralzubaidi/Desktop/kids_marketplace_app/test-automation/trade-flow-v2/reports/2026-06-02T10-47-07-787Z/report.md	2026-06-02	automated	TC-I04	FAIL
/Users/sameralzubaidi/Desktop/kids_marketplace_app/test-automation/trade-flow-v2/reports/2026-06-02T10-47-07-787Z/report.md	2026-06-02	automated	TC-I05	FAIL
/Users/sameralzubaidi/Desktop/kids_marketplace_app/test-automation/trade-flow-v2/reports/2026-06-02T10-47-07-787Z/report.md	2026-06-02	automated	TC-M01	FAIL
/Users/sameralzubaidi/Desktop/kids_marketplace_app/test-automation/trade-flow-v2/reports/2026-06-02T10-47-07-787Z/report.md	2026-06-02	automated	TC-M02	FAIL
/Users/sameralzubaidi/Desktop/kids_marketplace_app/test-automation/trade-flow-v2/reports/2026-06-02T10-47-07-787Z/report.md	2026-06-02	automated	TC-M03	FAIL
/Users/sameralzubaidi/Desktop/kids_marketplace_app/test-automation/trade-flow-v2/reports/2026-06-02T10-47-07-787Z/report.md	2026-06-02	automated	TC-M04	FAIL
/Users/sameralzubaidi/Desktop/kids_marketplace_app/test-automation/trade-flow-v2/reports/2026-06-02T10-47-07-787Z/report.md	2026-06-02	automated	TC-M05	FAIL
/Users/sameralzubaidi/Desktop/kids_marketplace_app/test-automation/trade-flow-v2/reports/2026-06-02T10-47-07-787Z/report.md	2026-06-02	automated	TC-M06	FAIL
/Users/sameralzubaidi/Desktop/kids_marketplace_app/test-automation/trade-flow-v2/reports/2026-06-02T10-47-07-787Z/report.md	2026-06-02	automated	TC-M07	FAIL
/Users/sameralzubaidi/Desktop/kids_marketplace_app/test-automation/trade-flow-v2/reports/2026-06-02T10-47-07-787Z/report.md	2026-06-02	automated	TC-M08	FAIL
/Users/sameralzubaidi/Desktop/kids_marketplace_app/test-automation/trade-flow-v2/reports/2026-06-02T10-47-07-787Z/report.md	2026-06-02	automated	TC-M09	FAIL
/Users/sameralzubaidi/Desktop/kids_marketplace_app/test-automation/trade-flow-v2/reports/2026-06-02T10-47-07-787Z/report.md	2026-06-02	automated	TC-M10	FAIL
/Users/sameralzubaidi/Desktop/kids_marketplace_app/test-automation/trade-flow-v2/reports/2026-06-02T10-47-07-787Z/report.md	2026-06-02	automated	TC-M11	FAIL
/Users/sameralzubaidi/Desktop/kids_marketplace_app/test-automation/trade-flow-v2/reports/2026-06-02T10-47-07-787Z/report.md	2026-06-02	automated	TC-M12	FAIL
/Users/sameralzubaidi/Desktop/kids_marketplace_app/test-automation/trade-flow-v2/reports/2026-06-02T10-47-07-787Z/report.md	2026-06-02	automated	TC-M14	FAIL
/Users/sameralzubaidi/Desktop/kids_marketplace_app/test-automation/trade-flow-v2/reports/2026-06-02T10-47-07-787Z/report.md	2026-06-02	automated	TC-M15	FAIL
/Users/sameralzubaidi/Desktop/kids_marketplace_app/test-automation/trade-flow-v2/reports/2026-06-02T10-47-07-787Z/report.md	2026-06-02	automated	TC-O01	FAIL
/Users/sameralzubaidi/Desktop/kids_marketplace_app/test-automation/trade-flow-v2/reports/2026-06-02T10-47-07-787Z/report.md	2026-06-02	automated	TC-O02	FAIL
/Users/sameralzubaidi/Desktop/kids_marketplace_app/test-automation/trade-flow-v2/reports/2026-06-02T10-47-07-787Z/report.md	2026-06-02	automated	TC-O03	FAIL
/Users/sameralzubaidi/Desktop/kids_marketplace_app/test-automation/trade-flow-v2/reports/2026-06-02T10-47-07-787Z/report.md	2026-06-02	automated	TC-O04	FAIL
/Users/sameralzubaidi/Desktop/kids_marketplace_app/test-automation/trade-flow-v2/reports/2026-06-02T10-47-07-787Z/report.md	2026-06-02	automated	TC-O05	FAIL
/Users/sameralzubaidi/Desktop/kids_marketplace_app/test-automation/trade-flow-v2/reports/2026-06-02T10-47-07-787Z/report.md	2026-06-02	automated	TC-O06	FAIL
/Users/sameralzubaidi/Desktop/kids_marketplace_app/test-automation/trade-flow-v2/reports/2026-06-02T10-47-07-787Z/report.md	2026-06-02	automated	TC-O07	FAIL
/Users/sameralzubaidi/Desktop/kids_marketplace_app/test-automation/trade-flow-v2/reports/2026-06-02T10-47-07-787Z/report.md	2026-06-02	automated	TC-B02	SKIPPED
/Users/sameralzubaidi/Desktop/kids_marketplace_app/test-automation/trade-flow-v2/reports/2026-06-02T10-47-07-787Z/report.md	2026-06-02	automated	TC-B06	SKIPPED
/Users/sameralzubaidi/Desktop/kids_marketplace_app/test-automation/trade-flow-v2/reports/2026-06-02T10-47-07-787Z/report.md	2026-06-02	automated	TC-C03	SKIPPED
/Users/sameralzubaidi/Desktop/kids_marketplace_app/test-automation/trade-flow-v2/reports/2026-06-02T10-47-07-787Z/report.md	2026-06-02	automated	TC-G01	SKIPPED
/Users/sameralzubaidi/Desktop/kids_marketplace_app/test-automation/trade-flow-v2/reports/2026-06-02T10-47-07-787Z/report.md	2026-06-02	automated	TC-G02	SKIPPED
/Users/sameralzubaidi/Desktop/kids_marketplace_app/test-automation/trade-flow-v2/reports/2026-06-02T10-47-07-787Z/report.md	2026-06-02	automated	TC-G03	SKIPPED
/Users/sameralzubaidi/Desktop/kids_marketplace_app/test-automation/trade-flow-v2/reports/2026-06-02T10-47-07-787Z/report.md	2026-06-02	automated	TC-M13	SKIPPED
/Users/sameralzubaidi/Desktop/kids_marketplace_app/test-automation/trade-flow-v2/reports/2026-06-02T10-47-07-787Z/report.md	2026-06-02	automated	TC-Q11	SKIPPED
/Users/sameralzubaidi/Desktop/kids_marketplace_app/test-automation/trade-flow-v2/reports/2026-06-02T10-47-07-787Z/report.md	2026-06-02	automated	TC-Q13	SKIPPED
/Users/sameralzubaidi/Desktop/kids_marketplace_app/test-automation/trade-flow-v2/reports/2026-06-02T10-47-07-787Z/report.md	2026-06-02	automated	TC-Q14	SKIPPED
/Users/sameralzubaidi/Desktop/kids_marketplace_app/test-automation/trade-flow-v2/reports/2026-06-02T10-47-07-787Z/report.md	2026-06-02	automated	TC-Q16	SKIPPED
/Users/sameralzubaidi/Desktop/kids_marketplace_app/test-automation/trade-flow-v2/reports/2026-06-02T10-47-07-787Z/report.md	2026-06-02	automated	TC-R03	SKIPPED
/Users/sameralzubaidi/Desktop/kids_marketplace_app/test-automation/trade-flow-v2/reports/2026-06-02T10-47-07-787Z/report.md	2026-06-02	automated	TC-R04	SKIPPED
/Users/sameralzubaidi/Desktop/kids_marketplace_app/test-automation/trade-flow-v2/reports/2026-06-02T10-47-07-787Z/report.md	2026-06-02	automated	TC-R11	SKIPPED
/Users/sameralzubaidi/Desktop/kids_marketplace_app/test-automation/trade-flow-v2/reports/2026-06-02T10-47-07-787Z/report.md	2026-06-02	automated	TC-R12	SKIPPED
/Users/sameralzubaidi/Desktop/kids_marketplace_app/e2e-test-results/2026-06-05T18-58-08/report.md	2026-06-05	automated	TC-A01	FAIL
/Users/sameralzubaidi/Desktop/kids_marketplace_app/e2e-test-results/2026-06-20T16-47-48/report.md	2026-06-20	automated	REG-R01	FAIL
/Users/sameralzubaidi/Desktop/kids_marketplace_app/e2e-test-results/2026-06-20T16-47-48/report.md	2026-06-20	automated	REG-R03	FAIL
/Users/sameralzubaidi/Desktop/kids_marketplace_app/e2e-test-results/2026-06-20T16-47-48/report.md	2026-06-20	automated	REG-R04	FAIL
/Users/sameralzubaidi/Desktop/kids_marketplace_app/e2e-test-results/2026-06-20T16-47-48/report.md	2026-06-20	automated	TC-J01	FAIL
/Users/sameralzubaidi/Desktop/kids_marketplace_app/e2e-test-results/2026-06-20T16-47-48/report.md	2026-06-20	automated	TC-J02	FAIL
/Users/sameralzubaidi/Desktop/kids_marketplace_app/e2e-test-results/2026-06-20T16-47-48/report.md	2026-06-20	automated	TC-J03	FAIL
/Users/sameralzubaidi/Desktop/kids_marketplace_app/e2e-test-results/2026-06-20T16-47-48/report.md	2026-06-20	automated	TC-J04	FAIL
/Users/sameralzubaidi/Desktop/kids_marketplace_app/e2e-test-results/2026-06-20T16-47-48/report.md	2026-06-20	automated	TC-J05	FAIL
/Users/sameralzubaidi/Desktop/kids_marketplace_app/e2e-test-results/2026-06-20T16-47-48/report.md	2026-06-20	automated	TC-K01	FAIL
/Users/sameralzubaidi/Desktop/kids_marketplace_app/e2e-test-results/2026-06-20T16-47-48/report.md	2026-06-20	automated	TC-K02	FAIL
/Users/sameralzubaidi/Desktop/kids_marketplace_app/e2e-test-results/2026-06-20T16-47-48/report.md	2026-06-20	automated	TC-K03	FAIL
/Users/sameralzubaidi/Desktop/kids_marketplace_app/e2e-test-results/2026-06-20T16-47-48/report.md	2026-06-20	automated	TC-L01	FAIL
/Users/sameralzubaidi/Desktop/kids_marketplace_app/e2e-test-results/2026-06-20T16-47-48/report.md	2026-06-20	automated	TC-L02	FAIL
/Users/sameralzubaidi/Desktop/kids_marketplace_app/e2e-test-results/2026-06-20T16-47-48/report.md	2026-06-20	automated	TC-L03	FAIL
/Users/sameralzubaidi/Desktop/kids_marketplace_app/e2e-test-results/2026-06-20T16-47-48/report.md	2026-06-20	automated	TC-L04	FAIL
/Users/sameralzubaidi/Desktop/kids_marketplace_app/e2e-test-results/2026-06-20T16-47-48/report.md	2026-06-20	automated	TC-L05	FAIL
/Users/sameralzubaidi/Desktop/kids_marketplace_app/e2e-test-results/2026-06-20T16-47-48/report.md	2026-06-20	automated	TC-L06	FAIL
/Users/sameralzubaidi/Desktop/kids_marketplace_app/e2e-test-results/2026-06-20T16-47-48/report.md	2026-06-20	automated	TC-L07	FAIL
/Users/sameralzubaidi/Desktop/kids_marketplace_app/e2e-test-results/2026-06-20T16-47-48/report.md	2026-06-20	automated	TC-L08	FAIL
/Users/sameralzubaidi/Desktop/kids_marketplace_app/e2e-test-results/2026-06-20T16-47-48/report.md	2026-06-20	automated	TC-R05	FAIL
/Users/sameralzubaidi/Desktop/kids_marketplace_app/e2e-test-results/2026-06-20T16-47-48/report.md	2026-06-20	automated	TC-R06	FAIL
/Users/sameralzubaidi/Desktop/kids_marketplace_app/e2e-test-results/2026-06-20T16-47-48/report.md	2026-06-20	automated	REG-R02	FAIL
/Users/sameralzubaidi/Desktop/kids_marketplace_app/e2e-test-results/2026-06-20T16-47-48/report.md	2026-06-20	automated	TC-A04	FAIL
/Users/sameralzubaidi/Desktop/kids_marketplace_app/e2e-test-results/2026-06-20T16-47-48/report.md	2026-06-20	automated	TC-B01	FAIL
/Users/sameralzubaidi/Desktop/kids_marketplace_app/e2e-test-results/2026-06-20T16-47-48/report.md	2026-06-20	automated	TC-B03	FAIL
/Users/sameralzubaidi/Desktop/kids_marketplace_app/e2e-test-results/2026-06-20T16-47-48/report.md	2026-06-20	automated	TC-B04	FAIL
/Users/sameralzubaidi/Desktop/kids_marketplace_app/e2e-test-results/2026-06-20T16-47-48/report.md	2026-06-20	automated	TC-B05	FAIL
/Users/sameralzubaidi/Desktop/kids_marketplace_app/e2e-test-results/2026-06-20T16-47-48/report.md	2026-06-20	automated	TC-R01	FAIL
/Users/sameralzubaidi/Desktop/kids_marketplace_app/e2e-test-results/2026-06-20T16-47-48/report.md	2026-06-20	automated	TC-R02	FAIL
/Users/sameralzubaidi/Desktop/kids_marketplace_app/e2e-test-results/2026-06-20T16-47-48/report.md	2026-06-20	automated	TC-R13	FAIL
/Users/sameralzubaidi/Desktop/kids_marketplace_app/e2e-test-results/2026-06-20T16-47-48/report.md	2026-06-20	automated	REG-R05	FAIL
/Users/sameralzubaidi/Desktop/kids_marketplace_app/e2e-test-results/2026-06-20T16-47-48/report.md	2026-06-20	automated	TC-D01	FAIL
/Users/sameralzubaidi/Desktop/kids_marketplace_app/e2e-test-results/2026-06-20T16-47-48/report.md	2026-06-20	automated	TC-D02	FAIL
/Users/sameralzubaidi/Desktop/kids_marketplace_app/e2e-test-results/2026-06-20T16-47-48/report.md	2026-06-20	automated	TC-D03	FAIL
/Users/sameralzubaidi/Desktop/kids_marketplace_app/e2e-test-results/2026-06-20T16-47-48/report.md	2026-06-20	automated	TC-D04	FAIL
/Users/sameralzubaidi/Desktop/kids_marketplace_app/e2e-test-results/2026-06-20T16-47-48/report.md	2026-06-20	automated	TC-D05	FAIL
/Users/sameralzubaidi/Desktop/kids_marketplace_app/e2e-test-results/2026-06-20T16-47-48/report.md	2026-06-20	automated	REG-R06	FAIL
/Users/sameralzubaidi/Desktop/kids_marketplace_app/e2e-test-results/2026-06-20T16-47-48/report.md	2026-06-20	automated	REG-R07	FAIL
/Users/sameralzubaidi/Desktop/kids_marketplace_app/e2e-test-results/2026-06-20T16-47-48/report.md	2026-06-20	automated	TC-C01	FAIL
/Users/sameralzubaidi/Desktop/kids_marketplace_app/e2e-test-results/2026-06-20T16-47-48/report.md	2026-06-20	automated	TC-C02	FAIL
/Users/sameralzubaidi/Desktop/kids_marketplace_app/e2e-test-results/2026-06-20T16-47-48/report.md	2026-06-20	automated	TC-C04	FAIL
/Users/sameralzubaidi/Desktop/kids_marketplace_app/e2e-test-results/2026-06-20T16-47-48/report.md	2026-06-20	automated	TC-C05	FAIL
/Users/sameralzubaidi/Desktop/kids_marketplace_app/e2e-test-results/2026-06-20T16-47-48/report.md	2026-06-20	automated	TC-C06	FAIL
/Users/sameralzubaidi/Desktop/kids_marketplace_app/e2e-test-results/2026-06-20T16-47-48/report.md	2026-06-20	automated	TC-R07	FAIL
/Users/sameralzubaidi/Desktop/kids_marketplace_app/e2e-test-results/2026-06-20T16-47-48/report.md	2026-06-20	automated	REG-R08	FAIL
/Users/sameralzubaidi/Desktop/kids_marketplace_app/e2e-test-results/2026-06-20T16-47-48/report.md	2026-06-20	automated	TC-C07	FAIL
/Users/sameralzubaidi/Desktop/kids_marketplace_app/e2e-test-results/2026-06-20T16-47-48/report.md	2026-06-20	automated	TC-C08	FAIL
/Users/sameralzubaidi/Desktop/kids_marketplace_app/e2e-test-results/2026-06-20T16-47-48/report.md	2026-06-20	automated	TC-A01	FAIL
/Users/sameralzubaidi/Desktop/kids_marketplace_app/e2e-test-results/2026-06-20T16-47-48/report.md	2026-06-20	automated	TC-A02	FAIL
/Users/sameralzubaidi/Desktop/kids_marketplace_app/e2e-test-results/2026-06-20T16-47-48/report.md	2026-06-20	automated	TC-A03	FAIL
/Users/sameralzubaidi/Desktop/kids_marketplace_app/e2e-test-results/2026-06-20T16-47-48/report.md	2026-06-20	automated	TC-E01	FAIL
/Users/sameralzubaidi/Desktop/kids_marketplace_app/e2e-test-results/2026-06-20T16-47-48/report.md	2026-06-20	automated	TC-E02	FAIL
/Users/sameralzubaidi/Desktop/kids_marketplace_app/e2e-test-results/2026-06-20T16-47-48/report.md	2026-06-20	automated	TC-E03	FAIL
/Users/sameralzubaidi/Desktop/kids_marketplace_app/e2e-test-results/2026-06-20T16-47-48/report.md	2026-06-20	automated	TC-E04	FAIL
/Users/sameralzubaidi/Desktop/kids_marketplace_app/e2e-test-results/2026-06-20T16-47-48/report.md	2026-06-20	automated	TC-H01	FAIL
/Users/sameralzubaidi/Desktop/kids_marketplace_app/e2e-test-results/2026-06-20T16-47-48/report.md	2026-06-20	automated	TC-H02	FAIL
/Users/sameralzubaidi/Desktop/kids_marketplace_app/e2e-test-results/2026-06-20T16-47-48/report.md	2026-06-20	automated	TC-H03	FAIL
/Users/sameralzubaidi/Desktop/kids_marketplace_app/e2e-test-results/2026-06-20T16-47-48/report.md	2026-06-20	automated	TC-H04	FAIL
/Users/sameralzubaidi/Desktop/kids_marketplace_app/e2e-test-results/2026-06-20T16-47-48/report.md	2026-06-20	automated	TC-Q01	FAIL
/Users/sameralzubaidi/Desktop/kids_marketplace_app/e2e-test-results/2026-06-20T16-47-48/report.md	2026-06-20	automated	TC-Q02	FAIL
/Users/sameralzubaidi/Desktop/kids_marketplace_app/e2e-test-results/2026-06-20T16-47-48/report.md	2026-06-20	automated	TC-Q03	FAIL
/Users/sameralzubaidi/Desktop/kids_marketplace_app/e2e-test-results/2026-06-20T16-47-48/report.md	2026-06-20	automated	TC-Q04	FAIL
/Users/sameralzubaidi/Desktop/kids_marketplace_app/e2e-test-results/2026-06-20T16-47-48/report.md	2026-06-20	automated	TC-Q05	FAIL
/Users/sameralzubaidi/Desktop/kids_marketplace_app/e2e-test-results/2026-06-20T16-47-48/report.md	2026-06-20	automated	TC-Q06	FAIL
/Users/sameralzubaidi/Desktop/kids_marketplace_app/e2e-test-results/2026-06-20T16-47-48/report.md	2026-06-20	automated	TC-Q07	FAIL
/Users/sameralzubaidi/Desktop/kids_marketplace_app/e2e-test-results/2026-06-20T16-47-48/report.md	2026-06-20	automated	TC-Q08	FAIL
/Users/sameralzubaidi/Desktop/kids_marketplace_app/e2e-test-results/2026-06-20T16-47-48/report.md	2026-06-20	automated	TC-Q09	FAIL
/Users/sameralzubaidi/Desktop/kids_marketplace_app/e2e-test-results/2026-06-20T16-47-48/report.md	2026-06-20	automated	TC-Q10	FAIL
/Users/sameralzubaidi/Desktop/kids_marketplace_app/e2e-test-results/2026-06-20T16-47-48/report.md	2026-06-20	automated	TC-Q12	FAIL
/Users/sameralzubaidi/Desktop/kids_marketplace_app/e2e-test-results/2026-06-20T16-47-48/report.md	2026-06-20	automated	TC-Q15	FAIL
/Users/sameralzubaidi/Desktop/kids_marketplace_app/e2e-test-results/2026-06-20T16-47-48/report.md	2026-06-20	automated	TC-Q17	FAIL
/Users/sameralzubaidi/Desktop/kids_marketplace_app/e2e-test-results/2026-06-20T16-47-48/report.md	2026-06-20	automated	TC-E05	FAIL
/Users/sameralzubaidi/Desktop/kids_marketplace_app/e2e-test-results/2026-06-20T16-47-48/report.md	2026-06-20	automated	TC-R10	FAIL
/Users/sameralzubaidi/Desktop/kids_marketplace_app/e2e-test-results/2026-06-20T16-47-48/report.md	2026-06-20	automated	TC-E06	FAIL
/Users/sameralzubaidi/Desktop/kids_marketplace_app/e2e-test-results/2026-06-20T16-47-48/report.md	2026-06-20	automated	TC-R09	FAIL
/Users/sameralzubaidi/Desktop/kids_marketplace_app/e2e-test-results/2026-06-20T16-47-48/report.md	2026-06-20	automated	TC-F01	FAIL
/Users/sameralzubaidi/Desktop/kids_marketplace_app/e2e-test-results/2026-06-20T16-47-48/report.md	2026-06-20	automated	TC-F02	FAIL
/Users/sameralzubaidi/Desktop/kids_marketplace_app/e2e-test-results/2026-06-20T16-47-48/report.md	2026-06-20	automated	TC-F03	FAIL
/Users/sameralzubaidi/Desktop/kids_marketplace_app/e2e-test-results/2026-06-20T16-47-48/report.md	2026-06-20	automated	TC-R08	FAIL
/Users/sameralzubaidi/Desktop/kids_marketplace_app/e2e-test-results/2026-06-20T16-47-48/report.md	2026-06-20	automated	TC-G04	FAIL
/Users/sameralzubaidi/Desktop/kids_marketplace_app/e2e-test-results/2026-06-20T16-47-48/report.md	2026-06-20	automated	TC-I01	FAIL
/Users/sameralzubaidi/Desktop/kids_marketplace_app/e2e-test-results/2026-06-20T16-47-48/report.md	2026-06-20	automated	TC-I02	FAIL
/Users/sameralzubaidi/Desktop/kids_marketplace_app/e2e-test-results/2026-06-20T16-47-48/report.md	2026-06-20	automated	TC-I03	FAIL
/Users/sameralzubaidi/Desktop/kids_marketplace_app/e2e-test-results/2026-06-20T16-47-48/report.md	2026-06-20	automated	TC-I04	FAIL
/Users/sameralzubaidi/Desktop/kids_marketplace_app/e2e-test-results/2026-06-20T16-47-48/report.md	2026-06-20	automated	TC-I05	FAIL
/Users/sameralzubaidi/Desktop/kids_marketplace_app/e2e-test-results/2026-06-20T16-47-48/report.md	2026-06-20	automated	TC-M01	FAIL
/Users/sameralzubaidi/Desktop/kids_marketplace_app/e2e-test-results/2026-06-20T16-47-48/report.md	2026-06-20	automated	TC-M02	FAIL
/Users/sameralzubaidi/Desktop/kids_marketplace_app/e2e-test-results/2026-06-20T16-47-48/report.md	2026-06-20	automated	TC-M03	FAIL
/Users/sameralzubaidi/Desktop/kids_marketplace_app/e2e-test-results/2026-06-20T16-47-48/report.md	2026-06-20	automated	TC-M04	FAIL
/Users/sameralzubaidi/Desktop/kids_marketplace_app/e2e-test-results/2026-06-20T16-47-48/report.md	2026-06-20	automated	TC-M05	FAIL
/Users/sameralzubaidi/Desktop/kids_marketplace_app/e2e-test-results/2026-06-20T16-47-48/report.md	2026-06-20	automated	TC-M06	FAIL
/Users/sameralzubaidi/Desktop/kids_marketplace_app/e2e-test-results/2026-06-20T16-47-48/report.md	2026-06-20	automated	TC-M07	FAIL
/Users/sameralzubaidi/Desktop/kids_marketplace_app/e2e-test-results/2026-06-20T16-47-48/report.md	2026-06-20	automated	TC-M08	FAIL
/Users/sameralzubaidi/Desktop/kids_marketplace_app/e2e-test-results/2026-06-20T16-47-48/report.md	2026-06-20	automated	TC-M09	FAIL
/Users/sameralzubaidi/Desktop/kids_marketplace_app/e2e-test-results/2026-06-20T16-47-48/report.md	2026-06-20	automated	TC-M10	FAIL
/Users/sameralzubaidi/Desktop/kids_marketplace_app/e2e-test-results/2026-06-20T16-47-48/report.md	2026-06-20	automated	TC-M11	FAIL
/Users/sameralzubaidi/Desktop/kids_marketplace_app/e2e-test-results/2026-06-20T16-47-48/report.md	2026-06-20	automated	TC-M12	FAIL
/Users/sameralzubaidi/Desktop/kids_marketplace_app/e2e-test-results/2026-06-20T16-47-48/report.md	2026-06-20	automated	TC-M14	FAIL
/Users/sameralzubaidi/Desktop/kids_marketplace_app/e2e-test-results/2026-06-20T16-47-48/report.md	2026-06-20	automated	TC-M15	FAIL
/Users/sameralzubaidi/Desktop/kids_marketplace_app/e2e-test-results/2026-06-20T16-47-48/report.md	2026-06-20	automated	TC-N01	FAIL
/Users/sameralzubaidi/Desktop/kids_marketplace_app/e2e-test-results/2026-06-20T16-47-48/report.md	2026-06-20	automated	TC-N02	FAIL
/Users/sameralzubaidi/Desktop/kids_marketplace_app/e2e-test-results/2026-06-20T16-47-48/report.md	2026-06-20	automated	TC-O01	FAIL
/Users/sameralzubaidi/Desktop/kids_marketplace_app/e2e-test-results/2026-06-20T16-47-48/report.md	2026-06-20	automated	TC-O02	FAIL
/Users/sameralzubaidi/Desktop/kids_marketplace_app/e2e-test-results/2026-06-20T16-47-48/report.md	2026-06-20	automated	TC-O03	FAIL
/Users/sameralzubaidi/Desktop/kids_marketplace_app/e2e-test-results/2026-06-20T16-47-48/report.md	2026-06-20	automated	TC-O04	FAIL
/Users/sameralzubaidi/Desktop/kids_marketplace_app/e2e-test-results/2026-06-20T16-47-48/report.md	2026-06-20	automated	TC-O05	FAIL
/Users/sameralzubaidi/Desktop/kids_marketplace_app/e2e-test-results/2026-06-20T16-47-48/report.md	2026-06-20	automated	TC-O06	FAIL
/Users/sameralzubaidi/Desktop/kids_marketplace_app/e2e-test-results/2026-06-20T16-47-48/report.md	2026-06-20	automated	TC-O07	FAIL
/Users/sameralzubaidi/Desktop/kids_marketplace_app/e2e-test-results/2026-06-20T16-47-48/report.md	2026-06-20	automated	TC-P01	FAIL
/Users/sameralzubaidi/Desktop/kids_marketplace_app/e2e-test-results/2026-06-20T16-47-48/report.md	2026-06-20	automated	TC-P02	FAIL
/Users/sameralzubaidi/Desktop/kids_marketplace_app/e2e-test-results/2026-06-20T16-47-48/report.md	2026-06-20	automated	TC-P03	FAIL
/Users/sameralzubaidi/Desktop/kids_marketplace_app/e2e-test-results/2026-06-20T16-47-48/report.md	2026-06-20	automated	TC-P04	FAIL
/Users/sameralzubaidi/Desktop/kids_marketplace_app/e2e-test-results/2026-06-20T16-47-48/report.md	2026-06-20	automated	TC-P05	FAIL
/Users/sameralzubaidi/Desktop/kids_marketplace_app/e2e-test-results/2026-06-20T16-47-48/report.md	2026-06-20	automated	TC-P06	FAIL
/Users/sameralzubaidi/Desktop/kids_marketplace_app/e2e-test-results/2026-06-20T16-47-48/report.md	2026-06-20	automated	TC-P07	FAIL
/Users/sameralzubaidi/Desktop/kids_marketplace_app/e2e-test-results/2026-06-20T16-47-48/report.md	2026-06-20	automated	TC-P08	FAIL
/Users/sameralzubaidi/Desktop/kids_marketplace_app/e2e-test-results/2026-06-20T16-47-48/report.md	2026-06-20	automated	TC-Q18	FAIL
/Users/sameralzubaidi/Desktop/kids_marketplace_app/e2e-test-results/2026-06-20T16-47-48/report.md	2026-06-20	automated	TC-Q19	FAIL
/Users/sameralzubaidi/Desktop/kids_marketplace_app/e2e-test-results/2026-06-20T16-47-48/report.md	2026-06-20	automated	TC-Q20	FAIL
/Users/sameralzubaidi/Desktop/kids_marketplace_app/e2e-test-results/2026-06-20T16-47-48/report.md	2026-06-20	automated	TC-B02	SKIPPED
/Users/sameralzubaidi/Desktop/kids_marketplace_app/e2e-test-results/2026-06-20T16-47-48/report.md	2026-06-20	automated	TC-B06	SKIPPED
/Users/sameralzubaidi/Desktop/kids_marketplace_app/e2e-test-results/2026-06-20T16-47-48/report.md	2026-06-20	automated	TC-C03	SKIPPED
/Users/sameralzubaidi/Desktop/kids_marketplace_app/e2e-test-results/2026-06-20T16-47-48/report.md	2026-06-20	automated	TC-G01	SKIPPED
/Users/sameralzubaidi/Desktop/kids_marketplace_app/e2e-test-results/2026-06-20T16-47-48/report.md	2026-06-20	automated	TC-G02	SKIPPED
/Users/sameralzubaidi/Desktop/kids_marketplace_app/e2e-test-results/2026-06-20T16-47-48/report.md	2026-06-20	automated	TC-G03	SKIPPED
/Users/sameralzubaidi/Desktop/kids_marketplace_app/e2e-test-results/2026-06-20T16-47-48/report.md	2026-06-20	automated	TC-M13	SKIPPED
/Users/sameralzubaidi/Desktop/kids_marketplace_app/e2e-test-results/2026-06-20T16-47-48/report.md	2026-06-20	automated	TC-Q11	SKIPPED
/Users/sameralzubaidi/Desktop/kids_marketplace_app/e2e-test-results/2026-06-20T16-47-48/report.md	2026-06-20	automated	TC-Q13	SKIPPED
/Users/sameralzubaidi/Desktop/kids_marketplace_app/e2e-test-results/2026-06-20T16-47-48/report.md	2026-06-20	automated	TC-Q14	SKIPPED
/Users/sameralzubaidi/Desktop/kids_marketplace_app/e2e-test-results/2026-06-20T16-47-48/report.md	2026-06-20	automated	TC-Q16	SKIPPED
/Users/sameralzubaidi/Desktop/kids_marketplace_app/e2e-test-results/2026-06-20T16-47-48/report.md	2026-06-20	automated	TC-R03	SKIPPED
/Users/sameralzubaidi/Desktop/kids_marketplace_app/e2e-test-results/2026-06-20T16-47-48/report.md	2026-06-20	automated	TC-R04	SKIPPED
/Users/sameralzubaidi/Desktop/kids_marketplace_app/e2e-test-results/2026-06-20T16-47-48/report.md	2026-06-20	automated	TC-R11	SKIPPED
/Users/sameralzubaidi/Desktop/kids_marketplace_app/e2e-test-results/2026-06-20T16-47-48/report.md	2026-06-20	automated	TC-R12	SKIPPED
/Users/sameralzubaidi/Desktop/kids_marketplace_app/e2e-test-results/2026-06-24T21-08-11/report.md	2026-06-24	automated	REG-R01	FAIL
/Users/sameralzubaidi/Desktop/kids_marketplace_app/e2e-test-results/2026-06-24T21-08-11/report.md	2026-06-24	automated	REG-R03	FAIL
/Users/sameralzubaidi/Desktop/kids_marketplace_app/e2e-test-results/2026-06-24T21-08-11/report.md	2026-06-24	automated	REG-R04	FAIL
/Users/sameralzubaidi/Desktop/kids_marketplace_app/e2e-test-results/2026-06-24T21-08-11/report.md	2026-06-24	automated	TC-J01	FAIL
/Users/sameralzubaidi/Desktop/kids_marketplace_app/e2e-test-results/2026-06-24T21-08-11/report.md	2026-06-24	automated	TC-J02	FAIL
/Users/sameralzubaidi/Desktop/kids_marketplace_app/e2e-test-results/2026-06-24T21-08-11/report.md	2026-06-24	automated	TC-J03	FAIL
/Users/sameralzubaidi/Desktop/kids_marketplace_app/e2e-test-results/2026-06-24T21-08-11/report.md	2026-06-24	automated	TC-J04	FAIL
/Users/sameralzubaidi/Desktop/kids_marketplace_app/e2e-test-results/2026-06-24T21-08-11/report.md	2026-06-24	automated	TC-J05	FAIL
/Users/sameralzubaidi/Desktop/kids_marketplace_app/e2e-test-results/2026-06-24T21-08-11/report.md	2026-06-24	automated	TC-K01	FAIL
/Users/sameralzubaidi/Desktop/kids_marketplace_app/e2e-test-results/2026-06-24T21-08-11/report.md	2026-06-24	automated	TC-K02	FAIL
/Users/sameralzubaidi/Desktop/kids_marketplace_app/e2e-test-results/2026-06-24T21-08-11/report.md	2026-06-24	automated	TC-K03	FAIL
/Users/sameralzubaidi/Desktop/kids_marketplace_app/e2e-test-results/2026-06-24T21-08-11/report.md	2026-06-24	automated	TC-L01	FAIL
/Users/sameralzubaidi/Desktop/kids_marketplace_app/e2e-test-results/2026-06-24T21-08-11/report.md	2026-06-24	automated	TC-L02	FAIL
/Users/sameralzubaidi/Desktop/kids_marketplace_app/e2e-test-results/2026-06-24T21-08-11/report.md	2026-06-24	automated	TC-L03	FAIL
/Users/sameralzubaidi/Desktop/kids_marketplace_app/e2e-test-results/2026-06-24T21-08-11/report.md	2026-06-24	automated	TC-L04	FAIL
/Users/sameralzubaidi/Desktop/kids_marketplace_app/e2e-test-results/2026-06-24T21-08-11/report.md	2026-06-24	automated	TC-L05	FAIL
/Users/sameralzubaidi/Desktop/kids_marketplace_app/e2e-test-results/2026-06-24T21-08-11/report.md	2026-06-24	automated	TC-L06	FAIL
/Users/sameralzubaidi/Desktop/kids_marketplace_app/e2e-test-results/2026-06-24T21-08-11/report.md	2026-06-24	automated	TC-L07	FAIL
/Users/sameralzubaidi/Desktop/kids_marketplace_app/e2e-test-results/2026-06-24T21-08-11/report.md	2026-06-24	automated	TC-L08	FAIL
/Users/sameralzubaidi/Desktop/kids_marketplace_app/e2e-test-results/2026-06-24T21-08-11/report.md	2026-06-24	automated	TC-R05	FAIL
/Users/sameralzubaidi/Desktop/kids_marketplace_app/e2e-test-results/2026-06-24T21-08-11/report.md	2026-06-24	automated	TC-R06	FAIL
/Users/sameralzubaidi/Desktop/kids_marketplace_app/e2e-test-results/2026-06-24T21-08-11/report.md	2026-06-24	automated	REG-R02	FAIL
/Users/sameralzubaidi/Desktop/kids_marketplace_app/e2e-test-results/2026-06-24T21-08-11/report.md	2026-06-24	automated	TC-A04	FAIL
/Users/sameralzubaidi/Desktop/kids_marketplace_app/e2e-test-results/2026-06-24T21-08-11/report.md	2026-06-24	automated	TC-B01	FAIL
/Users/sameralzubaidi/Desktop/kids_marketplace_app/e2e-test-results/2026-06-24T21-08-11/report.md	2026-06-24	automated	TC-B03	FAIL
/Users/sameralzubaidi/Desktop/kids_marketplace_app/e2e-test-results/2026-06-24T21-08-11/report.md	2026-06-24	automated	TC-B04	FAIL
/Users/sameralzubaidi/Desktop/kids_marketplace_app/e2e-test-results/2026-06-24T21-08-11/report.md	2026-06-24	automated	TC-B05	FAIL
/Users/sameralzubaidi/Desktop/kids_marketplace_app/e2e-test-results/2026-06-24T21-08-11/report.md	2026-06-24	automated	TC-R01	FAIL
/Users/sameralzubaidi/Desktop/kids_marketplace_app/e2e-test-results/2026-06-24T21-08-11/report.md	2026-06-24	automated	TC-R02	FAIL
/Users/sameralzubaidi/Desktop/kids_marketplace_app/e2e-test-results/2026-06-24T21-08-11/report.md	2026-06-24	automated	TC-R13	FAIL
/Users/sameralzubaidi/Desktop/kids_marketplace_app/e2e-test-results/2026-06-24T21-08-11/report.md	2026-06-24	automated	REG-R05	FAIL
/Users/sameralzubaidi/Desktop/kids_marketplace_app/e2e-test-results/2026-06-24T21-08-11/report.md	2026-06-24	automated	TC-D01	FAIL
/Users/sameralzubaidi/Desktop/kids_marketplace_app/e2e-test-results/2026-06-24T21-08-11/report.md	2026-06-24	automated	TC-D02	FAIL
/Users/sameralzubaidi/Desktop/kids_marketplace_app/e2e-test-results/2026-06-24T21-08-11/report.md	2026-06-24	automated	TC-D03	FAIL
/Users/sameralzubaidi/Desktop/kids_marketplace_app/e2e-test-results/2026-06-24T21-08-11/report.md	2026-06-24	automated	TC-D04	FAIL
/Users/sameralzubaidi/Desktop/kids_marketplace_app/e2e-test-results/2026-06-24T21-08-11/report.md	2026-06-24	automated	TC-D05	FAIL
/Users/sameralzubaidi/Desktop/kids_marketplace_app/e2e-test-results/2026-06-24T21-08-11/report.md	2026-06-24	automated	REG-R06	FAIL
/Users/sameralzubaidi/Desktop/kids_marketplace_app/e2e-test-results/2026-06-24T21-08-11/report.md	2026-06-24	automated	REG-R07	FAIL
/Users/sameralzubaidi/Desktop/kids_marketplace_app/e2e-test-results/2026-06-24T21-08-11/report.md	2026-06-24	automated	TC-C01	FAIL
/Users/sameralzubaidi/Desktop/kids_marketplace_app/e2e-test-results/2026-06-24T21-08-11/report.md	2026-06-24	automated	TC-C02	FAIL
/Users/sameralzubaidi/Desktop/kids_marketplace_app/e2e-test-results/2026-06-24T21-08-11/report.md	2026-06-24	automated	TC-C04	FAIL
/Users/sameralzubaidi/Desktop/kids_marketplace_app/e2e-test-results/2026-06-24T21-08-11/report.md	2026-06-24	automated	TC-C05	FAIL
/Users/sameralzubaidi/Desktop/kids_marketplace_app/e2e-test-results/2026-06-24T21-08-11/report.md	2026-06-24	automated	TC-C06	FAIL
/Users/sameralzubaidi/Desktop/kids_marketplace_app/e2e-test-results/2026-06-24T21-08-11/report.md	2026-06-24	automated	TC-R07	FAIL
/Users/sameralzubaidi/Desktop/kids_marketplace_app/e2e-test-results/2026-06-24T21-08-11/report.md	2026-06-24	automated	REG-R08	FAIL
/Users/sameralzubaidi/Desktop/kids_marketplace_app/e2e-test-results/2026-06-24T21-08-11/report.md	2026-06-24	automated	TC-C07	FAIL
/Users/sameralzubaidi/Desktop/kids_marketplace_app/e2e-test-results/2026-06-24T21-08-11/report.md	2026-06-24	automated	TC-C08	FAIL
/Users/sameralzubaidi/Desktop/kids_marketplace_app/e2e-test-results/2026-06-24T21-08-11/report.md	2026-06-24	automated	TC-A01	FAIL
/Users/sameralzubaidi/Desktop/kids_marketplace_app/e2e-test-results/2026-06-24T21-08-11/report.md	2026-06-24	automated	TC-A02	FAIL
/Users/sameralzubaidi/Desktop/kids_marketplace_app/e2e-test-results/2026-06-24T21-08-11/report.md	2026-06-24	automated	TC-A03	FAIL
/Users/sameralzubaidi/Desktop/kids_marketplace_app/e2e-test-results/2026-06-24T21-08-11/report.md	2026-06-24	automated	TC-E01	FAIL
/Users/sameralzubaidi/Desktop/kids_marketplace_app/e2e-test-results/2026-06-24T21-08-11/report.md	2026-06-24	automated	TC-E02	FAIL
/Users/sameralzubaidi/Desktop/kids_marketplace_app/e2e-test-results/2026-06-24T21-08-11/report.md	2026-06-24	automated	TC-E03	FAIL
/Users/sameralzubaidi/Desktop/kids_marketplace_app/e2e-test-results/2026-06-24T21-08-11/report.md	2026-06-24	automated	TC-E04	FAIL
/Users/sameralzubaidi/Desktop/kids_marketplace_app/e2e-test-results/2026-06-24T21-08-11/report.md	2026-06-24	automated	TC-H01	FAIL
/Users/sameralzubaidi/Desktop/kids_marketplace_app/e2e-test-results/2026-06-24T21-08-11/report.md	2026-06-24	automated	TC-H02	FAIL
/Users/sameralzubaidi/Desktop/kids_marketplace_app/e2e-test-results/2026-06-24T21-08-11/report.md	2026-06-24	automated	TC-H03	FAIL
/Users/sameralzubaidi/Desktop/kids_marketplace_app/e2e-test-results/2026-06-24T21-08-11/report.md	2026-06-24	automated	TC-H04	FAIL
/Users/sameralzubaidi/Desktop/kids_marketplace_app/e2e-test-results/2026-06-24T21-08-11/report.md	2026-06-24	automated	TC-Q01	FAIL
/Users/sameralzubaidi/Desktop/kids_marketplace_app/e2e-test-results/2026-06-24T21-08-11/report.md	2026-06-24	automated	TC-Q02	FAIL
/Users/sameralzubaidi/Desktop/kids_marketplace_app/e2e-test-results/2026-06-24T21-08-11/report.md	2026-06-24	automated	TC-Q03	FAIL
/Users/sameralzubaidi/Desktop/kids_marketplace_app/e2e-test-results/2026-06-24T21-08-11/report.md	2026-06-24	automated	TC-Q04	FAIL
/Users/sameralzubaidi/Desktop/kids_marketplace_app/e2e-test-results/2026-06-24T21-08-11/report.md	2026-06-24	automated	TC-Q05	FAIL
/Users/sameralzubaidi/Desktop/kids_marketplace_app/e2e-test-results/2026-06-24T21-08-11/report.md	2026-06-24	automated	TC-Q06	FAIL
/Users/sameralzubaidi/Desktop/kids_marketplace_app/e2e-test-results/2026-06-24T21-08-11/report.md	2026-06-24	automated	TC-Q07	FAIL
/Users/sameralzubaidi/Desktop/kids_marketplace_app/e2e-test-results/2026-06-24T21-08-11/report.md	2026-06-24	automated	TC-Q08	FAIL
/Users/sameralzubaidi/Desktop/kids_marketplace_app/e2e-test-results/2026-06-24T21-08-11/report.md	2026-06-24	automated	TC-Q09	FAIL
/Users/sameralzubaidi/Desktop/kids_marketplace_app/e2e-test-results/2026-06-24T21-08-11/report.md	2026-06-24	automated	TC-Q10	FAIL
/Users/sameralzubaidi/Desktop/kids_marketplace_app/e2e-test-results/2026-06-24T21-08-11/report.md	2026-06-24	automated	TC-Q12	FAIL
/Users/sameralzubaidi/Desktop/kids_marketplace_app/e2e-test-results/2026-06-24T21-08-11/report.md	2026-06-24	automated	TC-Q15	FAIL
/Users/sameralzubaidi/Desktop/kids_marketplace_app/e2e-test-results/2026-06-24T21-08-11/report.md	2026-06-24	automated	TC-Q17	FAIL
/Users/sameralzubaidi/Desktop/kids_marketplace_app/e2e-test-results/2026-06-24T21-08-11/report.md	2026-06-24	automated	TC-E05	FAIL
/Users/sameralzubaidi/Desktop/kids_marketplace_app/e2e-test-results/2026-06-24T21-08-11/report.md	2026-06-24	automated	TC-R10	FAIL
/Users/sameralzubaidi/Desktop/kids_marketplace_app/e2e-test-results/2026-06-24T21-08-11/report.md	2026-06-24	automated	TC-E06	FAIL
/Users/sameralzubaidi/Desktop/kids_marketplace_app/e2e-test-results/2026-06-24T21-08-11/report.md	2026-06-24	automated	TC-R09	FAIL
/Users/sameralzubaidi/Desktop/kids_marketplace_app/e2e-test-results/2026-06-24T21-08-11/report.md	2026-06-24	automated	TC-F01	FAIL
/Users/sameralzubaidi/Desktop/kids_marketplace_app/e2e-test-results/2026-06-24T21-08-11/report.md	2026-06-24	automated	TC-F02	FAIL
/Users/sameralzubaidi/Desktop/kids_marketplace_app/e2e-test-results/2026-06-24T21-08-11/report.md	2026-06-24	automated	TC-F03	FAIL
/Users/sameralzubaidi/Desktop/kids_marketplace_app/e2e-test-results/2026-06-24T21-08-11/report.md	2026-06-24	automated	TC-R08	FAIL
/Users/sameralzubaidi/Desktop/kids_marketplace_app/e2e-test-results/2026-06-24T21-08-11/report.md	2026-06-24	automated	TC-G04	FAIL
/Users/sameralzubaidi/Desktop/kids_marketplace_app/e2e-test-results/2026-06-24T21-08-11/report.md	2026-06-24	automated	TC-I01	FAIL
/Users/sameralzubaidi/Desktop/kids_marketplace_app/e2e-test-results/2026-06-24T21-08-11/report.md	2026-06-24	automated	TC-I02	FAIL
/Users/sameralzubaidi/Desktop/kids_marketplace_app/e2e-test-results/2026-06-24T21-08-11/report.md	2026-06-24	automated	TC-I03	FAIL
/Users/sameralzubaidi/Desktop/kids_marketplace_app/e2e-test-results/2026-06-24T21-08-11/report.md	2026-06-24	automated	TC-I04	FAIL
/Users/sameralzubaidi/Desktop/kids_marketplace_app/e2e-test-results/2026-06-24T21-08-11/report.md	2026-06-24	automated	TC-I05	FAIL
/Users/sameralzubaidi/Desktop/kids_marketplace_app/e2e-test-results/2026-06-24T21-08-11/report.md	2026-06-24	automated	TC-M01	FAIL
/Users/sameralzubaidi/Desktop/kids_marketplace_app/e2e-test-results/2026-06-24T21-08-11/report.md	2026-06-24	automated	TC-M02	FAIL
/Users/sameralzubaidi/Desktop/kids_marketplace_app/e2e-test-results/2026-06-24T21-08-11/report.md	2026-06-24	automated	TC-M03	FAIL
/Users/sameralzubaidi/Desktop/kids_marketplace_app/e2e-test-results/2026-06-24T21-08-11/report.md	2026-06-24	automated	TC-M04	FAIL
/Users/sameralzubaidi/Desktop/kids_marketplace_app/e2e-test-results/2026-06-24T21-08-11/report.md	2026-06-24	automated	TC-M05	FAIL
/Users/sameralzubaidi/Desktop/kids_marketplace_app/e2e-test-results/2026-06-24T21-08-11/report.md	2026-06-24	automated	TC-M06	FAIL
/Users/sameralzubaidi/Desktop/kids_marketplace_app/e2e-test-results/2026-06-24T21-08-11/report.md	2026-06-24	automated	TC-M07	FAIL
/Users/sameralzubaidi/Desktop/kids_marketplace_app/e2e-test-results/2026-06-24T21-08-11/report.md	2026-06-24	automated	TC-M08	FAIL
/Users/sameralzubaidi/Desktop/kids_marketplace_app/e2e-test-results/2026-06-24T21-08-11/report.md	2026-06-24	automated	TC-M09	FAIL
/Users/sameralzubaidi/Desktop/kids_marketplace_app/e2e-test-results/2026-06-24T21-08-11/report.md	2026-06-24	automated	TC-M10	FAIL
/Users/sameralzubaidi/Desktop/kids_marketplace_app/e2e-test-results/2026-06-24T21-08-11/report.md	2026-06-24	automated	TC-M11	FAIL
/Users/sameralzubaidi/Desktop/kids_marketplace_app/e2e-test-results/2026-06-24T21-08-11/report.md	2026-06-24	automated	TC-M12	FAIL
/Users/sameralzubaidi/Desktop/kids_marketplace_app/e2e-test-results/2026-06-24T21-08-11/report.md	2026-06-24	automated	TC-M14	FAIL
/Users/sameralzubaidi/Desktop/kids_marketplace_app/e2e-test-results/2026-06-24T21-08-11/report.md	2026-06-24	automated	TC-M15	FAIL
/Users/sameralzubaidi/Desktop/kids_marketplace_app/e2e-test-results/2026-06-24T21-08-11/report.md	2026-06-24	automated	TC-N01	FAIL
/Users/sameralzubaidi/Desktop/kids_marketplace_app/e2e-test-results/2026-06-24T21-08-11/report.md	2026-06-24	automated	TC-N02	FAIL
/Users/sameralzubaidi/Desktop/kids_marketplace_app/e2e-test-results/2026-06-24T21-08-11/report.md	2026-06-24	automated	TC-O01	FAIL
/Users/sameralzubaidi/Desktop/kids_marketplace_app/e2e-test-results/2026-06-24T21-08-11/report.md	2026-06-24	automated	TC-O02	FAIL
/Users/sameralzubaidi/Desktop/kids_marketplace_app/e2e-test-results/2026-06-24T21-08-11/report.md	2026-06-24	automated	TC-O03	FAIL
/Users/sameralzubaidi/Desktop/kids_marketplace_app/e2e-test-results/2026-06-24T21-08-11/report.md	2026-06-24	automated	TC-O04	FAIL
/Users/sameralzubaidi/Desktop/kids_marketplace_app/e2e-test-results/2026-06-24T21-08-11/report.md	2026-06-24	automated	TC-O05	FAIL
/Users/sameralzubaidi/Desktop/kids_marketplace_app/e2e-test-results/2026-06-24T21-08-11/report.md	2026-06-24	automated	TC-O06	FAIL
/Users/sameralzubaidi/Desktop/kids_marketplace_app/e2e-test-results/2026-06-24T21-08-11/report.md	2026-06-24	automated	TC-O07	FAIL
/Users/sameralzubaidi/Desktop/kids_marketplace_app/e2e-test-results/2026-06-24T21-08-11/report.md	2026-06-24	automated	TC-P01	FAIL
/Users/sameralzubaidi/Desktop/kids_marketplace_app/e2e-test-results/2026-06-24T21-08-11/report.md	2026-06-24	automated	TC-P02	FAIL
/Users/sameralzubaidi/Desktop/kids_marketplace_app/e2e-test-results/2026-06-24T21-08-11/report.md	2026-06-24	automated	TC-P03	FAIL
/Users/sameralzubaidi/Desktop/kids_marketplace_app/e2e-test-results/2026-06-24T21-08-11/report.md	2026-06-24	automated	TC-P04	FAIL
/Users/sameralzubaidi/Desktop/kids_marketplace_app/e2e-test-results/2026-06-24T21-08-11/report.md	2026-06-24	automated	TC-P05	FAIL
/Users/sameralzubaidi/Desktop/kids_marketplace_app/e2e-test-results/2026-06-24T21-08-11/report.md	2026-06-24	automated	TC-P06	FAIL
/Users/sameralzubaidi/Desktop/kids_marketplace_app/e2e-test-results/2026-06-24T21-08-11/report.md	2026-06-24	automated	TC-P07	FAIL
/Users/sameralzubaidi/Desktop/kids_marketplace_app/e2e-test-results/2026-06-24T21-08-11/report.md	2026-06-24	automated	TC-P08	FAIL
/Users/sameralzubaidi/Desktop/kids_marketplace_app/e2e-test-results/2026-06-24T21-08-11/report.md	2026-06-24	automated	TC-Q18	FAIL
/Users/sameralzubaidi/Desktop/kids_marketplace_app/e2e-test-results/2026-06-24T21-08-11/report.md	2026-06-24	automated	TC-Q19	FAIL
/Users/sameralzubaidi/Desktop/kids_marketplace_app/e2e-test-results/2026-06-24T21-08-11/report.md	2026-06-24	automated	TC-Q20	FAIL
/Users/sameralzubaidi/Desktop/kids_marketplace_app/e2e-test-results/2026-06-24T21-08-11/report.md	2026-06-24	automated	TC-B02	SKIPPED
/Users/sameralzubaidi/Desktop/kids_marketplace_app/e2e-test-results/2026-06-24T21-08-11/report.md	2026-06-24	automated	TC-B06	SKIPPED
/Users/sameralzubaidi/Desktop/kids_marketplace_app/e2e-test-results/2026-06-24T21-08-11/report.md	2026-06-24	automated	TC-C03	SKIPPED
/Users/sameralzubaidi/Desktop/kids_marketplace_app/e2e-test-results/2026-06-24T21-08-11/report.md	2026-06-24	automated	TC-G01	SKIPPED
/Users/sameralzubaidi/Desktop/kids_marketplace_app/e2e-test-results/2026-06-24T21-08-11/report.md	2026-06-24	automated	TC-G02	SKIPPED
/Users/sameralzubaidi/Desktop/kids_marketplace_app/e2e-test-results/2026-06-24T21-08-11/report.md	2026-06-24	automated	TC-G03	SKIPPED
/Users/sameralzubaidi/Desktop/kids_marketplace_app/e2e-test-results/2026-06-24T21-08-11/report.md	2026-06-24	automated	TC-M13	SKIPPED
/Users/sameralzubaidi/Desktop/kids_marketplace_app/e2e-test-results/2026-06-24T21-08-11/report.md	2026-06-24	automated	TC-Q11	SKIPPED
/Users/sameralzubaidi/Desktop/kids_marketplace_app/e2e-test-results/2026-06-24T21-08-11/report.md	2026-06-24	automated	TC-Q13	SKIPPED
/Users/sameralzubaidi/Desktop/kids_marketplace_app/e2e-test-results/2026-06-24T21-08-11/report.md	2026-06-24	automated	TC-Q14	SKIPPED
/Users/sameralzubaidi/Desktop/kids_marketplace_app/e2e-test-results/2026-06-24T21-08-11/report.md	2026-06-24	automated	TC-Q16	SKIPPED
/Users/sameralzubaidi/Desktop/kids_marketplace_app/e2e-test-results/2026-06-24T21-08-11/report.md	2026-06-24	automated	TC-R03	SKIPPED
/Users/sameralzubaidi/Desktop/kids_marketplace_app/e2e-test-results/2026-06-24T21-08-11/report.md	2026-06-24	automated	TC-R04	SKIPPED
/Users/sameralzubaidi/Desktop/kids_marketplace_app/e2e-test-results/2026-06-24T21-08-11/report.md	2026-06-24	automated	TC-R11	SKIPPED
/Users/sameralzubaidi/Desktop/kids_marketplace_app/e2e-test-results/2026-06-24T21-08-11/report.md	2026-06-24	automated	TC-R12	SKIPPED
/Users/sameralzubaidi/Desktop/kids_marketplace_app/e2e-test-results/phase19-auth-group-c-closeout-2026-08-16/report.md	2026-08-16	manual	AUTH-TC-P0	FAIL
/Users/sameralzubaidi/Desktop/kids_marketplace_app/e2e-test-results/phase23-auth-group-f-h-i-e05-2026-08-17/report.md	2026-08-17	manual	AUTH-TC-R7	BLOCKED
/Users/sameralzubaidi/Desktop/kids_marketplace_app/e2e-test-results/phase23-wrapup-f06-reverify-f07-h03-2026-08-18/report.md	2026-08-18	manual	AUTH-TC-F07	PASS
/Users/sameralzubaidi/Desktop/kids_marketplace_app/e2e-test-results/phase27-groupk-ax-reverify-2026-08-20/report.md	2026-08-20	manual	AUTH-TC-P1	PASS
/Users/sameralzubaidi/Desktop/kids_marketplace_app/e2e-test-results/phase27-groupk-ax-reverify-2026-08-20/report.md	2026-08-20	manual	AUTH-TC-P3	PASS
