guide	tc_id	group	description	sub_steps	latest_verdict	latest_date	source_path	still_open	has_pass	finding_note	first_pass_date
ACC	ACC-TC-A01	A — Settings Hub	Settings screen sections + rows render	1	PASS	2026-08-24	e2e-test-results/account-file-groups-efg-c03-2026-08-24/report.md		YES		2026-08-24
ACC	ACC-TC-A02	A — Settings Hub	Sign Out confirmation	1	PASS	2026-08-24	e2e-test-results/account-file-groups-abcd-2026-08-24/report.md		YES		2026-08-24
ACC	ACC-TC-A03	A — Settings Hub	Test Push Notification (rate limit / quiet hours / queued)	1	PASS	2026-08-25	e2e-test-results/account-file-groups-a-g-full-closure-2026-08-25/report.md		YES		2026-08-25
ACC	ACC-TC-A04	A — Settings Hub	Settings → legal & help links navigate	1	PASS	2026-08-24	e2e-test-results/account-file-groups-abcd-2026-08-24/report.md		YES		2026-08-24
ACC	ACC-TC-A05	A — Settings Hub	"""Manage Payment Methods"" row navigates"	1	PASS	2026-08-24	e2e-test-results/account-file-groups-efg-c03-2026-08-24/report.md		YES		2026-08-24
ACC	ACC-TC-B01	B — Edit Profile	Edit profile fields load + save (optimistic)	1	PASS	2026-08-24	e2e-test-results/account-file-groups-efg-c03-2026-08-24/report.md		YES		2026-08-24
ACC	ACC-TC-B02	B — Edit Profile	Email change requires re-verification	1	PASS	2026-08-26	e2e-test-results/account-file-j-legal-email-stall-2026-08-26/report.md		YES		2026-08-26
ACC	ACC-TC-B03	B — Edit Profile	Phone change → OTP verification modal	1	BLOCKED	2026-08-26	e2e-test-results/account-file-full-closure-b02-b03-h05-h06-h07-s03-l01-l04-2026-08-26/report.md	YES	YES	re-opened (env/fixture) — PASS on record 2026-08-24 — Real SMS leg impossible: Twilio error 21606 (From `+19853154226` not message-capable for `+15519985017`); client silently dev-bypassed, no SMS delivered.	2026-08-24
ACC	ACC-TC-B04	B — Edit Profile	Avatar upload	1	PASS	2026-08-24	e2e-test-results/account-file-groups-abcd-2026-08-24/report.md		YES		2026-08-24
ACC	ACC-TC-B05	B — Edit Profile	Profile screen stats, badges, reviews, status badge	1	PASS	2026-08-24	e2e-test-results/account-file-groups-abcd-2026-08-24/report.md		YES		2026-08-24
ACC	ACC-TC-B06	B — Edit Profile	Form validation (phone 10-digit, email format)	1	PASS	2026-08-24	e2e-test-results/account-file-groups-abcd-2026-08-24/report.md		YES		2026-08-24
ACC	ACC-TC-B07	B — Edit Profile	"""No Changes"" alert"	1	PASS	2026-08-24	e2e-test-results/account-file-groups-abcd-2026-08-24/report.md		YES		2026-08-24
ACC	ACC-TC-B08	B — Edit Profile	Waitlist prompt (unreachable from Edit Profile — flag)	1	PASS	2026-08-25	e2e-test-results/account-file-b-h-ikl-2026-08-25/report.md		YES		2026-08-24
ACC	ACC-TC-B09	B — Edit Profile	"""Already verified"" phone path"	1	PASS	2026-08-25	e2e-test-results/account-file-b-h-ikl-2026-08-25/report.md		YES		2026-08-25
ACC	ACC-TC-B10	B — Edit Profile	"Locked-field ""cannot be changed"" alerts"	1	PASS	2026-08-26	e2e-test-results/account-file-full-closure-b02-b03-h05-h06-h07-s03-l01-l04-2026-08-26/report.md		YES		2026-08-24
ACC	ACC-TC-C01	C — Linked Accounts	Linked accounts list (email readonly, password, social)	1	PASS	2026-08-24	e2e-test-results/account-file-groups-efg-c03-2026-08-24/report.md		YES		2026-08-24
ACC	ACC-TC-C02	C — Linked Accounts	Link a social provider (password re-auth gate)	1	PASS	2026-08-24	e2e-test-results/account-file-groups-abcd-2026-08-24/report.md		YES		2026-08-24
ACC	ACC-TC-C03	C — Linked Accounts	Unlink provider (confirmation + last-method guard)	1	PASS	2026-08-25	e2e-test-results/account-file-groups-a-g-full-closure-2026-08-25/report.md		YES		2026-08-25
ACC	ACC-TC-C04	C — Linked Accounts	Email mismatch on link blocked	1	PASS	2026-08-25	e2e-test-results/account-file-groups-a-g-full-closure-2026-08-25/report.md		YES		2026-08-24
ACC	ACC-TC-D01	D — Notification Preferences	Five categories × three channel toggles	1	PASS	2026-08-24	e2e-test-results/account-file-groups-efg-c03-2026-08-24/report.md		YES		2026-08-24
ACC	ACC-TC-D02	D — Notification Preferences	Optimistic toggle reverts on failure	1	PASS	2026-08-25	e2e-test-results/account-file-groups-a-g-full-closure-2026-08-25/report.md		YES		2026-08-25
ACC	ACC-TC-D03	D — Notification Preferences	Quiet hours toggle + time validation	1	PASS	2026-08-24	e2e-test-results/account-file-groups-abcd-2026-08-24/report.md		YES		2026-08-24
ACC	ACC-TC-D04	D — Notification Preferences	Empty state → Initialize Settings	1	PASS	2026-08-24	e2e-test-results/account-file-groups-efg-c03-2026-08-24/report.md		YES		2026-08-24
ACC	ACC-TC-E01	E — Delete Account (COPPA)	Delete account consequences + password gate	1	PASS	2026-08-24	e2e-test-results/account-file-groups-efg-c03-2026-08-24/report.md		YES		2026-08-24
ACC	ACC-TC-E02	E — Delete Account (COPPA)	Wrong password blocked	1	PASS	2026-08-24	e2e-test-results/account-file-groups-efg-c03-2026-08-24/report.md		YES		2026-08-24
ACC	ACC-TC-E03	E — Delete Account (COPPA)	Two-step confirmation → deletion + logout	1	PASS	2026-08-24	e2e-test-results/account-file-groups-efg-c03-2026-08-24/report.md		YES		2026-08-24
ACC	ACC-TC-F01	F — Suspended / Unsubscribe / Offline	Suspended account screen (Contact Support + Log Out, no email)	1	PASS	2026-08-25	e2e-test-results/account-file-groups-a-g-full-closure-2026-08-25/report.md		YES		2026-08-25
ACC	ACC-TC-F02	F — Suspended / Unsubscribe / Offline	Unsubscribe via deep-link token (success/error)	1	BLOCKED	2026-08-25	e2e-test-results/account-file-groups-a-g-full-closure-2026-08-25/report.md	YES	YES	re-opened (env/fixture) — PASS on record 2026-08-25 — **NEW backend defect (root-caused):** `unsubscribe_tokens` empty because `generate_unsubscribe_token` RPC fails — `SET search_path TO 'public','pg_temp'` + `gen_random_bytes(32)` cannot resolve `gen_r	2026-08-25
ACC	ACC-TC-F03	F — Suspended / Unsubscribe / Offline	Offline screen + Try Again	1	PASS	2026-08-25	e2e-test-results/account-file-groups-a-g-full-closure-2026-08-25/report.md		YES		2026-08-25
ACC	ACC-TC-F04	F — Suspended / Unsubscribe / Offline	Suspended account — Log Out tap	1	PASS	2026-08-25	e2e-test-results/account-file-groups-a-g-full-closure-2026-08-25/report.md		YES		2026-08-25
ACC	ACC-TC-G01	G — Home Dashboard	Greeting + subscription badge + SP balance	1	PASS	2026-08-25	e2e-test-results/account-file-groups-a-g-full-closure-2026-08-25/report.md		YES		2026-08-25
ACC	ACC-TC-G02	G — Home Dashboard	Dashboard banners (independent top banners + Action Items list)	1	BLOCKED	2026-08-24	e2e-test-results/account-file-groups-efg-c03-2026-08-24/report.md	YES		BLOCKED, never passed (fixture/config/environment) — Draft leg PASS; grace/payment-fail/trial not inducible; guide ordering ≠ source	
ACC	ACC-TC-G03	G — Home Dashboard	Quick action tiles route correctly	1	PASS	2026-08-24	e2e-test-results/account-file-groups-efg-c03-2026-08-24/report.md		YES		2026-08-24
ACC	ACC-TC-G04	G — Home Dashboard	ID verification CTA banner (none / rejected only)	1	PASS	2026-08-24	e2e-test-results/account-file-groups-efg-c03-2026-08-24/report.md		YES		2026-08-24
ACC	ACC-TC-G05	G — Home Dashboard	Recommendations + recent trade card	1	PASS	2026-08-24	e2e-test-results/account-file-groups-efg-c03-2026-08-24/report.md		YES		2026-08-24
ACC	ACC-TC-G06	G — Home Dashboard	Pull-to-refresh reloads dashboard	1	PASS	2026-08-24	e2e-test-results/account-file-groups-efg-c03-2026-08-24/report.md		YES		2026-08-24
ACC	ACC-TC-G07	G — Home Dashboard	"""Show more actions"" toggle"	1	PASS	2026-08-25	e2e-test-results/account-file-groups-a-g-full-closure-2026-08-25/report.md		YES		2026-08-25
ACC	ACC-TC-G08	G — Home Dashboard	"Free-user ""Unlock Swap Points"" strip"	1	PASS	2026-08-24	e2e-test-results/account-file-groups-efg-c03-2026-08-24/report.md		YES		2026-08-24
ACC	ACC-TC-G09	G — Home Dashboard	"""No session found"" state"	1	BLOCKED	2026-08-24	e2e-test-results/account-file-groups-efg-c03-2026-08-24/report.md	YES		BLOCKED, never passed (fixture/config/environment) — No-session fallback not reachable (auth guard)	
ACC	ACC-TC-G10	G — Home Dashboard	Empty-trade state	1	PASS	2026-08-24	e2e-test-results/account-file-groups-efg-c03-2026-08-24/report.md		YES		2026-08-24
ACC	ACC-TC-G11	G — Home Dashboard	"""View Timeline"" nav"	1	PASS	2026-08-24	e2e-test-results/account-file-groups-efg-c03-2026-08-24/report.md		YES		2026-08-24
ACC	ACC-TC-G12	G — Home Dashboard	"""See All"" → Discover nav"	1	PASS	2026-08-24	e2e-test-results/account-file-groups-efg-c03-2026-08-24/report.md		YES		2026-08-24
ACC	ACC-TC-G13	G — Home Dashboard	Subscription-card Upgrade button	1	PASS	2026-08-24	e2e-test-results/account-file-groups-efg-c03-2026-08-24/report.md		YES		2026-08-24
ACC	ACC-TC-H01	H — Help & Support Menu	Help & Support menu (3 cards) routes (entered from Profile)	1	PASS	2026-08-25	e2e-test-results/account-file-b-h-ikl-2026-08-25/report.md		YES		2026-08-25
ACC	ACC-TC-H02	H — Help & Support Menu	FAQ list — search + category filter	1	PASS	2026-08-25	e2e-test-results/account-file-b-h-ikl-2026-08-25/report.md		YES		2026-08-25
ACC	ACC-TC-H03	H — Help & Support Menu	FAQ fallback when offline	1	BLOCKED	2026-08-25	e2e-test-results/account-file-b-h-ikl-2026-08-25/report.md	YES		BLOCKED, never passed (fixture/config/environment) — Offline gate (F03) intercepts authenticated drops → FAQ fallback not drivable; no fetch-failure toggle (source-verified fallback)	
ACC	ACC-TC-H04	H — Help & Support Menu	FAQ detail — helpful vote (Yes/No)	1	PASS	2026-08-25	e2e-test-results/account-file-b-h-ikl-2026-08-25/report.md		YES		2026-08-25
ACC	ACC-TC-H05	H — Help & Support Menu	Contact Support form (unified flow — logged-in AND logged-out)	1	PASS	2026-08-26	e2e-test-results/account-file-full-closure-b02-b03-h05-h06-h07-s03-l01-l04-2026-08-26/report.md		YES		2026-08-25
ACC	ACC-TC-H06	H — Help & Support Menu	No raw support-email surfaces (cross-screen sweep)	1	PASS	2026-08-26	e2e-test-results/account-file-full-closure-b02-b03-h05-h06-h07-s03-l01-l04-2026-08-26/report.md		YES		2026-08-26
ACC	ACC-TC-H07	H — Help & Support Menu	Contact Support reachable logged-out (Login + Signup entry)	1	PASS	2026-08-26	e2e-test-results/account-file-full-closure-b02-b03-h05-h06-h07-s03-l01-l04-2026-08-26/report.md		YES		2026-08-26
ACC	ACC-TC-I01	I — Education & SP Calculator	Education Help screen sections (accordion + deep link)	1	PASS	2026-08-25	e2e-test-results/account-file-b-h-ikl-2026-08-25/report.md		YES		2026-08-25
ACC	ACC-TC-I02	I — Education & SP Calculator	SP Calculator (free mode) sell/buy outputs	1	PASS	2026-08-25	e2e-test-results/account-file-b-h-ikl-2026-08-25/report.md		YES		2026-08-25
ACC	ACC-TC-I03	I — Education & SP Calculator	SP Calculator bonus category badge	1	PASS	2026-08-25	e2e-test-results/account-file-b-h-ikl-2026-08-25/report.md		YES		2026-08-25
ACC	ACC-TC-I04	I — Education & SP Calculator	SP Calculator validation (price range)	1	PASS	2026-08-25	e2e-test-results/account-file-b-h-ikl-2026-08-25/report.md		YES		2026-08-25
ACC	ACC-TC-I05	I — Education & SP Calculator	Education analytics events fire	1	PASS	2026-08-25	e2e-test-results/account-file-b-h-ikl-2026-08-25/report.md		YES		2026-08-25
ACC	ACC-TC-J01	J — Legal Screens	Terms of Service view + last updated	1	PASS	2026-08-26	e2e-test-results/account-file-j-legal-email-stall-2026-08-26/report.md		YES		2026-08-26
ACC	ACC-TC-J02	J — Legal Screens	TOS acceptance flow (requireAcceptance)	1	FAIL	2026-08-26	e2e-test-results/account-file-j-legal-email-stall-2026-08-26/report.md	YES		FAIL, unresolved — Acceptance-mode (`requireAcceptance=true`) is **unreachable** — no app path passes it; the I Accept / Decline flow is dead code (unit-test-only).	
ACC	ACC-TC-J03	J — Legal Screens	Privacy Policy view + acceptance	1	PASS	2026-08-26	e2e-test-results/account-file-j-legal-email-stall-2026-08-26/report.md		YES		2026-08-26
ACC	ACC-TC-J04	J — Legal Screens	Liability Disclaimer view (read-only + retry)	1	PASS	2026-08-26	e2e-test-results/account-file-j-legal-email-stall-2026-08-26/report.md		YES		2026-08-26
ACC	ACC-TC-J05	J — Legal Screens	Policy versioning — re-acceptance on new version	1	FAIL	2026-08-26	e2e-test-results/account-file-j-legal-email-stall-2026-08-26/report.md	YES		FAIL, unresolved — No re-prompt on new policy version (source+DB proven); draft-invisibility PASS; admin publish leg out of scope (Playwright).	
ACC	ACC-TC-J06	J — Legal Screens	Signup implies TOS + Privacy agreement (no mandatory dialog)	1	PASS	2026-08-26	e2e-test-results/account-file-j-legal-email-stall-2026-08-26/report.md		YES		2026-08-26
ACC	ACC-TC-J07	J — Legal Screens	Legal screen unavailable state (no published policy)	1	BLOCKED	2026-08-26	e2e-test-results/account-file-j-legal-email-stall-2026-08-26/report.md	YES		"BLOCKED, never passed (fixture/config/environment) — Cannot induce ""no published policy"" without admin unpublish; all 3 types published. Source error-path documented."	
ACC	ACC-TC-J08	J — Legal Screens	Legal screen load failure — inline error (Retry only on Liability)	1	BLOCKED	2026-08-26	e2e-test-results/account-file-j-legal-email-stall-2026-08-26/report.md	YES		BLOCKED, never passed (fixture/config/environment) — Cannot induce fetch failure — no QA toggle for policy load failure. Source error+Retry path documented.	
ACC	ACC-TC-J09	J — Legal Screens	Very long policy content renders + scrolls smoothly	1	PASS	2026-08-26	e2e-test-results/account-file-j-legal-email-stall-2026-08-26/report.md		YES		2026-08-26
ACC	ACC-TC-J10	J — Legal Screens	Legal screens render consistently on iOS and Android	1	SKIPPED	2026-08-26	e2e-test-results/account-file-j-legal-email-stall-2026-08-26/report.md				
ACC	ACC-TC-J11	J — Legal Screens	Legal screen loads < 2s and scrolls without lag	1	PASS	2026-08-26	e2e-test-results/account-file-j-legal-email-stall-2026-08-26/report.md		YES		2026-08-26
ACC	ACC-TC-J12	J — Legal Screens	Liability Disclaimer unavailable state	1	BLOCKED	2026-08-26	e2e-test-results/account-file-j-legal-email-stall-2026-08-26/report.md	YES		"BLOCKED, never passed (fixture/config/environment) — Cannot induce ""no published disclaimer"" without admin unpublish; disclaimer published. Source in-screen error+Retry documented."	
ACC	ACC-TC-K01	K — Privacy & Security / MFA 🚫	🚫 NOT IMPLEMENTED — MFA factors list + enrollment (no UI exists)	1	BLOCKED	2026-08-25	e2e-test-results/account-file-b-h-ikl-2026-08-25/report.md	YES		BLOCKED, never passed (fixture/config/environment) — MFA not implemented (no screen/UI); Privacy & Security row = dead TODO onPress (empirically no-op); GoTrue MFA tables exist	
ACC	ACC-TC-K02	K — Privacy & Security / MFA 🚫	🚫 NOT IMPLEMENTED — enroll/verify authenticator factor (no UI)	1	BLOCKED	2026-08-25	e2e-test-results/account-file-b-h-ikl-2026-08-25/report.md	YES		BLOCKED, never passed (fixture/config/environment)	
ACC	ACC-TC-K03	K — Privacy & Security / MFA 🚫	🚫 NOT IMPLEMENTED — MFA challenge on protected action (no UI)	1	BLOCKED	2026-08-25	e2e-test-results/account-file-b-h-ikl-2026-08-25/report.md	YES		BLOCKED, never passed (fixture/config/environment)	
ACC	ACC-TC-K04	K — Privacy & Security / MFA 🚫	🚫 NOT IMPLEMENTED — recovery / remove factor (no UI)	1	BLOCKED	2026-08-25	e2e-test-results/account-file-b-h-ikl-2026-08-25/report.md	YES		BLOCKED, never passed (fixture/config/environment)	
ACC	ACC-TC-L01	L — Error Recovery & Crash Reporting	Render-time error shows fallback instead of red/white screen	1	PASS	2026-08-26	e2e-test-results/account-file-full-closure-b02-b03-h05-h06-h07-s03-l01-l04-2026-08-26/report.md		YES		2026-08-26
ACC	ACC-TC-L02	L — Error Recovery & Crash Reporting	Try Again recovers after transient error	1	BLOCKED	2026-08-25	e2e-test-results/account-file-b-h-ikl-2026-08-25/report.md	YES		BLOCKED, never passed (fixture/config/environment)	
ACC	ACC-TC-L03	L — Error Recovery & Crash Reporting	Persistent error stays contained to fallback	1	BLOCKED	2026-08-25	e2e-test-results/account-file-b-h-ikl-2026-08-25/report.md	YES		BLOCKED, never passed (fixture/config/environment)	
ACC	ACC-TC-L04	L — Error Recovery & Crash Reporting	Error reporting is safe with and without telemetry	1	BLOCKED	2026-08-25	e2e-test-results/account-file-b-h-ikl-2026-08-25/report.md	YES		BLOCKED, never passed (fixture/config/environment)	
ADM	ADM-TC-A01	A — Auth & Dashboard	Admin login with admin role	1							
ADM	ADM-TC-A02	A — Auth & Dashboard	Non-admin login rejected (RBAC gate)	1							
ADM	ADM-TC-A03	A — Auth & Dashboard	Dashboard layout: intro → health strip → Action Center → KPIs (no duplicate nav)	1							
ADM	ADM-TC-A04	A — Auth & Dashboard	Direct protected route access without session redirects to login	1							
ADM	ADM-TC-A05	A — Auth & Dashboard	Expired session redirects once without a loop	1							
ADM	ADM-TC-A06	A — Auth & Dashboard	Dashboard KPI cards follow design-system styling	1							
ADM	ADM-TC-B01	B — User Management	User list, search, status filters, pagination	1							
ADM	ADM-TC-B02	B — User Management	User detail drawer (identity, subscription, SP, trades)	1							
ADM	ADM-TC-B03	B — User Management	Suspend / ban / delete account	1							
ADM	ADM-TC-B04	B — User Management	Credit/debit SP + freeze wallet from user	1							
ADM	ADM-TC-B05	B — User Management	User analytics cards (totals, DAU/MAU)	1							
ADM	ADM-TC-B06	B — User Management	Reset Password action	1							
ADM	ADM-TC-B07	B — User Management	Unsuspend action	1							
ADM	ADM-TC-B08	B — User Management	Sort By / Sort Order	1							
ADM	ADM-TC-C01	C — Listings, Items & Flagged	Listing management — search & analytics tabs	1							
ADM	ADM-TC-C02	C — Listings, Items & Flagged	Flagged items — filter tabs + statuses	1							
ADM	ADM-TC-C03	C — Listings, Items & Flagged	Approve flagged item	1							
ADM	ADM-TC-C04	C — Listings, Items & Flagged	Reject item with required reason	1							
ADM	ADM-TC-C05	C — Listings, Items & Flagged	Item detail view + appeal info	1							
ADM	ADM-TC-C06	C — Listings, Items & Flagged	Force Delete	1							
ADM	ADM-TC-C07	C — Listings, Items & Flagged	Pause	1							
ADM	ADM-TC-C08	C — Listings, Items & Flagged	Approve	1							
ADM	ADM-TC-C09	C — Listings, Items & Flagged	Request Edits	1							
ADM	ADM-TC-C10	C — Listings, Items & Flagged	Reject	1							
ADM	ADM-TC-C11	C — Listings, Items & Flagged	Select-all / selection counter (no bulk execute — flag)	1							
ADM	ADM-TC-C12	C — Listings, Items & Flagged	Individual filter controls	1							
ADM	ADM-TC-D01	D — Categories	Category list, filters (incl. Bonus), search	1							
ADM	ADM-TC-D02	D — Categories	Create / edit category + SP multiplier	1							
ADM	ADM-TC-D03	D — Categories	Activate / deactivate category	1							
ADM	ADM-TC-D04	D — Categories	Category suggestions queue + count badge	1							
ADM	ADM-TC-D05	D — Categories	Icon / badge upload	1							
ADM	ADM-TC-D06	D — Categories	SP spending cap %	1							
ADM	ADM-TC-D07	D — Categories	SP redemption cap	1							
ADM	ADM-TC-D08	D — Categories	Drag-and-drop reorder	1							
ADM	ADM-TC-D09	D — Categories	Bulk actions (Activate / Deactivate / Delete / Export CSV)	1							
ADM	ADM-TC-D10	D — Categories	Delete category + guards	1							
ADM	ADM-TC-D11	D — Categories	Suggestion Approve / Merge / Reject	1							
ADM	ADM-TC-E01	E — Nodes & Waitlist	Geographic nodes list + stats	1							
ADM	ADM-TC-E02	E — Nodes & Waitlist	Add / edit node	1							
ADM	ADM-TC-E03	E — Nodes & Waitlist	Deactivate node with members warning	1							
ADM	ADM-TC-E04	E — Nodes & Waitlist	Node settings (radius validations)	1							
ADM	ADM-TC-E05	E — Nodes & Waitlist	ZIP waitlist queue + status filter	1							
ADM	ADM-TC-E06	E — Nodes & Waitlist	Node tagging completeness (N6) — every record resolves to one node	1							
ADM	ADM-TC-E07	E — Nodes & Waitlist	Per-node KPIs (N6) — expansion-gate metrics per node	1							
ADM	ADM-TC-E08	E — Nodes & Waitlist	Waitlist API authorization (401 without admin session)	1							
ADM	ADM-TC-F01	F — Global Config & Settings	Global configuration inline edit + permission gate	1							
ADM	ADM-TC-F02	F — Global Config & Settings	Cart settings (min value, max carts, expiry)	1							
ADM	ADM-TC-F03	F — Global Config & Settings	Trade timing config (timing keys + nested validation) — incl. consolidated fees	1							
ADM	ADM-TC-F04	F — Global Config & Settings	Settings single-source — cross-link + last-updated + audit	1							
ADM	ADM-TC-F05	F — Global Config & Settings	N1 configurability — pickup countdown + payout buffer (live)	1							
ADM	ADM-TC-F06	F — Global Config & Settings	R2 — 7-day guardrail (hard block) + pickup reminders (live)	1							
ADM	ADM-TC-F07	F — Global Config & Settings	Trade Pipeline visualization — see & track trades in all stages	1							
ADM	ADM-TC-F08	F — Global Config & Settings	R1 tiered buyer-fee fields (live)	1							
ADM	ADM-TC-F09	F — Global Config & Settings	Buyer Fee-Tier Distribution table (moved → /analytics)	1							
ADM	ADM-TC-F10	F — Global Config & Settings	Legacy fee keys (audit-only, read-only — live)	1							
ADM	ADM-TC-F11	F — Global Config & Settings	Reset button	1							
ADM	ADM-TC-G01	G — Policy Management	Policy tabs (TOS/Privacy/Liability) + versions	1							
ADM	ADM-TC-G02	G — Policy Management	Create new policy version (version regex)	1							
ADM	ADM-TC-G03	G — Policy Management	Edit draft policy	1							
ADM	ADM-TC-G04	G — Policy Management	Publish policy (confirmation)	1							
ADM	ADM-TC-H01	H — Trades	Trade list filters + columns	1							
ADM	ADM-TC-H02	H — Trades	Trade detail (info, monetary breakdown, audit)	1							
ADM	ADM-TC-H03	H — Trades	Trade admin actions	1							
ADM	ADM-TC-H04	H — Trades	Subscription Context section	1							
ADM	ADM-TC-H05	H — Trades	External References (Stripe PI/refund + SP ledger IDs)	1							
ADM	ADM-TC-H06	H — Trades	Sales Tax line in monetary breakdown	1							
ADM	ADM-TC-I01	I — Disputes	Dispute queue + SLA highlighting	1							
ADM	ADM-TC-I02	I — Disputes	Mark dispute under review	1							
ADM	ADM-TC-I03	I — Disputes	Resolve dispute — Complete	1							
ADM	ADM-TC-I04	I — Disputes	Resolve dispute — Refund	1							
ADM	ADM-TC-I05	I — Disputes	Filter-tab click behavior (All/Reported/Under Review)	1							
ADM	ADM-TC-J01	J — Tax Admin	Tax admin entry points (no bare /tax — use sub-pages)	1							
ADM	ADM-TC-K01	K — Payouts	Payout fee configuration + test breakdown	1							
ADM	ADM-TC-K02	K — Payouts	Payouts management list, stats, filters	1							
ADM	ADM-TC-K03	K — Payouts	Retry failed payout (confirmation)	1							
ADM	ADM-TC-L01	L — SP Economy / Analytics / Wallet	SP Economy hub tabs (Health/Flow/Rules)	1							
ADM	ADM-TC-L02	L — SP Economy / Analytics / Wallet	SP Analytics dashboard + CSV export	1							
ADM	ADM-TC-L03	L — SP Economy / Analytics / Wallet	SP Wallet admin — economy metrics + search	1							
ADM	ADM-TC-L04	L — SP Economy / Analytics / Wallet	SP adjustment (credit/deduct) with reason	1							
ADM	ADM-TC-L05	L — SP Economy / Analytics / Wallet	Freeze / unfreeze / suspend wallet	1							
ADM	ADM-TC-L06	L — SP Economy / Analytics / Wallet	SP Economy summary metrics — dashboard + /sp-wallet entry (no home card)	1							
ADM	ADM-TC-L07	L — SP Economy / Analytics / Wallet	SP Wallet state RPC — get_user_sp_wallet_summary returns wallet_state	1							
ADM	ADM-TC-L08	L — SP Economy / Analytics / Wallet	SP Wallet warning banners (mobile) — frozen/suspended/grace	1							
ADM	ADM-TC-M01	M — Subscriptions Admin	Grace period config (days + reminders)	1							
ADM	ADM-TC-M02	M — Subscriptions Admin	Subscriptions list, filters, metrics	1							
ADM	ADM-TC-M03	M — Subscriptions Admin	Extend / cancel / reactivate	1							
ADM	ADM-TC-M04	M — Subscriptions Admin	Reactivate button (confirm + mobile reflection)	1							
ADM	ADM-TC-M05	M — Subscriptions Admin	Metrics cards (MRR/churn/trial)	1							
ADM	ADM-TC-M06	M — Subscriptions Admin	"""free"" status filter"	1							
ADM	ADM-TC-N01	N — Referrals Admin	Referral configuration tab	1							
ADM	ADM-TC-N02	N — Referrals Admin	Referral analytics tab	1							
ADM	ADM-TC-N03	N — Referrals Admin	5 SP fields + 3 toggles	1							
ADM	ADM-TC-N04	N — Referrals Admin	"""Missing configuration"" warning"	1							
ADM	ADM-TC-N2	Z — Dashboard Health Strip	Financial audit journal viewable per trade	1							
ADM	ADM-TC-O01	O — ID Badge Verification	ID badge queue + stats + status filter	1							
ADM	ADM-TC-O02	O — ID Badge Verification	Review request — approve	1							
ADM	ADM-TC-O03	O — ID Badge Verification	Review request — reject with reason	1							
ADM	ADM-TC-O04	O — ID Badge Verification	Request details (screenshot deleted note)	1							
ADM	ADM-TC-O05	O — ID Badge Verification	Message templates edit	1							
ADM	ADM-TC-P01	P — Badges & Sandbox	Badge management list + toggle	1							
ADM	ADM-TC-P02	P — Badges & Sandbox	Create/edit/delete badge	1							
ADM	ADM-TC-P03	P — Badges & Sandbox	Manual award badge	1							
ADM	ADM-TC-P04	P — Badges & Sandbox	Badge sandbox event simulation	1							
ADM	ADM-TC-Q01	Q — Review Moderation	Reported reviews list + reason filter	1							
ADM	ADM-TC-Q02	Q — Review Moderation	Hide review (confirmation — copy corrected)	1							
ADM	ADM-TC-Q03	Q — Review Moderation	Approve review (unhide + delete reports — copy corrected)	1							
ADM	ADM-TC-Q04	Q — Review Moderation	Status filter dropdown	1							
ADM	ADM-TC-Q05	Q — Review Moderation	Sort-by dropdown	1							
ADM	ADM-TC-Q06	Q — Review Moderation	Search input	1							
ADM	ADM-TC-R01	R — Education & FAQ CMS	Education sections/examples/analytics	1							
ADM	ADM-TC-R02	R — Education & FAQ CMS	FAQ management (questions/categories/analytics)	1							
ADM	ADM-TC-R03	R — Education & FAQ CMS	Publish FAQ / education content	1							
ADM	ADM-TC-S01	S — Support Messages	Support inbox + unread filter (incl. Guest tickets)	1							
ADM	ADM-TC-S02	S — Support Messages	Support detail + mark as read	1							
ADM	ADM-TC-S03	S — Support Messages	Support reply (stored + emailed to user)	1	SKIPPED	2026-08-26	e2e-test-results/account-file-full-closure-b02-b03-h05-h06-h07-s03-l01-l04-2026-08-26/report.md				
ADM	ADM-TC-T01	T — Analytics	Revenue & Analytics dashboard	1							
ADM	ADM-TC-T02	T — Analytics	Notification analytics (category/type/variant)	1							
ADM	ADM-TC-U01	U — Audit Logs	Audit logs view	1							
ADM	ADM-TC-V01	V — Monitoring & Cron	Monitoring run + alerts (acknowledge/note)	1							
ADM	ADM-TC-V02	V — Monitoring & Cron	Cron jobs status + run history + timezone	1							
ADM	ADM-TC-W01	W — Sidebar Navigation	Sidebar grouped into 7 labeled sections	1							
ADM	ADM-TC-W02	W — Sidebar Navigation	Expand / collapse a section via label + chevron	1							
ADM	ADM-TC-W03	W — Sidebar Navigation	Section state persists per admin across sessions	1							
ADM	ADM-TC-W04	W — Sidebar Navigation	Active route auto-expands its parent section	1							
ADM	ADM-TC-W05	W — Sidebar Navigation	Active/inactive item styling + label typography	1							
ADM	ADM-TC-W06	W — Sidebar Navigation	Collapsed icon rail shows all destinations	1							
ADM	ADM-TC-W07	W — Sidebar Navigation	All previous nav destinations still reachable	1							
ADM	ADM-TC-X01	X — Action Center	Action Center page loads aggregated cards	1							
ADM	ADM-TC-X02	X — Action Center	Same-type items bundled with count	1							
ADM	ADM-TC-X03	X — Action Center	Severity tags (Urgent/Routine)	1							
ADM	ADM-TC-X04	X — Action Center	Expand card drills into item list	1							
ADM	ADM-TC-X05	X — Action Center	Inline approve flagged item	1							
ADM	ADM-TC-X06	X — Action Center	Inline mark dispute under review	1							
ADM	ADM-TC-X07	X — Action Center	Inline retry failed payout (confirmation)	1							
ADM	ADM-TC-X08	X — Action Center	"Empty state ""All caught up"""	1							
ADM	ADM-TC-X09	X — Action Center	Sidebar pinned nav item + live count badge	1							
ADM	ADM-TC-X10	X — Action Center	Header bell opens Action Center + badge	1							
ADM	ADM-TC-X11	X — Action Center	Config drift card lists out-of-range settings	1							
ADM	ADM-TC-X12	X — Action Center	Dashboard embeds top-5 Action Center cards + View all link	1							
ADM	ADM-TC-X13	X — Action Center	Cancellation Insights card drill	1							
ADM	ADM-TC-X14	X — Action Center	/cancellation-insights full page	1							
ADM	ADM-TC-Y01	Y — Command Palette & Global Search	⌘K / Ctrl+K opens the palette from any page	1							
ADM	ADM-TC-Y02	Y — Command Palette & Global Search	Header search bar opens the palette	1							
ADM	ADM-TC-Y03	Y — Command Palette & Global Search	Parallel search across 4 entity types with grouped labels	1							
ADM	ADM-TC-Y04	Y — Command Palette & Global Search	Breadcrumb context per result row	1							
ADM	ADM-TC-Y05	Y — Command Palette & Global Search	Input debounced ~200ms	1							
ADM	ADM-TC-Y06	Y — Command Palette & Global Search	"Top 5 per group + ""See all N results"" expansion"	1							
ADM	ADM-TC-Y07	Y — Command Palette & Global Search	"Footer ""View all in <domain>"" → prefilled list page"	1							
ADM	ADM-TC-Y08	Y — Command Palette & Global Search	Selecting a result navigates directly	1							
ADM	ADM-TC-Y09	Y — Command Palette & Global Search	Keyboard navigation (↑/↓/↵/Esc) + focus trap	1							
ADM	ADM-TC-Y10	Y — Command Palette & Global Search	Non-admin rejected (permission scoping)	1							
ADM	ADM-TC-Y11	Y — Command Palette & Global Search	Secret settings values never shown	1							
ADM	ADM-TC-Y12	Y — Command Palette & Global Search	Empty + no-results states	1							
ADM	ADM-TC-Z01	Z — Dashboard Health Strip	Health strip renders below title, above Action Center	1							
ADM	ADM-TC-Z02	Z — Dashboard Health Strip	Six indicators with colored dots + labels + values	1							
ADM	ADM-TC-Z03	Z — Dashboard Health Strip	Dot color reflects configurable thresholds	1							
ADM	ADM-TC-Z04	Z — Dashboard Health Strip	Clicking an indicator navigates to its detail page	1							
ADM	ADM-TC-Z05	Z — Dashboard Health Strip	Failed Payouts deep-link pre-filters to failed	1							
ADM	ADM-TC-Z06	Z — Dashboard Health Strip	Thresholds tunable via /config (health) without code change	1							
ADM	ADM-TC-Z07	Z — Dashboard Health Strip	Dashboard embeds Action Center below the strip	1							
AUTH	AUTH-TC-A01	A — Signup (Email/Password)	Successful signup with valid details	1	PASS	2026-08-23	e2e-test-results/group-a-b-d-auth-2026-08-23/report.md		YES		2026-08-16
AUTH	AUTH-TC-A02	A — Signup (Email/Password)	Field validation errors (name/email/phone/password)	1	PASS	2026-08-23	e2e-test-results/group-a-b-d-auth-2026-08-23/report.md		YES		2026-08-16
AUTH	AUTH-TC-A03	A — Signup (Email/Password)	Password mismatch + weak password	1	PASS	2026-08-23	e2e-test-results/group-a-b-d-auth-2026-08-23/report.md		YES		2026-08-16
AUTH	AUTH-TC-A04	A — Signup (Email/Password)	Under-18 date of birth blocked	1	PASS	2026-08-23	e2e-test-results/group-a-b-d-auth-2026-08-23/report.md		YES		2026-08-16
AUTH	AUTH-TC-A05	A — Signup (Email/Password)	Duplicate email blocked	1	PASS	2026-08-23	e2e-test-results/spotcheck-sweeps-2026-08-23/report.md		YES		2026-08-16
AUTH	AUTH-TC-A06	A — Signup (Email/Password)	Optional referral code (valid / invalid handling)	1	PASS	2026-08-23	e2e-test-results/group-a-b-d-auth-2026-08-23/report.md		YES		2026-08-16
AUTH	AUTH-TC-A07	A — Signup (Email/Password)	Terms of Service & Privacy Policy links	1	PASS	2026-08-23	e2e-test-results/group-a-b-d-auth-2026-08-23/report.md		YES		2026-08-16
AUTH	AUTH-TC-A08	A — Signup (Email/Password)	Landing footer legal links (Terms / Privacy Policy)	1	PASS	2026-08-23	e2e-test-results/group-a-b-d-auth-2026-08-23/report.md		YES		2026-08-16
AUTH	AUTH-TC-B01	B — Login & Session Restore	Successful login routes by onboarding status	1	PASS	2026-08-23	e2e-test-results/group-a-b-d-auth-2026-08-23/report.md		YES		2026-08-16
AUTH	AUTH-TC-B02	B — Login & Session Restore	Invalid credentials error	1	PASS	2026-08-23	e2e-test-results/spotcheck-sweeps-2026-08-23/report.md		YES		2026-08-16
AUTH	AUTH-TC-B03	B — Login & Session Restore	Forgot Password link	1	PASS	2026-08-23	e2e-test-results/group-a-b-d-auth-2026-08-23/report.md		YES		2026-08-16
AUTH	AUTH-TC-B04	B — Login & Session Restore	Session restore after app kill/relaunch	1	PASS	2026-08-23	e2e-test-results/group-a-b-d-auth-2026-08-23/report.md		YES		2026-08-16
AUTH	AUTH-TC-B05	B — Login & Session Restore	App resume refreshes silently (no spinner)	1	PASS	2026-08-23	e2e-test-results/group-a-b-d-auth-2026-08-23/report.md		YES		2026-08-16
AUTH	AUTH-TC-B06	B — Login & Session Restore	Cold launch does not hang on spinner	1	PASS	2026-08-23	e2e-test-results/group-a-b-d-auth-2026-08-23/report.md		YES		2026-08-16
AUTH	AUTH-TC-B07	B — Login & Session Restore	Empty-field + invalid-email inline validation	1	PASS	2026-08-23	e2e-test-results/group-a-b-d-auth-2026-08-23/report.md		YES		2026-08-16
AUTH	AUTH-TC-B08	B — Login & Session Restore	ACCOUNT_DELETED login branch	1	PASS	2026-08-23	e2e-test-results/group-a-b-d-auth-2026-08-23/report.md		YES		2026-08-23
AUTH	AUTH-TC-B09	B — Login & Session Restore	PROFILE_NOT_FOUND login branch	1	PASS	2026-08-23	e2e-test-results/group-a-b-d-auth-2026-08-23/report.md		YES		2026-08-23
AUTH	AUTH-TC-B10	B — Login & Session Restore	Back button returns to previous screen	1	PASS	2026-08-23	e2e-test-results/group-a-b-d-auth-2026-08-23/report.md		YES		2026-08-17
AUTH	AUTH-TC-B11	B — Login & Session Restore	Sign Up footer link	1	PASS	2026-08-23	e2e-test-results/group-a-b-d-auth-2026-08-23/report.md		YES		2026-08-17
AUTH	AUTH-TC-B12	B — Login & Session Restore	Log In footer link (Create Account)	1	PASS	2026-08-23	e2e-test-results/group-a-b-d-auth-2026-08-23/report.md		YES		2026-08-17
AUTH	AUTH-TC-C01	C — Social Login	Sign in / Continue with Google	1	PASS	2026-08-16	e2e-test-results/phase21-auth-group-c01-google-2026-08-16/report.md		YES		2026-08-16
AUTH	AUTH-TC-C02	C — Social Login	Sign in / Continue with Facebook	1	PASS	2026-08-16	e2e-test-results/phase20-auth-group-c-closure-2026-08-16/report.md		YES		2026-08-16
AUTH	AUTH-TC-C03	C — Social Login	Sign in / Continue with Apple (iOS + Android)	1	BLOCKED	2026-08-16	e2e-test-results/phase19-auth-group-c-closeout-2026-08-16/report.md	YES		BLOCKED, never passed (fixture/config/environment) — Apple provider still not enabled on staging (400 `validation_failed` re-confirmed)	
AUTH	AUTH-TC-C04	C — Social Login	Existing-email account-link prompt	1	PASS	2026-08-19	e2e-test-results/qa-final-verify-e05-c04-2026-08-19/report.md		YES		2026-08-19
AUTH	AUTH-TC-C05	C — Social Login	Provider unavailable → email fallback banner	1	BLOCKED	2026-08-24	e2e-test-results/auth-final-cleanup-batch-2026-08-24/report.md	YES		BLOCKED, never passed (fixture/config/environment)	
AUTH	AUTH-TC-C06	C — Social Login	User cancels OAuth — silent return	1	PASS	2026-08-16	e2e-test-results/phase19-auth-group-c-closeout-2026-08-16/report.md		YES		2026-08-16
AUTH	AUTH-TC-C07	C — Social Login	Social-only user sets a password	1	BLOCKED	2026-08-24	e2e-test-results/auth-final-cleanup-batch-2026-08-24/report.md	YES		BLOCKED, never passed (fixture/config/environment)	
AUTH	AUTH-TC-D01	D — Logout	Logout from Profile with confirmation	1	PASS	2026-08-23	e2e-test-results/group-a-b-d-auth-2026-08-23/report.md		YES		2026-08-17
AUTH	AUTH-TC-D02	D — Logout	Sign Out from Settings	1	PASS	2026-08-23	e2e-test-results/group-a-b-d-auth-2026-08-23/report.md		YES		2026-08-23
AUTH	AUTH-TC-D03	D — Logout	After logout, app returns to Landing	1	PASS	2026-08-23	e2e-test-results/group-a-b-d-auth-2026-08-23/report.md		YES		2026-08-17
AUTH	AUTH-TC-E01	E — Phone Verification (Deferred Gate)	OTP screen sends + verifies 6-digit code	1	PASS	2026-08-17	e2e-test-results/phase22-auth-group-b-d-e-2026-08-17/report.md		YES		2026-08-17
AUTH	AUTH-TC-E02	E — Phone Verification (Deferred Gate)	Incomplete / invalid / expired code errors	1	PASS	2026-08-17	e2e-test-results/phase22-auth-group-b-d-e-2026-08-17/report.md		YES		2026-08-17
AUTH	AUTH-TC-E03	E — Phone Verification (Deferred Gate)	Resend cooldown (60s)	1	PASS	2026-08-17	e2e-test-results/phase22-auth-group-b-d-e-2026-08-17/report.md		YES		2026-08-17
AUTH	AUTH-TC-E04	E — Phone Verification (Deferred Gate)	OTP rate limiting message	1	PASS	2026-08-24	e2e-test-results/auth-final-cleanup-batch-2026-08-24/report.md		YES		2026-08-24
AUTH	AUTH-TC-E05	E — Phone Verification (Deferred Gate)	Gate blocks first listing until verified	1	PASS	2026-08-19	e2e-test-results/qa-final-verify-e05-c04-2026-08-19/report.md		YES		2026-08-19
AUTH	AUTH-TC-F01	F — Node/ZIP Gating & Waitlist (End User)	Active ZIP → assigned to node, no waitlist	1	PASS	2026-08-23	e2e-test-results/group-fg-nodes-zip-gating-2026-08-23/report.md		YES		2026-08-17
AUTH	AUTH-TC-F02	F — Node/ZIP Gating & Waitlist (End User)	"Inactive ZIP → ""We're Coming Soon!"" + Join Waitlist"	1	PASS	2026-08-23	e2e-test-results/group-fg-nodes-zip-gating-2026-08-23/report.md		YES		2026-08-17
AUTH	AUTH-TC-F03	F — Node/ZIP Gating & Waitlist (End User)	Waitlist confirmation + fallback node access	1	PASS	2026-08-23	e2e-test-results/group-fg-nodes-zip-gating-2026-08-23/report.md		YES		2026-08-17
AUTH	AUTH-TC-F04	F — Node/ZIP Gating & Waitlist (End User)	Continue Trading without joining waitlist	1	PASS	2026-08-23	e2e-test-results/group-fg-nodes-zip-gating-2026-08-23/report.md		YES		2026-08-17
AUTH	AUTH-TC-F05	F — Node/ZIP Gating & Waitlist (End User)	ZIP auto-lookup shows city/state	1	PASS	2026-08-23	e2e-test-results/group-fg-nodes-zip-gating-2026-08-23/report.md		YES		2026-08-17
AUTH	AUTH-TC-F06	F — Node/ZIP Gating & Waitlist (End User)	Node-scoped content (My Node vs Show All Nodes)	1	PASS	2026-08-23	e2e-test-results/group-fg-nodes-zip-gating-2026-08-23/report.md		YES		2026-08-18
AUTH	AUTH-TC-G01	G — Node Management (Admin)	Admin creates an active node (ZIP auto-lookup)	1	PASS	2026-08-23	e2e-test-results/group-fg-nodes-zip-gating-2026-08-23/report.md		YES		2026-08-23
AUTH	AUTH-TC-G02	G — Node Management (Admin)	Admin creates an inactive node	1	PASS	2026-08-23	e2e-test-results/group-fg-nodes-zip-gating-2026-08-23/report.md		YES		2026-08-23
AUTH	AUTH-TC-G03	G — Node Management (Admin)	Admin edits a node	1	PASS	2026-08-23	e2e-test-results/group-fg-nodes-zip-gating-2026-08-23/report.md		YES		2026-08-23
AUTH	AUTH-TC-G04	G — Node Management (Admin)	Admin deactivates a node with members (warning)	1	PASS	2026-08-23	e2e-test-results/group-fg-nodes-zip-gating-2026-08-23/report.md		YES		2026-08-23
AUTH	AUTH-TC-G05	G — Node Management (Admin)	Admin reactivates a node	1	PASS	2026-08-23	e2e-test-results/group-fg-nodes-zip-gating-2026-08-23/report.md		YES		2026-08-23
AUTH	AUTH-TC-G06	G — Node Management (Admin)	Node stats cards + validation	1	PASS	2026-08-23	e2e-test-results/group-fg-nodes-zip-gating-2026-08-23/report.md		YES		2026-08-23
AUTH	AUTH-TC-H01	H — Profile Setup & Onboarding	Profile Setup: avatar + display name + ZIP	1	PASS	2026-08-24	e2e-test-results/group-j-h-closure-2026-08-24/report.md		YES		2026-08-17
AUTH	AUTH-TC-H02	H — Profile Setup & Onboarding	Profile Setup validation errors	1	PASS	2026-08-23	e2e-test-results/group-h-profile-setup-2026-08-23/report.md		YES		2026-08-17
AUTH	AUTH-TC-H03	H — Profile Setup & Onboarding	Avatar upload failure does not block	1	BLOCKED	2026-08-24	e2e-test-results/auth-final-cleanup-batch-2026-08-24/report.md	YES		BLOCKED, never passed (fixture/config/environment)	
AUTH	AUTH-TC-H04	H — Profile Setup & Onboarding	~~Welcome screen → Get Started~~ (REMOVED — screen deleted; superseded by H06/H07)	1	BLOCKED	2026-08-23	e2e-test-results/group-h-profile-setup-2026-08-23/report.md	YES		BLOCKED, never passed (fixture/config/environment) — Welcome screen is an orphaned/dead route (not in the live flow); **plus a confirmed defect: headline renders literal accessibility-prop junk text**	
AUTH	AUTH-TC-H05	H — Profile Setup & Onboarding	~~Feature Highlights carousel~~ (REMOVED — screen deleted; superseded by H06/H07)	1	BLOCKED	2026-08-23	e2e-test-results/group-h-profile-setup-2026-08-23/report.md	YES		BLOCKED, never passed (fixture/config/environment) — Feature Highlights 4-slide screen is an orphaned/dead route (content correct via deep link, but not reachable by any real user)	
AUTH	AUTH-TC-H06	H — Profile Setup & Onboarding	Onboarding carousel: Next / Skip / Get Started	1	PASS	2026-08-23	e2e-test-results/group-h-profile-setup-2026-08-23/report.md		YES		2026-08-17
AUTH	AUTH-TC-H07	H — Profile Setup & Onboarding	Onboarding completion routes to Home	1	PASS	2026-08-23	e2e-test-results/group-h-profile-setup-2026-08-23/report.md		YES		2026-08-17
AUTH	AUTH-TC-I01	I — Subscription Choice (Onboarding)	~~Start Free Trial enrolls Kids Club+~~ (REMOVED — no in-app trial-choice step; subscription purchase superseded by web-first `JoinKidsClubScreen` path)	1	BLOCKED	2026-08-23	e2e-test-results/group-i-subscription-choice-2026-08-23/report.md	YES		BLOCKED, never passed (fixture/config/environment) — Subscription Choice screen does not exist; no Start Free Trial CTA anywhere in onboarding; `trial_enabled=false` (precondition unmet)	
AUTH	AUTH-TC-I02	I — Subscription Choice (Onboarding)	~~Continue Free stays on free tier~~ (REMOVED — post-Profile-Setup routes to EDU carousel → free-tier Home; no Continue Free step)	1	BLOCKED	2026-08-23	e2e-test-results/group-i-subscription-choice-2026-08-23/report.md	YES		BLOCKED, never passed (fixture/config/environment) — Subscription Choice screen does not exist; no Continue Free CTA anywhere	
AUTH	AUTH-TC-I03	I — Subscription Choice (Onboarding)	~~Trial limit reached hides trial CTA~~ (REMOVED — no in-app trial CTA; trial disabled via `admin_config.trial_enabled=false`)	1	BLOCKED	2026-08-23	e2e-test-results/group-i-subscription-choice-2026-08-23/report.md	YES		BLOCKED, never passed (fixture/config/environment) — Subscription Choice screen does not exist; cannot reach a trial-limit state via UI	
AUTH	AUTH-TC-J01	J — Listing Creation (Single Item)	Photo-first gating (fields hidden until 1 photo)	1	PASS	2026-08-24	e2e-test-results/group-j-listing-creation-single-2026-08-24/report.md		YES		2026-08-24
AUTH	AUTH-TC-J02	J — Listing Creation (Single Item)	AI auto-fill Apply All + per-field Use	1	PASS	2026-08-24	e2e-test-results/group-j-closure-j02-j04-j11-j12-j13-j15-2026-08-24/report.md		YES		2026-08-24
AUTH	AUTH-TC-J03	J — Listing Creation (Single Item)	Required field validation	1	PASS	2026-08-24	e2e-test-results/group-j-listing-creation-single-2026-08-24/report.md		YES		2026-08-24
AUTH	AUTH-TC-J04	J — Listing Creation (Single Item)	Condition / Age Group / Gender / Color options	1	PASS	2026-08-24	e2e-test-results/group-j-closure-j02-j04-j11-j12-j13-j15-2026-08-24/report.md		YES		2026-08-24
AUTH	AUTH-TC-J05	J — Listing Creation (Single Item)	"""Other"" category → custom name required"	1	PASS	2026-08-24	e2e-test-results/group-j-h-closure-2026-08-24/report.md		YES		2026-08-24
AUTH	AUTH-TC-J06	J — Listing Creation (Single Item)	Payment preference — subscriber Accept SP toggle	1	PASS	2026-08-24	e2e-test-results/group-j-listing-creation-single-2026-08-24/report.md		YES		2026-08-24
AUTH	AUTH-TC-J07	J — Listing Creation (Single Item)	Payment preference — free user upgrade prompt	1	PASS	2026-08-24	e2e-test-results/group-j-listing-creation-single-2026-08-24/report.md		YES		2026-08-24
AUTH	AUTH-TC-J08	J — Listing Creation (Single Item)	SP earnings preview (subscriber)	1	PASS	2026-08-24	e2e-test-results/group-j-listing-creation-single-2026-08-24/report.md		YES		2026-08-24
AUTH	AUTH-TC-J09	J — Listing Creation (Single Item)	Submit for Review → pending + success modal	1	PASS	2026-08-24	e2e-test-results/group-j-listing-creation-single-2026-08-24/report.md		YES		2026-08-24
AUTH	AUTH-TC-J10	J — Listing Creation (Single Item)	Phone-verification gate before publish	1	PASS	2026-08-24	e2e-test-results/auth-final-cleanup-batch-2026-08-24/report.md		YES		2026-08-24
AUTH	AUTH-TC-J11	J — Listing Creation (Single Item)	Draft auto-save + resume	1	PASS	2026-08-24	e2e-test-results/group-j-closure-j02-j04-j11-j12-j13-j15-2026-08-24/report.md		YES		2026-08-24
AUTH	AUTH-TC-J12	J — Listing Creation (Single Item)	Listing photos — multiple upload, type and size validation	1	PASS	2026-08-24	e2e-test-results/group-j-closure-j02-j04-j11-j12-j13-j15-2026-08-24/report.md		YES		2026-08-24
AUTH	AUTH-TC-J13	J — Listing Creation (Single Item)	Listing photos — remove, reorder, replace, and persist after resume	1	PASS	2026-08-24	e2e-test-results/group-j-closure-j02-j04-j11-j12-j13-j15-2026-08-24/report.md		YES		2026-08-24
AUTH	AUTH-TC-J14	J — Listing Creation (Single Item)	Bonus category badge appears in picker and preview	1	PASS	2026-08-24	e2e-test-results/group-j-listing-creation-single-2026-08-24/report.md		YES		2026-08-24
AUTH	AUTH-TC-J15	J — Listing Creation (Single Item)	Category-specific SP earn and buyer-cap preview recalculates	1	PASS	2026-08-24	e2e-test-results/group-j-closure-j02-j04-j11-j12-j13-j15-2026-08-24/report.md		YES		2026-08-24
AUTH	AUTH-TC-K01	K — Bulk Listing Creation	Multi-photo upload + auto-grouping	1	PASS	2026-08-19	e2e-test-results/phase25-auth-group-k-bulk-2026-08-19/report.md		YES		2026-08-19
AUTH	AUTH-TC-K02	K — Bulk Listing Creation	Regroup / merge / move photos	1	PASS	2026-08-20	e2e-test-results/phase27-groupk-ax-reverify-2026-08-20/report.md		YES		2026-08-19
AUTH	AUTH-TC-K03	K — Bulk Listing Creation	Step indicator: Photos → Group → Review → Publish	1	PASS	2026-08-19	e2e-test-results/phase25-auth-group-k-bulk-2026-08-19/report.md		YES		2026-08-19
AUTH	AUTH-TC-K04	K — Bulk Listing Creation	Apply to All bar (brand/condition/age/gender)	1	PASS	2026-08-19	e2e-test-results/phase25-auth-group-k-bulk-2026-08-19/report.md		YES		2026-08-19
AUTH	AUTH-TC-K05	K — Bulk Listing Creation	Submit N Items for Review + confirm sheet	1	PASS (partial)	2026-08-19	e2e-test-results/phase25-auth-group-k-bulk-2026-08-19/report.md		YES		2026-08-19
AUTH	AUTH-TC-K06	K — Bulk Listing Creation	Bulk SP summary (subscriber)	1	PASS	2026-08-19	e2e-test-results/phase25-auth-group-k-bulk-2026-08-19/report.md		YES		2026-08-19
AUTH	AUTH-TC-L01	L — Admin Review / Pending	New listing not visible in feed until approved	1	PASS	2026-08-21	e2e-test-results/group-l-reverify-l01-l04-2026-08-21/report.md		YES		2026-08-21
AUTH	AUTH-TC-L02	L — Admin Review / Pending	Admin approves → item becomes visible	1	BLOCKED	2026-08-21	e2e-test-results/group-l-playwright-l01-l04-2026-08-21/report.md	YES		BLOCKED, never passed (fixture/config/environment) — Run gated on admin credentials (UI approval path needs admin login)	
AUTH	AUTH-TC-L03	L — Admin Review / Pending	Seller receives approval notification	1	PASS	2026-08-21	e2e-test-results/group-l-reverify-l01-l04-2026-08-21/report.md		YES		2026-08-21
AUTH	AUTH-TC-L04	L — Admin Review / Pending	Editing an approved listing returns to pending	1	PASS	2026-08-21	e2e-test-results/group-l-reverify-l01-l04-2026-08-21/report.md		YES		2026-08-21
AUTH	AUTH-TC-M01	M — Discovery: Search & Filters	Search bar (debounced) + clear	1	PASS	2026-08-22	e2e-test-results/group-m-discover-2026-08-22/report.md		YES		2026-08-22
AUTH	AUTH-TC-M02	M — Discovery: Search & Filters	Recent searches + autocomplete	1	PASS	2026-08-22	e2e-test-results/group-m-discover-2026-08-22/report.md		YES		2026-08-22
AUTH	AUTH-TC-M03	M — Discovery: Search & Filters	Sort options	1	PASS	2026-08-22	e2e-test-results/group-m-discover-2026-08-22/report.md		YES		2026-08-22
AUTH	AUTH-TC-M04	M — Discovery: Search & Filters	Filters modal: SP toggle, Location/Category/Age, More Filters, live count	1	PASS	2026-08-22	e2e-test-results/group-m-discover-2026-08-22/report.md		YES		2026-08-22
AUTH	AUTH-TC-M05	M — Discovery: Search & Filters	"""Accepts SP"" quick-toggle (header ↔ sheet sync)"	1	PASS	2026-08-22	e2e-test-results/group-m-discover-2026-08-22/report.md		YES		2026-08-22
AUTH	AUTH-TC-M06	M — Discovery: Search & Filters	Empty / no-results states	1	PASS	2026-08-22	e2e-test-results/group-m-discover-2026-08-22/report.md		YES		2026-08-22
AUTH	AUTH-TC-M07	M — Discovery: Search & Filters	Recent Searches chip row + Clear	1	PASS	2026-08-22	e2e-test-results/group-m-discover-2026-08-22/report.md		YES		2026-08-22
AUTH	AUTH-TC-M08	M — Discovery: Search & Filters	Trending in {State} section	1	PASS	2026-08-22	e2e-test-results/group-m-discover-2026-08-22/report.md		YES		2026-08-22
AUTH	AUTH-TC-M09	M — Discovery: Search & Filters	Result count + active filter chips (incl. gold SP chip)	1	PASS	2026-08-22	e2e-test-results/group-m-discover-2026-08-22/report.md		YES		2026-08-22
AUTH	AUTH-TC-M10	M — Discovery: Search & Filters	Discover header: bookmark → Favorites (local header)	1	PASS	2026-08-22	e2e-test-results/group-m-discover-2026-08-22/report.md		YES		2026-08-22
AUTH	AUTH-TC-N01	N — Discovery: Category & Favorites	Category browse filters results	1	PASS	2026-08-22	e2e-test-results/group-n-discovery-category-favorites-2026-08-22/report.md		YES		2026-08-22
AUTH	AUTH-TC-N02	N — Discovery: Category & Favorites	Favorite heart toggle on item card	1	PASS	2026-08-22	e2e-test-results/group-n-discovery-category-favorites-2026-08-22/report.md		YES		2026-08-22
AUTH	AUTH-TC-N03	N — Discovery: Category & Favorites	Infinite scroll pagination	1	PASS	2026-08-22	e2e-test-results/group-n-discovery-category-favorites-2026-08-22/report.md		YES		2026-08-22
AUTH	AUTH-TC-N04	N — Discovery: Category & Favorites	"""Accepts SP"" badge on item card (gold, §6.7)"	1	PASS	2026-08-22	e2e-test-results/group-n-discovery-category-favorites-2026-08-22/report.md		YES		2026-08-22
AUTH	AUTH-TC-O01	O — Discovery: Node Scoping & SP Visibility	Results scoped to user's node	1	PASS	2026-08-22	e2e-test-results/group-o-node-scope-2026-08-22/report.md		YES		2026-08-22
AUTH	AUTH-TC-O02	O — Discovery: Node Scoping & SP Visibility	Location ZIP + radius filter	1	PASS	2026-08-22	e2e-test-results/group-o-node-scope-2026-08-22/report.md		YES		2026-08-22
AUTH	AUTH-TC-O03	O — Discovery: Node Scoping & SP Visibility	Inactive ZIP in filter → explicit waitlist opt-in (no auto-enroll)	1	PASS	2026-08-22	e2e-test-results/group-o-node-scope-2026-08-22/report.md		YES		2026-08-22
AUTH	AUTH-TC-O04	O — Discovery: Node Scoping & SP Visibility	Subscriber vs free SP visibility	1	PASS	2026-08-22	e2e-test-results/group-o-node-scope-2026-08-22/report.md		YES		2026-08-22
AUTH	AUTH-TC-O05	O — Discovery: Node Scoping & SP Visibility	Admin radius defaults and bounds reflect in Discover	1	PASS	2026-08-22	e2e-test-results/group-o-node-scope-2026-08-22/report.md		YES		2026-08-22
AUTH	AUTH-TC-P01	P — Global Header, Floating Nav & Home Composer	Header node chip shows registered market (read-only)	1	PASS	2026-08-23	e2e-test-results/group-p-full-run-19-cases-2026-08-23/report.md		YES		2026-08-23
AUTH	AUTH-TC-P02	P — Global Header, Floating Nav & Home Composer	Header right cluster: bell + chat + avatar; logout removed from header	1	PASS	2026-08-23	e2e-test-results/group-p-full-run-19-cases-2026-08-23/report.md		YES		2026-08-23
AUTH	AUTH-TC-P03	P — Global Header, Floating Nav & Home Composer	Header chat icon opens Messages with unread badge	1	BLOCKED	2026-08-24	e2e-test-results/auth-final-cleanup-batch-2026-08-24/report.md	YES		BLOCKED, never passed (fixture/config/environment)	
AUTH	AUTH-TC-P04	P — Global Header, Floating Nav & Home Composer	Floating pill nav: order, margins, radius, shadow, safe area	1	PASS	2026-08-23	e2e-test-results/group-p-full-run-19-cases-2026-08-23/report.md		YES		2026-08-23
AUTH	AUTH-TC-P05	P — Global Header, Floating Nav & Home Composer	Inbox removed from nav; Messages via header chat only	1	PASS	2026-08-23	e2e-test-results/group-p-full-run-19-cases-2026-08-23/report.md		YES		2026-08-23
AUTH	AUTH-TC-P06	P — Global Header, Floating Nav & Home Composer	Trades tab: Active Trades (item, counterpart, status label)	1	PASS	2026-08-23	e2e-test-results/group-p-full-run-19-cases-2026-08-23/report.md		YES		2026-08-23
AUTH	AUTH-TC-P07	P — Global Header, Floating Nav & Home Composer	Trades tab: Trade History (reverse chronological)	1	PASS	2026-08-23	e2e-test-results/group-p-full-run-19-cases-2026-08-23/report.md		YES		2026-08-23
AUTH	AUTH-TC-P08	P — Global Header, Floating Nav & Home Composer	Trades badge counts active (not completed/cancelled)	1	PASS	2026-08-23	e2e-test-results/group-p-full-run-19-cases-2026-08-23/report.md		YES		2026-08-23
AUTH	AUTH-TC-P09	P — Global Header, Floating Nav & Home Composer	Basket badge + Home active state unchanged	1	PASS	2026-08-23	e2e-test-results/group-p-full-run-19-cases-2026-08-23/report.md		YES		2026-08-23
AUTH	AUTH-TC-P10	P — Global Header, Floating Nav & Home Composer	Post FAB globally visible + opens Sell sheet	1	PASS	2026-08-23	e2e-test-results/group-p-full-run-19-cases-2026-08-23/report.md		YES		2026-08-23
AUTH	AUTH-TC-P11	P — Global Header, Floating Nav & Home Composer	Composer bar: tap focuses, type, placeholder	1	PASS	2026-08-23	e2e-test-results/group-p-full-run-19-cases-2026-08-23/report.md		YES		2026-08-23
AUTH	AUTH-TC-P12	P — Global Header, Floating Nav & Home Composer	"Composer ""+"" → New Item Photos step, Title pre-filled"	1	PASS	2026-08-23	e2e-test-results/group-p-full-run-19-cases-2026-08-23/report.md		YES		2026-08-23
AUTH	AUTH-TC-P13	P — Global Header, Floating Nav & Home Composer	Composer empty submit → empty Title	1	PASS	2026-08-23	e2e-test-results/group-p-full-run-19-cases-2026-08-23/report.md		YES		2026-08-23
AUTH	AUTH-TC-P14	P — Global Header, Floating Nav & Home Composer	Composer camera → New Item straight to camera	1	PASS	2026-08-23	e2e-test-results/group-p-full-run-19-cases-2026-08-23/report.md		YES		2026-08-23
AUTH	AUTH-TC-P15	P — Global Header, Floating Nav & Home Composer	AI never overwrites composer-pre-filled Title	1	PASS	2026-08-23	e2e-test-results/group-p-full-run-19-cases-2026-08-23/report.md		YES		2026-08-23
AUTH	AUTH-TC-P16	P — Global Header, Floating Nav & Home Composer	FAB Sell sheet unchanged (parallel entry point)	1	PASS	2026-08-23	e2e-test-results/group-p-full-run-19-cases-2026-08-23/report.md		YES		2026-08-23
AUTH	AUTH-TC-P17	P — Global Header, Floating Nav & Home Composer	Logout still reachable from Profile/Settings	1	PASS	2026-08-23	e2e-test-results/group-p-full-run-19-cases-2026-08-23/report.md		YES		2026-08-23
AUTH	AUTH-TC-P18	P — Global Header, Floating Nav & Home Composer	Composer analytics (tap + submit with/without text)	1	FAIL	2026-08-23	e2e-test-results/group-p-full-run-19-cases-2026-08-23/report.md	YES		"FAIL, unresolved — composer_bar_submit persists (has_text true/false, DB-verified); **composer_bar_tapped has 0 rows — never fires** (entire bar surface covered by camera hitSlop + TextInput + ""+"" hitSlop)"	
AUTH	AUTH-TC-P19	P — Global Header, Floating Nav & Home Composer	Accessibility identifiers (Trades tab, header chat)	1	FAIL	2026-08-23	e2e-test-results/group-p-full-run-19-cases-2026-08-23/report.md	YES		"FAIL, unresolved — tab-trades Button ""Trades"" ✓; node chip not a button ✓; header chat ""Messages"" ✓ on Discover but **NOT AX-exposed on Home's AppHeader** (BP-53: no accessible+role)"	
AUTH	AUTH-TC-Q01	Q — Trading Education (End User)	Education Help screen — published sections only	1	PASS	2026-08-23	e2e-test-results/group-qs-calibration-2026-08-23/report.md		YES		2026-08-23
AUTH	AUTH-TC-Q02	Q — Trading Education (End User)	Education Help screen — section by type	1	PASS (partial)	2026-08-23	e2e-test-results/group-qs-calibration-2026-08-23/report.md		YES		2026-08-23
AUTH	AUTH-TC-Q03	Q — Trading Education (End User)	SP calculator — sell mode (no hardcoded rates)	1	PASS	2026-08-23	e2e-test-results/group-qs-calibration-2026-08-23/report.md		YES		2026-08-23
AUTH	AUTH-TC-Q04	Q — Trading Education (End User)	SP calculator — buy mode (cash + fee + cap)	1	FAIL	2026-08-23	e2e-test-results/group-qs-calibration-2026-08-23/report.md	YES		FAIL, unresolved — Guide (fee=2.5=10%, SP-10 input) is stale — flat-fee model replaced it. Actual: max_sp_usable 17 ✓, cash $8.00 (no SP-input field), fee **$20.00** (non-subscriber flat), total $28.00. Doc drift + subs	
AUTH	AUTH-TC-Q05	Q — Trading Education (End User)	SP calculator — bonus categories + example SP	1	PASS	2026-08-23	e2e-test-results/group-qs-calibration-2026-08-23/report.md		YES		2026-08-23
AUTH	AUTH-TC-Q06	Q — Trading Education (End User)	Education analytics — event tracking (no throw)	1	FAIL	2026-08-23	e2e-test-results/group-qs-calibration-2026-08-23/report.md	YES		FAIL, unresolved — DB CHECK `chk_education_analytics_event_type` excludes `help_view` (TS union includes it) → app's own help_view silently dropped (0 rows all-time, DB-proven); valid `calculator_use` lands (+2 this run	
AUTH	AUTH-TC-Q07	Q — Trading Education (End User)	Education prompts — onboarding + in-app prompt state machine	1	PASS	2026-08-23	e2e-test-results/group-qs-calibration-2026-08-23/report.md		YES		2026-08-23
AUTH	AUTH-TC-S01	S — Password Recovery	Forgot Password — success + Send Another Email	1	BLOCKED	2026-08-24	e2e-test-results/auth-final-cleanup-batch-2026-08-24/report.md	YES	YES	re-opened (env/fixture) — PASS on record 2026-08-16	2026-08-16
AUTH	AUTH-TC-S02	S — Password Recovery	Forgot Password — invalid email	1	PASS	2026-08-23	e2e-test-results/group-qs-calibration-2026-08-23/report.md		YES		2026-08-16
AUTH	AUTH-TC-S03	S — Password Recovery	Forgot Password — rate-limit error	1	SKIPPED	2026-08-23	e2e-test-results/group-qs-calibration-2026-08-23/report.md				
AUTH	AUTH-TC-S04	S — Password Recovery	Forgot Password — SMTP-config (500) error	1	PASS	2026-08-23	e2e-test-results/group-qs-calibration-2026-08-23/report.md		YES		2026-08-23
AUTH	AUTH-TC-S05	S — Password Recovery	Forgot Password — 400 error	1	SKIPPED	2026-08-23	e2e-test-results/group-qs-calibration-2026-08-23/report.md		YES		2026-08-16
AUTH	AUTH-TC-S06	S — Password Recovery	Forgot Password — Back to Login	1	PASS	2026-08-23	e2e-test-results/group-qs-calibration-2026-08-23/report.md		YES		2026-08-23
AUTH	AUTH-TC-S07	S — Password Recovery	Reset Password — validation + requirements card	1	PASS	2026-08-23	e2e-test-results/group-qs-calibration-2026-08-23/report.md		YES		2026-08-16
AUTH	AUTH-TC-S08	S — Password Recovery	Reset Password — success → Login	1	PASS	2026-08-23	e2e-test-results/group-qs-calibration-2026-08-23/report.md		YES		2026-08-16
AUTH	AUTH-TC-S09	S — Password Recovery	Reset Password — link-error (expired) → Request New Reset Email	1	PASS	2026-08-23	e2e-test-results/group-qs-calibration-2026-08-23/report.md		YES		2026-08-16
AUTH	AUTH-TC-S10	S — Password Recovery	Reset Password — no active reset session	1	PASS	2026-08-23	e2e-test-results/group-qs-calibration-2026-08-23/report.md		YES		2026-08-16
AUTH	AUTH-TC-S11	S — Password Recovery	Deep link `p2pkidsmarketplace://reset-password	1	PASS	2026-08-23	e2e-test-results/group-qs-calibration-2026-08-23/report.md		YES		2026-08-16
MSG	MSG-TC-A01	A — Messaging: Conversations & Chat	Conversation list (search, unread badges, empty state)	1	PASS	2026-09-03	e2e-test-results/qa-msg-first-live-2026-09-03/report.md		YES		2026-09-03
MSG	MSG-TC-A02	A — Messaging: Conversations & Chat	Open a chat thread + trade context banner	1	PASS	2026-09-03	e2e-test-results/qa-msg-first-live-2026-09-03/report.md		YES		2026-09-03
MSG	MSG-TC-A03	A — Messaging: Conversations & Chat	Send a text message + delivery status (sent→delivered→read)	1	PASS	2026-09-03	e2e-test-results/qa-msg-first-live-2026-09-03/report.md		YES		2026-09-03
MSG	MSG-TC-A04	A — Messaging: Conversations & Chat	Receive a message in real time	1	PASS	2026-09-03	e2e-test-results/qa-task24-msg-complete-2026-09-03/report.md		YES		2026-09-03
MSG	MSG-TC-A05	A — Messaging: Conversations & Chat	Typing indicator	1	PASS	2026-09-03	e2e-test-results/qa-task24-msg-complete-2026-09-03/report.md		YES		2026-09-03
MSG	MSG-TC-A06	A — Messaging: Conversations & Chat	Send an image message + full-screen viewer	1	PASS	2026-09-03	e2e-test-results/qa-task24-msg-complete-2026-09-03/report.md		YES		2026-09-03
MSG	MSG-TC-A07	A — Messaging: Conversations & Chat	Message length limit (2000 chars)	1	PASS	2026-09-03	e2e-test-results/qa-task24-msg-complete-2026-09-03/report.md		YES		2026-09-03
MSG	MSG-TC-A08	A — Messaging: Conversations & Chat	Quick-reply meeting chips	1	PASS	2026-09-03	e2e-test-results/qa-msg-first-live-2026-09-03/report.md		YES		2026-09-03
MSG	MSG-TC-A09	A — Messaging: Conversations & Chat	Safety meeting banner + Learn more	1	PASS	2026-09-03	e2e-test-results/qa-msg-first-live-2026-09-03/report.md		YES		2026-09-03
MSG	MSG-TC-A10	A — Messaging: Conversations & Chat	Photo permission denied error	1	PASS	2026-09-03	e2e-test-results/qa-task24-msg-complete-2026-09-03/report.md		YES		2026-09-03
MSG	MSG-TC-B01	B — Badges & Achievements	My Badges grid (earned vs locked)	1	PASS	2026-09-03	e2e-test-results/qa-msg-first-live-2026-09-03/report.md		YES		2026-09-03
MSG	MSG-TC-B02	B — Badges & Achievements	Badge detail modal	1	PASS	2026-09-03	e2e-test-results/qa-msg-first-live-2026-09-03/report.md		YES		2026-09-03
MSG	MSG-TC-B03	B — Badges & Achievements	Badge showcase on profile	1	PASS	2026-09-03	e2e-test-results/qa-msg-first-live-2026-09-03/report.md		YES		2026-09-03
MSG	MSG-TC-B04	B — Badges & Achievements	Badge celebration modal on unlock	1	PASS	2026-09-03	e2e-test-results/qa-task24-msg-complete-2026-09-03/report.md		YES		2026-09-03
MSG	MSG-TC-B05	B — Badges & Achievements	🚫 DEFERRED (post-MVP) — Leaderboard ranking (no in-app entry — deep-link/notification only)	1	BLOCKED	2026-09-03	e2e-test-results/qa-msg-first-live-2026-09-03/report.md	YES	YES	re-opened (env/fixture) — PASS on record 2026-09-03	2026-09-03
MSG	MSG-TC-C01	C — Reviews & Ratings	Submit a post-trade review (stars + comment)	1	PASS	2026-09-03	e2e-test-results/qa-msg-first-live-2026-09-03/report.md		YES		2026-09-03
MSG	MSG-TC-C02	C — Reviews & Ratings	Rating required validation	1	PASS	2026-09-03	e2e-test-results/qa-msg-first-live-2026-09-03/report.md		YES		2026-09-03
MSG	MSG-TC-C03	C — Reviews & Ratings	Anonymous review	1	PASS	2026-09-03	e2e-test-results/qa-msg-first-live-2026-09-03/report.md		YES		2026-09-03
MSG	MSG-TC-C04	C — Reviews & Ratings	Skip review	1	PASS	2026-09-03	e2e-test-results/qa-msg-first-live-2026-09-03/report.md		YES		2026-09-03
MSG	MSG-TC-C05	C — Reviews & Ratings	Review display on seller profile + aggregate rating	1	PASS	2026-09-03	e2e-test-results/qa-msg-first-live-2026-09-03/report.md		YES		2026-09-03
MSG	MSG-TC-C06	C — Reviews & Ratings	Report a review (reviewee only)	1	PASS	2026-09-03	e2e-test-results/qa-msg-first-live-2026-09-03/report.md		YES		2026-09-03
MSG	MSG-TC-D01	D — ID Badge Verification (End User)	Start ID verification + upload from library	1	PASS	2026-09-03	e2e-test-results/qa-task24-msg-complete-2026-09-03/report.md		YES		2026-09-03
MSG	MSG-TC-D02	D — ID Badge Verification (End User)	Capture ID with camera	1							
MSG	MSG-TC-D03	D — ID Badge Verification (End User)	Submit creates pending request	1	PASS	2026-09-03	e2e-test-results/qa-task25-consolidated-2026-09-03/report.md		YES		2026-09-03
MSG	MSG-TC-D04	D — ID Badge Verification (End User)	Duplicate pending request blocked	1							
MSG	MSG-TC-D05	D — ID Badge Verification (End User)	No-image submit validation	1							
MSG	MSG-TC-D06	D — ID Badge Verification (End User)	Pending state screen	1	PASS	2026-09-03	e2e-test-results/qa-task24-msg-complete-2026-09-03/report.md		YES		2026-09-03
MSG	MSG-TC-D07	D — ID Badge Verification (End User)	Approved → Verified badge on profile	1	PASS (partial)	2026-09-03	e2e-test-results/qa-task25-consolidated-2026-09-03/report.md		YES		2026-09-03
MSG	MSG-TC-D08	D — ID Badge Verification (End User)	Rejected → reason shown + resubmit	1	PASS (partial)	2026-09-03	e2e-test-results/qa-task25-consolidated-2026-09-03/report.md		YES		2026-09-03
MSG	MSG-TC-D09	D — ID Badge Verification (End User)	Submission confirmation notifications reach the user	1	PASS	2026-09-03	e2e-test-results/qa-task24-msg-complete-2026-09-03/report.md		YES		2026-09-03
MSG	MSG-TC-D10	D — ID Badge Verification (End User)	Decision notifications honor channel preferences	1							
MSG	MSG-TC-E01	E — ID Badge Verification (Admin)	Review queue (stats, filters, search)	1	PASS	2026-09-03	e2e-test-results/qa-task24-msg-complete-2026-09-03/report.md		YES		2026-09-03
MSG	MSG-TC-E02	E — ID Badge Verification (Admin)	Approve a request	1	PASS (partial)	2026-09-03	e2e-test-results/qa-task25-consolidated-2026-09-03/report.md		YES		2026-09-03
MSG	MSG-TC-E03	E — ID Badge Verification (Admin)	Reject with reason	1	PASS (partial)	2026-09-03	e2e-test-results/qa-task25-consolidated-2026-09-03/report.md		YES		2026-09-03
MSG	MSG-TC-E04	E — ID Badge Verification (Admin)	View completed request details	1	PASS (partial)	2026-09-03	e2e-test-results/qa-task25-consolidated-2026-09-03/report.md		YES		2026-09-03
MSG	MSG-TC-E05	E — ID Badge Verification (Admin)	Edit message templates	1	PASS (partial)	2026-09-03	e2e-test-results/qa-task25-consolidated-2026-09-03/report.md		YES		2026-09-03
MSG	MSG-TC-E06	E — ID Badge Verification (Admin)	New submission creates admin alert notification	1	PASS	2026-09-03	e2e-test-results/qa-task24-msg-complete-2026-09-03/report.md		YES		2026-09-03
MSG	MSG-TC-F01	F — Referrals	View referral code + hero	1	PASS	2026-09-03	e2e-test-results/qa-msg-first-live-2026-09-03/report.md		YES		2026-09-03
MSG	MSG-TC-F02	F — Referrals	Copy referral code	1	PASS	2026-09-03	e2e-test-results/qa-msg-first-live-2026-09-03/report.md		YES		2026-09-03
MSG	MSG-TC-F03	F — Referrals	Share referral code (native share)	1	PASS	2026-09-03	e2e-test-results/qa-msg-first-live-2026-09-03/report.md		YES		2026-09-03
MSG	MSG-TC-F04	F — Referrals	Active rewards display	1	PASS	2026-09-03	e2e-test-results/qa-msg-first-live-2026-09-03/report.md		YES		2026-09-03
MSG	MSG-TC-F05	F — Referrals	Referral history (pending vs completed)	1	PASS	2026-09-03	e2e-test-results/qa-msg-first-live-2026-09-03/report.md		YES		2026-09-03
MSG	MSG-TC-F06	F — Referrals	Enter referral code at signup	1	PASS	2026-09-03	e2e-test-results/qa-task24-msg-complete-2026-09-03/report.md		YES		2026-09-03
MSG	MSG-TC-F07	F — Referrals	Program paused banner + disabled share	1	PASS	2026-09-03	e2e-test-results/qa-task24-msg-complete-2026-09-03/report.md		YES		2026-09-03
MSG	MSG-TC-F08	F — Referrals	Admin configures referral rewards	1	PASS	2026-09-03	e2e-test-results/qa-task24-msg-complete-2026-09-03/report.md		YES		2026-09-03
MSG	MSG-TC-G01	G — Safety & Compliance (End User)	Listing flagged → Safety Review screen	1	BLOCKED	2026-09-03	e2e-test-results/qa-task25-consolidated-2026-09-03/report.md	YES		BLOCKED, never passed (fixture/config/environment)	
MSG	MSG-TC-G02	G — Safety & Compliance (End User)	Appeal a flagged/rejected listing	1							
MSG	MSG-TC-G03	G — Safety & Compliance (End User)	"Resubmit a ""needs edits"" listing"	1							
MSG	MSG-TC-G04	G — Safety & Compliance (End User)	Remove a flagged listing	1	BLOCKED	2026-09-03	e2e-test-results/qa-task25-consolidated-2026-09-03/report.md	YES		BLOCKED, never passed (fixture/config/environment)	
MSG	MSG-TC-G05	G — Safety & Compliance (End User)	Recall safety alert notification	1							
MSG	MSG-TC-G06	G — Safety & Compliance (End User)	Appeal max-attempt limit follows admin config	1	BLOCKED	2026-09-03	e2e-test-results/qa-task25-consolidated-2026-09-03/report.md	YES		BLOCKED, never passed (fixture/config/environment)	
MSG	MSG-TC-G07	G — Safety & Compliance (End User)	Appeal window follows admin config	1	BLOCKED	2026-09-03	e2e-test-results/qa-task25-consolidated-2026-09-03/report.md	YES		BLOCKED, never passed (fixture/config/environment)	
MSG	MSG-TC-G08	G — Safety & Compliance (End User)	AI moderation toggle affects automated image review	1							
MSG	MSG-TC-G09	G — Safety & Compliance (End User)	Recall check toggle and threshold affect recall flagging	1							
MSG	MSG-TC-H01	H — Safety & Compliance (Admin)	Flagged items moderation queue	1	PASS	2026-09-03	e2e-test-results/qa-task24-msg-complete-2026-09-03/report.md		YES		2026-09-03
MSG	MSG-TC-H02	H — Safety & Compliance (Admin)	Approve a flagged item	1							
MSG	MSG-TC-H03	H — Safety & Compliance (Admin)	Reject with reason	1							
MSG	MSG-TC-H04	H — Safety & Compliance (Admin)	Request edits	1	PASS	2026-09-03	e2e-test-results/qa-task24-msg-complete-2026-09-03/report.md		YES		2026-09-03
MSG	MSG-TC-H05	H — Safety & Compliance (Admin)	Trade dispute: mark under review	1	PASS	2026-09-03	e2e-test-results/qa-task25-consolidated-2026-09-03/report.md		YES		2026-09-03
MSG	MSG-TC-H06	H — Safety & Compliance (Admin)	Trade dispute: resolve complete / refund	1	PASS	2026-09-03	e2e-test-results/qa-task25-consolidated-2026-09-03/report.md		YES		2026-09-03
MSG	MSG-TC-I01	I — Notifications: Permission & Center	Enable push notifications	1							
MSG	MSG-TC-I02	I — Notifications: Permission & Center	Push error states (Expo Go / web)	1							
MSG	MSG-TC-I03	I — Notifications: Permission & Center	Notification center list + icons	1	PASS	2026-09-03	e2e-test-results/qa-msg-first-live-2026-09-03/report.md		YES		2026-09-03
MSG	MSG-TC-I04	I — Notifications: Permission & Center	Tap notification → deep link + mark read	1	PASS	2026-09-03	e2e-test-results/qa-msg-first-live-2026-09-03/report.md		YES		2026-09-03
MSG	MSG-TC-I05	I — Notifications: Permission & Center	Mark all as read	1	PASS	2026-09-03	e2e-test-results/qa-msg-first-live-2026-09-03/report.md		YES		2026-09-03
MSG	MSG-TC-I06	I — Notifications: Permission & Center	Pagination + pull to refresh	1	PASS	2026-09-03	e2e-test-results/qa-task24-msg-complete-2026-09-03/report.md		YES		2026-09-03
MSG	MSG-TC-I07	I — Notifications: Permission & Center	Real-time arrival	1	PASS	2026-09-03	e2e-test-results/qa-task24-msg-complete-2026-09-03/report.md		YES		2026-09-03
MSG	MSG-TC-J01	J — Notification Preferences	Category × channel toggles (live screen — 5 categories, no Safety)	1	PASS	2026-09-03	e2e-test-results/qa-msg-first-live-2026-09-03/report.md		YES		2026-09-03
MSG	MSG-TC-J02	J — Notification Preferences	Default preferences (DB-driven, no hardcoded defaults)	1	PASS	2026-09-03	e2e-test-results/qa-msg-first-live-2026-09-03/report.md		YES		2026-09-03
MSG	MSG-TC-J03	J — Notification Preferences	Always-on note (live footer copy)	1	PASS	2026-09-03	e2e-test-results/qa-msg-first-live-2026-09-03/report.md		YES		2026-09-03
MSG	MSG-TC-J04	J — Notification Preferences	Quiet hours (subscriber) + validation	1	PASS	2026-09-03	e2e-test-results/qa-msg-first-live-2026-09-03/report.md		YES		2026-09-03
MSG	MSG-TC-J05	J — Notification Preferences	🚫 NOT SUPPORTED — ID verification preference category (none exists)	1							
SUB	SUB-TC-A01	A — Plans & Comparison	Subscription Plans screen — Free vs Kids Club+ cards	1	PASS	2026-09-02	e2e-test-results/qa-task19-sub-kickoff-2026-09-02/report.md		YES		2026-09-02
SUB	SUB-TC-A02	A — Plans & Comparison	Plan Comparison table — feature-by-feature + POPULAR badge	1							
SUB	SUB-TC-A03	A — Plans & Comparison	Dynamic pricing & fees pulled from admin config	1	PASS	2026-09-02	e2e-test-results/qa-task19-sub-kickoff-2026-09-02/report.md		YES		2026-09-02
SUB	SUB-TC-A04	A — Plans & Comparison	"Current plan reflected (button disabled / ""Current Plan"")"	1	PASS	2026-09-02	e2e-test-results/qa-task19-sub-kickoff-2026-09-02/report.md		YES		2026-09-02
SUB	SUB-TC-A05	A — Plans & Comparison	Kids Club+ Overview screen by subscription status	1							
SUB	SUB-TC-B01	B — Start Trial & Payment 🔴 (retired — web-first)	🔴 RETIRED — in-app payment removed; web-first → SUB-TC-N01/N02 + Web Subscription Purchase E2E (QA Task 20)	1							
SUB	SUB-TC-B02	B — Start Trial & Payment 🔴 (retired — web-first)	🔴 RETIRED — in-app payment screen removed; coverage → Web Subscription Purchase E2E (QA Task 20)	1							
SUB	SUB-TC-B03	B — Start Trial & Payment 🔴 (retired — web-first)	🔴 RETIRED — in-app Success screen removed; coverage → Web Subscription Purchase E2E (QA Task 20)	1							
SUB	SUB-TC-B04	B — Start Trial & Payment 🔴 (retired — web-first)	🔴 RETIRED — in-app trial-gating removed; server-side trial config → QA Task 20 finding F-3	1							
SUB	SUB-TC-B05	B — Start Trial & Payment 🔴 (retired — web-first)	🔴 RETIRED — in-app trial-disabled alert removed; coverage → QA Task 20 finding F-3	1							
SUB	SUB-TC-B06	B — Start Trial & Payment 🔴 (retired — web-first)	🔴 RETIRED — ContinueKidsClub is deep-link-only; see SUB-TC-N03–N06	1							
SUB	SUB-TC-B07	B — Start Trial & Payment 🔴 (retired — web-first)	🔴 RETIRED — referral bonus-loss warning on removed Subscription Choice; see SUB-TC-N03	1							
SUB	SUB-TC-B08	B — Start Trial & Payment 🔴 (retired — web-first)	🔴 RETIRED — in-app trial-limit CTA removed; config reflection → SUB-TC-R05	1							
SUB	SUB-TC-B09	B — Start Trial & Payment 🔴 (retired — web-first)	🔴 RETIRED — in-app Stripe sheet removed; checkout UX → QA Task 20 scope 2	1							
SUB	SUB-TC-B10	B — Start Trial & Payment 🔴 (retired — web-first)	🔴 RETIRED — in-app decline handling removed; checkout decline → QA Task 20 scope 2	1							
SUB	SUB-TC-B11	B — Start Trial & Payment 🔴 (retired — web-first)	🔴 RETIRED — in-app saved-card resub removed; cards on file → Group M	1							
SUB	SUB-TC-B12	B — Start Trial & Payment 🔴 (retired — web-first)	🔴 RETIRED — in-app payment network-error path removed; → QA Task 20 scope 2	1							
SUB	SUB-TC-B13	B — Start Trial & Payment 🔴 (retired — web-first)	🔴 RETIRED — in-app Apple/Google Pay removed; web wallet-pay → QA Task 20 scope 2	1							
SUB	SUB-TC-C01	C — Manage & Cancel	My Subscription screen — paid member view	1	PASS	2026-09-02	e2e-test-results/qa-task19-sub-kickoff-2026-09-02/report.md		YES		2026-09-02
SUB	SUB-TC-C02	C — Manage & Cancel	My Subscription quick menu (Billing / Payment / Help)	1	PASS	2026-09-02	e2e-test-results/qa-task19-sub-kickoff-2026-09-02/report.md		YES		2026-09-02
SUB	SUB-TC-C03	C — Manage & Cancel	Manage Kids Club+ — status, next billing, days remaining	1	PASS	2026-09-02	e2e-test-results/qa-task19-sub-kickoff-2026-09-02/report.md		YES		2026-09-02
SUB	SUB-TC-C04	C — Manage & Cancel	"Cancel flow — retention screen ""Keep My Benefits"""	1							
SUB	SUB-TC-C05	C — Manage & Cancel	Cancel reason modal + final confirmation	1							
SUB	SUB-TC-C06	C — Manage & Cancel	Cancelled subscription stays active until period end	1							
SUB	SUB-TC-C07	C — Manage & Cancel	Auto-renew toggle / update payment method	1							
SUB	SUB-TC-C08	C — Manage & Cancel	Manage Kids Club+ free/no-subscription state	1							
SUB	SUB-TC-C09	C — Manage & Cancel	Manage Kids Club+ expired state	1	PASS	2026-09-03	e2e-test-results/qa-task25-consolidated-2026-09-03/report.md		YES		2026-09-03
SUB	SUB-TC-C10	C — Manage & Cancel	My Subscription free-user state	1	PASS	2026-09-02	e2e-test-results/qa-task19-sub-kickoff-2026-09-02/report.md		YES		2026-09-02
SUB	SUB-TC-C11	C — Manage & Cancel	"My Subscription ""Learn More"" link"	1	PASS	2026-09-02	e2e-test-results/qa-task19-sub-kickoff-2026-09-02/report.md		YES		2026-09-02
SUB	SUB-TC-C12	C — Manage & Cancel	"My Subscription ""Member Since"" value (latent bug)"	1	PASS	2026-09-02	e2e-test-results/qa-task19-sub-kickoff-2026-09-02/report.md		YES		2026-09-02
SUB	SUB-TC-D01	D — Renewal, Grace & Expiry	Grace period banner + SP wallet frozen warning	1							
SUB	SUB-TC-D02	D — Renewal, Grace & Expiry	🔴 RETIRED — in-app re-subscribe payment removed; web-first → SUB-TC-N01/N02 + Web E2E	1							
SUB	SUB-TC-D03	D — Renewal, Grace & Expiry	Subscription Expired screen — benefits lost + Renew	1	PASS	2026-09-03	e2e-test-results/qa-task25-consolidated-2026-09-03/report.md		YES		2026-09-03
SUB	SUB-TC-D04	D — Renewal, Grace & Expiry	🔴 RETIRED — in-app renewal payment removed; web-first → SUB-TC-N01/N02 + Web E2E	1							
SUB	SUB-TC-D05	D — Renewal, Grace & Expiry	Reactivate from cancelled state	1							
SUB	SUB-TC-D06	D — Renewal, Grace & Expiry	📦 moved to Fixture-Gated Backlog (clock/push fixture)	1	BLOCKED	2026-09-02	e2e-test-results/qa-task21-sub-close-2026-09-02/report.md	YES		BLOCKED, never passed (fixture/config/environment)	
SUB	SUB-TC-D07	D — Renewal, Grace & Expiry	📦 moved to Fixture-Gated Backlog (clock/push fixture)	1	BLOCKED	2026-09-02	e2e-test-results/qa-task21-sub-close-2026-09-02/report.md	YES		BLOCKED, never passed (fixture/config/environment)	
SUB	SUB-TC-E01	E — Billing History & Status	Billing History list — records, status badges, amounts	1							
SUB	SUB-TC-E02	E — Billing History & Status	Billing History empty state	1	BLOCKED	2026-09-02	e2e-test-results/qa-task21-sub-close-2026-09-02/report.md	YES		BLOCKED, never passed (fixture/config/environment)	
SUB	SUB-TC-E03	E — Billing History & Status	Failed charge shows error message	1	FAIL	2026-09-03	e2e-test-results/qa-task25-consolidated-2026-09-03/report.md	YES		FAIL, unresolved	
SUB	SUB-TC-E04	E — Billing History & Status	⏸ FIXTURE-GATED (push-payload) — Subscription Status screen diagnostics	1	PASS	2026-09-03	e2e-test-results/qa-task25-consolidated-2026-09-03/report.md		YES		2026-09-03
SUB	SUB-TC-F01	F — Payout Settings (live surface) 🔄	Payout Settings hero — Available / Pending / Lifetime Earned (live)	1							
SUB	SUB-TC-F02	F — Payout Settings (live surface) 🔄	Payout method section (add vs existing) — live	1	PASS	2026-09-02	e2e-test-results/qa-task19-sub-kickoff-2026-09-02/report.md		YES		2026-09-02
SUB	SUB-TC-F03	F — Payout Settings (live surface) 🔄	Payout history list (completed / pending) — live	1							
SUB	SUB-TC-F04	F — Payout Settings (live surface) 🔄	Earnings figures (Available/Pending/Lifetime) + history net/fee — live	1							
SUB	SUB-TC-F05	F — Payout Settings (live surface) 🔄	Payout history empty state — live	1							
SUB	SUB-TC-F06	F — Payout Settings (live surface) 🔄	Pending earnings figure follows admin release timing — live	1							
SUB	SUB-TC-F07	F — Payout Settings (live surface) 🔄	Payout load error + recovery — live	1							
SUB	SUB-TC-F08	F — Payout Settings (live surface) 🔄	Payout history Load More pagination (+5) — live	1							
SUB	SUB-TC-G01	G — Payout Methods & Verification	Add Stripe Connect payout method (onboarding)	1							
SUB	SUB-TC-G02	G — Payout Methods & Verification	🚫 N/A — PayPal/Venmo unconfigured provider (UI lists, not drivable)	1							
SUB	SUB-TC-G03	G — Payout Methods & Verification	🚫 N/A — Bank ACH unconfigured / no UI option	1							
SUB	SUB-TC-G04	G — Payout Methods & Verification	Set primary method / delete method (confirmation)	1							
SUB	SUB-TC-G05	G — Payout Methods & Verification	Unverified method blocks payout (live: cannot set primary / withdraw)	1							
SUB	SUB-TC-G06	G — Payout Methods & Verification	"requires_action payout → ""Set Up Payout Method"""	1							
SUB	SUB-TC-G07	G — Payout Methods & Verification	"Payout Settings — ""Edit Details"" sheet"	1							
SUB	SUB-TC-G08	G — Payout Methods & Verification	"""Cannot Delete Primary/Only Method"" guard"	1							
SUB	SUB-TC-G09	G — Payout Methods & Verification	"""Cannot Set as Primary"" (unverified) guard"	1							
SUB	SUB-TC-G10	G — Payout Methods & Verification	Payout history Load More	1							
SUB	SUB-TC-G11	G — Payout Methods & Verification	NoMethodModal flow	1							
SUB	SUB-TC-H01	H — Request & Withdraw 🔄 (live)	Withdraw Now — no-balance guard (amount entry removed)	1							
SUB	SUB-TC-H02	H — Request & Withdraw 🔄 (live)	WithdrawModal summary — Available / Payout Fee / You'll Receive	1							
SUB	SUB-TC-H03	H — Request & Withdraw 🔄 (live)	Confirm Withdrawal success	1							
SUB	SUB-TC-H04	H — Request & Withdraw 🔄 (live)	Withdraw blocked when no verified primary method	1							
SUB	SUB-TC-H05	H — Request & Withdraw 🔄 (live)	Withdraw Now from Payout Settings hero (verified template)	1	PASS	2026-09-02	e2e-test-results/qa-task19-sub-kickoff-2026-09-02/report.md		YES		2026-09-02
SUB	SUB-TC-H06	H — Request & Withdraw 🔄 (live)	Admin minimum withdrawal blocks full-balance requests below the floor	1							
SUB	SUB-TC-H07	H — Request & Withdraw 🔄 (live)	Minimum withdrawal disabled when config = 0	1							
SUB	SUB-TC-I01	I — SP Wallet Balance & Earn	SP Wallet hero balance + lifetime stats	1	PASS	2026-09-02	e2e-test-results/qa-task19-sub-kickoff-2026-09-02/report.md		YES		2026-09-02
SUB	SUB-TC-I02	I — SP Wallet Balance & Earn	Quick actions (Shop / Sell / History)	1	PASS	2026-09-02	e2e-test-results/qa-task19-sub-kickoff-2026-09-02/report.md		YES		2026-09-02
SUB	SUB-TC-I03	I — SP Wallet Balance & Earn	How to Earn SP section + Learn More	1	PASS	2026-09-02	e2e-test-results/qa-task19-sub-kickoff-2026-09-02/report.md		YES		2026-09-02
SUB	SUB-TC-I04	I — SP Wallet Balance & Earn	SP expiration info + expiring-soon alert	1	PASS	2026-09-02	e2e-test-results/qa-task19-sub-kickoff-2026-09-02/report.md		YES		2026-09-02
SUB	SUB-TC-I05	I — SP Wallet Balance & Earn	Wallet warning banner by state (active/grace/expired)	1	PASS	2026-09-02	e2e-test-results/qa-task19-sub-kickoff-2026-09-02/report.md		YES		2026-09-02
SUB	SUB-TC-I06	I — SP Wallet Balance & Earn	Free user SP wallet inactive state	1							
SUB	SUB-TC-I07	I — SP Wallet Balance & Earn	"SP Wallet — ""Reserved in trades"" card"	1	PASS	2026-09-02	e2e-test-results/qa-task19-sub-kickoff-2026-09-02/report.md		YES		2026-09-02
SUB	SUB-TC-I08	I — SP Wallet Balance & Earn	"SP Wallet — ""Wallet Not Found"" error"	1	BLOCKED	2026-09-02	e2e-test-results/qa-task21-sub-close-2026-09-02/report.md	YES		BLOCKED, never passed (fixture/config/environment)	
SUB	SUB-TC-I09	I — SP Wallet Balance & Earn	SP Wallet — pending-release summary note	1	PASS	2026-09-02	e2e-test-results/qa-task19-sub-kickoff-2026-09-02/report.md		YES		2026-09-02
SUB	SUB-TC-J01	J — SP Transaction History	SP History tabs (All / Earned / Spent)	1	PASS	2026-09-02	e2e-test-results/qa-task19-sub-kickoff-2026-09-02/report.md		YES		2026-09-02
SUB	SUB-TC-J02	J — SP Transaction History	Transaction rows — type icon, label, signed amount	1	PASS	2026-09-02	e2e-test-results/qa-task19-sub-kickoff-2026-09-02/report.md		YES		2026-09-02
SUB	SUB-TC-J03	J — SP Transaction History	Empty state per tab	1	BLOCKED	2026-09-02	e2e-test-results/qa-task21-sub-close-2026-09-02/report.md	YES		BLOCKED, never passed (fixture/config/environment)	
SUB	SUB-TC-J04	J — SP Transaction History	Pull-to-refresh updates ledger	1	BLOCKED	2026-09-02	e2e-test-results/qa-task21-sub-close-2026-09-02/report.md	YES		BLOCKED, never passed (fixture/config/environment)	
SUB	SUB-TC-K01	K — Transaction / Billing History (Profile)	Transaction History list + status badges	1	PASS	2026-09-02	e2e-test-results/qa-task19-sub-kickoff-2026-09-02/report.md		YES		2026-09-02
SUB	SUB-TC-K02	K — Transaction / Billing History (Profile)	Transaction History empty + error/retry	1							
SUB	SUB-TC-L01	L — Webhooks & Reconciliation 🔄	Renewal webhook → billing + member state — **LIVE PASS** (QA Task 21: real test-clock renewal advanced `current_period_end` + wrote `billing_history` row)	1	PASS (partial)	2026-09-02	e2e-test-results/qa-task21-sub-close-2026-09-02/report.md		YES		2026-09-02
SUB	SUB-TC-L02	L — Webhooks & Reconciliation 🔄	Payment-failed webhook → retry/grace — **PARTIAL** (mechanism live-subscribed; no live failing-renewal fixture driven)	1	PASS (partial)	2026-09-03	e2e-test-results/qa-task25-consolidated-2026-09-03/report.md		YES		2026-09-02
SUB	SUB-TC-L03	L — Webhooks & Reconciliation 🔄	Invalid webhook signature rejected — **PARTIAL** (source+deployed parity; negative-signature POST not driven)	1	PASS (partial)	2026-09-02	e2e-test-results/qa-task21-sub-close-2026-09-02/report.md		YES		2026-09-02
SUB	SUB-TC-L04	L — Webhooks & Reconciliation 🔄	Duplicate webhook delivery idempotent — **LIVE PASS** (QA Task 21: 4 webhook events → ONE `subscriptions` + ONE `subscription_events` row)	1	PASS (partial)	2026-09-02	e2e-test-results/qa-task21-sub-close-2026-09-02/report.md		YES		2026-09-02
SUB	SUB-TC-L05	L — Webhooks & Reconciliation 🔄	Payout-status webhook updates seller payout history (payout domain)	1	PASS (partial)	2026-09-02	e2e-test-results/qa-task21-sub-close-2026-09-02/report.md		YES		2026-09-02
SUB	SUB-TC-M01	M — Payment Methods (Card on File)	Payment Methods — loading state	1							
SUB	SUB-TC-M02	M — Payment Methods (Card on File)	Empty state + Add Payment Method (Stripe sheet)	1	PASS	2026-09-02	e2e-test-results/qa-task19-sub-kickoff-2026-09-02/report.md		YES		2026-09-02
SUB	SUB-TC-M03	M — Payment Methods (Card on File)	Saved-card display + security banner	1	PASS	2026-09-02	e2e-test-results/qa-task19-sub-kickoff-2026-09-02/report.md		YES		2026-09-02
SUB	SUB-TC-M04	M — Payment Methods (Card on File)	Update Payment Method	1	PASS	2026-09-02	e2e-test-results/qa-task19-sub-kickoff-2026-09-02/report.md		YES		2026-09-02
SUB	SUB-TC-M05	M — Payment Methods (Card on File)	Remove This Card (confirm + success)	1	PASS	2026-09-02	e2e-test-results/qa-task19-sub-kickoff-2026-09-02/report.md		YES		2026-09-02
SUB	SUB-TC-M06	M — Payment Methods (Card on File)	Go Back	1							
SUB	SUB-TC-M07	M — Payment Methods (Card on File)	Backend contract — attach / detach / retryFailedPayment branches	1							
SUB	SUB-TC-N01	N — Kids Club Join & Continue	JoinKidsClub value-prop + web CTA	1	PASS	2026-09-02	e2e-test-results/qa-task19-sub-kickoff-2026-09-02/report.md		YES		2026-09-02
SUB	SUB-TC-N02	N — Kids Club Join & Continue	JoinKidsClub web redirect (passitup.com)	1	PASS	2026-09-02	e2e-test-results/qa-task19-sub-kickoff-2026-09-02/report.md		YES		2026-09-02
SUB	SUB-TC-N03	N — Kids Club Join & Continue	Route-alias reachability (JoinKidsClub vs deep-link-only aliases)	1							
SUB	SUB-TC-N04	N — Kids Club Join & Continue	ContinueKidsClub active-subscription variant	1							
SUB	SUB-TC-N05	N — Kids Club Join & Continue	ContinueKidsClub loading state	1							
SUB	SUB-TC-N06	N — Kids Club Join & Continue	ContinueKidsClub trial-ending urgency badge	1							
TRD	TRD-TC-A01	A — Core Happy Paths	Cash Only: full happy path (buyer confirms)	1	PASS	2026-08-28	e2e-test-results/qa-trd-group-a-b-2026-08-28/report.md		YES		2026-08-27
TRD	TRD-TC-A02	A — Core Happy Paths	Accept SP: SP entry at offer → seller accepts → buyer confirms	1	FAIL	2026-08-28	e2e-test-results/qa-trd-reverify-a02-b02-b06-2026-08-28/report.md	YES	YES	FAIL after earlier PASS 2026-08-27 (regression/re-open) — ✅ **PASS** | 2026-08-28 | `01-05,10-15*.png`, DB trade `259238d9`	2026-08-27
TRD	TRD-TC-A03	A — Core Happy Paths	Accept SP: Pay Cash (0 SP) — subscriber seller still earns SP	1							
TRD	TRD-TC-A04	A — Core Happy Paths	Donate listing: [Claim] button, no charge	1							
TRD	TRD-TC-B01	B — Offer Lifecycle	Seller declines offer	1	PASS	2026-08-28	e2e-test-results/qa-trd-group-a-b-2026-08-28/report.md		YES		2026-08-28
TRD	TRD-TC-B02	B — Offer Lifecycle	Offer expires (seller never responds) + seller ignore prompt	1	FAIL	2026-08-28	e2e-test-results/qa-trd-reverify-a02-b02-b06-2026-08-28/report.md	YES	YES	FAIL after earlier PASS 2026-08-28 (regression/re-open) — 🔴 **FAIL (fresh finding)** | 2026-08-28 | `07*.png`, DB trade `4391d969`, counters	2026-08-28
TRD	TRD-TC-B03	B — Offer Lifecycle	Multiple competing offers — sort order + auto-decline	1	SKIPPED	2026-08-28	e2e-test-results/qa-trd-group-a-b-2026-08-28/report.md				
TRD	TRD-TC-B04	B — Offer Lifecycle	Buyer cancels pending trade — no consequence level	1	PASS	2026-08-28	e2e-test-results/qa-trd-group-a-b-2026-08-28/report.md		YES		2026-08-28
TRD	TRD-TC-B05	B — Offer Lifecycle	Per-seller cap: max 3 pending offers per seller (2026-07-18)	1	BLOCKED	2026-08-28	e2e-test-results/qa-trd-group-a-b-2026-08-28/report.md	YES		BLOCKED, never passed (fixture/config/environment) — ✅ PASS | 2026-08-28 | `32*.png`, DB: 3 pending (`ec233d3b`, `54f84a4c`, `028f3250`) → 4th blocked	
TRD	TRD-TC-B05a	B — Offer Lifecycle	Per-seller cap: Buyer at 3 with Seller A can still submit to Seller B	1	PASS	2026-08-28	e2e-test-results/qa-trd-group-a-b-2026-08-28/report.md		YES		2026-08-28
TRD	TRD-TC-B05b	B — Offer Lifecycle	Per-seller cap: Blocked at 4th offer to same seller	1	PASS	2026-08-28	e2e-test-results/qa-trd-group-a-b-2026-08-28/report.md		YES		2026-08-28
TRD	TRD-TC-B05c	B — Offer Lifecycle	Per-seller cap: Bundle offer counts as 1 slot, not N	1	SKIPPED	2026-08-28	e2e-test-results/qa-trd-group-a-b-2026-08-28/report.md				
TRD	TRD-TC-B05d	B — Offer Lifecycle	Per-seller cap: Expired offer frees slot immediately	1	PASS	2026-08-28	e2e-test-results/qa-trd-group-a-b-2026-08-28/report.md		YES		2026-08-28
TRD	TRD-TC-B05e	B — Offer Lifecycle	Regression: No leftover global cap blocks buyer over old global limit	1	BLOCKED	2026-08-28	e2e-test-results/qa-trd-group-a-b-2026-08-28/report.md	YES	YES	re-opened (env/fixture) — PASS on record 2026-08-28 — 2026-08-28 | — (fixture gap: `test-seller-3` does not exist)	2026-08-28
TRD	TRD-TC-B05f	B — Offer Lifecycle	Admin config: Change offer cap from 3 to 5 on Trade Timing page	1	SKIPPED	2026-08-28	e2e-test-results/qa-trd-group-a-b-2026-08-28/report.md		YES		2026-08-28
TRD	TRD-TC-B05g	B — Offer Lifecycle	Admin config: Revert cap from 5 back to 3 (forward-looking only)	1	SKIPPED	2026-08-28	e2e-test-results/qa-trd-group-a-b-2026-08-28/report.md		YES		2026-08-28
TRD	TRD-TC-B05h	B — Offer Lifecycle	Admin config: Validation — reject invalid values (0, 11)	1	SKIPPED	2026-08-28	e2e-test-results/qa-trd-group-a-b-2026-08-28/report.md		YES		2026-08-28
TRD	TRD-TC-B05i	B — Offer Lifecycle	Mobile client: Config fetch failure — graceful degradation	1	BLOCKED	2026-08-28	e2e-test-results/qa-trd-group-a-b-2026-08-28/report.md	YES	YES	re-opened (env/fixture) — PASS on record 2026-08-28 — 2026-08-28 | — (no QA toggle exists; simulating requires shared-staging mutation)	2026-08-28
TRD	TRD-TC-B05j	B — Offer Lifecycle	Regression: Per-seller scope + bundle=1 still hold after config change	1	BLOCKED	2026-08-28	e2e-test-results/qa-trd-group-a-b-2026-08-28/report.md	YES	YES	re-opened (env/fixture) — PASS on record 2026-08-28 — 🔴 BLOCKED | 2026-08-28 | — (requires admin_config write to cap=5 + admin portal)	2026-08-28
TRD	TRD-TC-B06	B — Offer Lifecycle	Card declined at offer submission	1	BLOCKED	2026-08-28	e2e-test-results/qa-trd-reverify-a02-b02-b06-2026-08-28/report.md	YES		BLOCKED, never passed (fixture/config/environment) — ✅ **PASS** | 2026-08-28 | `08*.png`, DB (no offer/SP)	
TRD	TRD-TC-B07	B — Offer Lifecycle	Expired offer timeline — no message button	1	PASS	2026-08-28	e2e-test-results/qa-trd-group-a-b-2026-08-28/report.md		YES		2026-08-28
TRD	TRD-TC-B08	B — Offer Lifecycle	Chat frozen after trade is cancelled or completed	1	PASS	2026-08-28	e2e-test-results/qa-trd-group-a-b-2026-08-28/report.md		YES		2026-08-28
TRD	TRD-TC-B09	B — Offer Lifecycle	Chat remains active for in_progress trades	1							
TRD	TRD-TC-B10	B — Offer Lifecycle	Replace Card path (saved card → new card)	1	PASS	2026-09-02	e2e-test-results/qa-task19-sub-kickoff-2026-09-02/report.md		YES		2026-09-02
TRD	TRD-TC-B11	B — Offer Lifecycle	Subscribe-upsell → JoinKidsClub	1							
TRD	TRD-TC-B12	B — Offer Lifecycle	SP info tooltip (not wired — flag)	1							
TRD	TRD-TC-B13	B — Offer Lifecycle	Duplicate-offer modal navigation (dead code — flag)	1							
TRD	TRD-TC-C01	C — SP Behavior	SP reserved on offer submission	1	PASS	2026-08-28	e2e-test-results/qa-trd-b-c-d-e-2026-08-28/report.md		YES		2026-08-27
TRD	TRD-TC-C02	C — SP Behavior	SP restored to buyer on seller decline	1	PASS	2026-08-28	e2e-test-results/qa-trd-b-c-d-e-2026-08-28/report.md		YES		2026-08-28
TRD	TRD-TC-C03	C — SP Behavior	SP restored to buyer on offer expiry	1	PASS	2026-08-28	e2e-test-results/qa-trd-b-c-d-e-2026-08-28/report.md		YES		2026-08-28
TRD	TRD-TC-C04	C — SP Behavior	SP stays reserved when seller accepts	1	PASS	2026-08-28	e2e-test-results/qa-trd-b-c-d-e-2026-08-28/report.md		YES		2026-08-28
TRD	TRD-TC-C05	C — SP Behavior	SP released to seller at trade completion	1	PASS	2026-08-28	e2e-test-results/qa-trd-b-c-d-e-2026-08-28/report.md		YES		2026-08-28
TRD	TRD-TC-C06	C — SP Behavior	SP restored to buyer on seller cancel (in_progress)	1	PASS	2026-08-28	e2e-test-results/qa-trd-b-c-d-e-2026-08-28/report.md		YES		2026-08-28
TRD	TRD-TC-C07	C — SP Behavior	Free user sees locked Use SP button + upgrade modal	1	PASS	2026-08-28	e2e-test-results/qa-trd-b-c-d-e-2026-08-28/report.md		YES		2026-08-28
TRD	TRD-TC-C08	C — SP Behavior	SP entry capped by the item's category cap (50–80%, admin-configurable)	1	PASS	2026-08-28	e2e-test-results/qa-trd-b-c-d-e-2026-08-28/report.md		YES		2026-08-28
TRD	TRD-TC-D01	D — Auto-Complete & Timers	Auto-complete when buyer never taps I Got It	1	PASS	2026-08-28	e2e-test-results/qa-trd-b-c-d-e-2026-08-28/report.md		YES		2026-08-28
TRD	TRD-TC-D02	D — Auto-Complete & Timers	Auto-complete skipped when dispute is open	1	SKIPPED	2026-08-28	e2e-test-results/qa-trd-b-c-d-e-2026-08-28/report.md				
TRD	TRD-TC-D03	D — Auto-Complete & Timers	Offer countdown pill color states	1	PASS	2026-08-28	e2e-test-results/qa-trd-b-c-d-e-2026-08-28/report.md		YES		2026-08-28
TRD	TRD-TC-D04	D — Auto-Complete & Timers	Auto-complete banner visible to buyer only	1	PASS	2026-08-28	e2e-test-results/qa-trd-b-c-d-e-2026-08-28/report.md		YES		2026-08-28
TRD	TRD-TC-D05	D — Auto-Complete & Timers	Post-meetup nudge after auto-complete	1							
TRD	TRD-TC-D06	W — Admin Bundle Trade Views	Pickup window drives the auto-complete deadline (R2 — configurable)	1							
TRD	TRD-TC-E01	E — Dispute Flow	Buyer opens Report a Problem modal	1	BLOCKED	2026-08-29	e2e-test-results/qa-task6-e-reverify-2026-08-29/report.md	YES		BLOCKED, never passed (fixture/config/environment) — Report Problem button occluded by the floating `PersistentTabBar` pill on the buyer in_progress timeline → dispute entry unreachable via UI | ✅ **PARTIAL** — **DEV-TASK-40** (2026-08-29) on-device ver	
TRD	TRD-TC-E02	E — Dispute Flow	Disputed trade does not auto-complete	1	PASS	2026-08-28	e2e-test-results/qa-trd-b-c-d-e-2026-08-28/report.md		YES		2026-08-28
TRD	TRD-TC-E03	E — Dispute Flow	Buyer UI during active dispute	1	PASS	2026-08-29	e2e-test-results/qa-task6-e-reverify-2026-08-29/report.md		YES		2026-08-28
TRD	TRD-TC-E04	E — Dispute Flow	Seller UI during active dispute	1	PASS	2026-08-29	e2e-test-results/qa-task6-e-reverify-2026-08-29/report.md		YES		2026-08-28
TRD	TRD-TC-E05	E — Dispute Flow	Admin resolves dispute → Complete	1							
TRD	TRD-TC-E06	E — Dispute Flow	Admin resolves dispute → Refund	1							
TRD	TRD-TC-E07	E — Dispute Flow	Report an Issue modal — no reason (disabled submit)	1	BLOCKED	2026-08-29	e2e-test-results/qa-task6-e-reverify-2026-08-29/report.md	YES		BLOCKED, never passed (fixture/config/environment) — `TradeDisputeScreen` registered but **no `navigate('TradeDispute')`** and **no deep link** → screen unreachable | ❌ **None** — DEV-TASK-42B **removed** the dead screen and **re-specified** E07–E10 to 	
TRD	TRD-TC-E08	E — Dispute Flow	Report an Issue modal — reason selected (non-Other)	1	BLOCKED	2026-08-29	e2e-test-results/qa-task6-e-reverify-2026-08-29/report.md	YES		BLOCKED, never passed (fixture/config/environment) — Same as E07 | ❌ **None** — re-specified, not yet re-run | same	
TRD	TRD-TC-E09	E — Dispute Flow	"Report an Issue modal — ""Other"" + min-20 description"	1	BLOCKED	2026-08-29	e2e-test-results/qa-task6-e-reverify-2026-08-29/report.md	YES		BLOCKED, never passed (fixture/config/environment) — Same as E07 | ❌ **None** — re-specified, not yet re-run | same	
TRD	TRD-TC-E10	E — Dispute Flow	Report an Issue modal — submitting + success/error	1	BLOCKED	2026-08-29	e2e-test-results/qa-task6-e-reverify-2026-08-29/report.md	YES		BLOCKED, never passed (fixture/config/environment) — Same as E07 | ❌ **None** — re-specified, not yet re-run | same	
TRD	TRD-TC-F01	F — Payout	Payout shown on completion (no dispute)	1	PASS	2026-08-29	e2e-test-results/qa-task5-trd-f-k-2026-08-29/report.md		YES		2026-08-29
TRD	TRD-TC-F02	F — Payout	Payout held when dispute is open	1	PASS	2026-08-29	e2e-test-results/qa-task5-trd-f-k-2026-08-29/report.md		YES		2026-08-29
TRD	TRD-TC-F03	F — Payout	Payout needs action when seller has no payout method	1	PASS	2026-08-29	e2e-test-results/qa-task5-trd-f-k-2026-08-29/report.md		YES		2026-08-29
TRD	TRD-TC-G01	G — Notifications	Offer expiry reminders to seller	1	PASS	2026-08-29	e2e-test-results/qa-task5-trd-f-k-2026-08-29/report.md		YES		2026-08-29
TRD	TRD-TC-G02	G — Notifications	Auto-complete reminders to buyer	1	PASS	2026-08-29	e2e-test-results/qa-task5-trd-f-k-2026-08-29/report.md		YES		2026-08-29
TRD	TRD-TC-G03	G — Notifications	Notification throttle per trade	1	PASS	2026-08-29	e2e-test-results/qa-task5-trd-f-k-2026-08-29/report.md		YES		2026-08-29
TRD	TRD-TC-G04	G — Notifications	Push notifications deep-link to correct screen	1							
TRD	TRD-TC-G05	G — Notifications	Buyer cancel-request notification to seller	2							
TRD	TRD-TC-G06	G — Notifications	Cancel-request outcome notifications to buyer	1							
TRD	TRD-TC-G07	G — Notifications	Cancel-request resolution (keep-trade) notifications	1							
TRD	TRD-TC-H01	H — Completion CTAs	Free buyer sees subscription CTA	1	PASS	2026-08-31	e2e-test-results/qa-task16-close-trd-2026-08-31/report.md		YES		2026-08-29
TRD	TRD-TC-H02	H — Completion CTAs	"Subscriber buyer used SP — ""You saved $X"""	1	PASS	2026-08-31	e2e-test-results/qa-task16-close-trd-2026-08-31/report.md		YES		2026-08-29
TRD	TRD-TC-H03	H — Completion CTAs	Subscriber seller on Accept SP listing — SP pending notice	1	PASS	2026-08-31	e2e-test-results/qa-task16-close-trd-2026-08-31/report.md		YES		2026-08-29
TRD	TRD-TC-H04	H — Completion CTAs	Subscriber seller on Cash Only listing — upsell	1	PASS	2026-08-31	e2e-test-results/qa-task16-close-trd-2026-08-31/report.md		YES		2026-08-29
TRD	TRD-TC-H05	H — Completion CTAs	Subscription lifecycle — trial / paid / cancel regression	1	BLOCKED	2026-08-29	e2e-test-results/qa-task5-trd-f-k-2026-08-29/report.md	YES		BLOCKED, never passed (fixture/config/environment)	
TRD	TRD-TC-I01	I — Safety UX	Safe meetup card on in_progress trade	1	PASS	2026-08-29	e2e-test-results/qa-task5-trd-f-k-2026-08-29/report.md		YES		2026-08-29
TRD	TRD-TC-I02	I — Safety UX	Safe meetup card dismissible per trade	1	PASS	2026-08-29	e2e-test-results/qa-task5-trd-f-k-2026-08-29/report.md		YES		2026-08-29
TRD	TRD-TC-I03	I — Safety UX	In-chat safety banner persistent	1	PASS	2026-08-29	e2e-test-results/qa-task5-trd-f-k-2026-08-29/report.md		YES		2026-08-29
TRD	TRD-TC-I04	I — Safety UX	Pre-first-message safety modal once per listing	1	PASS	2026-08-29	e2e-test-results/qa-task5-trd-f-k-2026-08-29/report.md		YES		2026-08-29
TRD	TRD-TC-I05	I — Safety UX	Chat quick-reply chips on in_progress trade	1	FAIL	2026-08-29	e2e-test-results/qa-task5-trd-f-k-2026-08-29/report.md	YES		FAIL, unresolved	
TRD	TRD-TC-I06	I — Safety UX	Liability disclaimer modal gates purchase (checkbox + Accept & Continue)	1	PASS	2026-08-31	e2e-test-results/qa-task16-close-trd-2026-08-31/report.md		YES		2026-08-29
TRD	TRD-TC-I07	I — Safety UX	Disclaimer modal Cancel path — no trade created	1	PASS	2026-08-31	e2e-test-results/qa-task16-close-trd-2026-08-31/report.md		YES		2026-08-29
TRD	TRD-TC-I08	I — Safety UX	Disclaimer modal ✕ close behaves like Cancel	1	PASS	2026-08-31	e2e-test-results/qa-task16-close-trd-2026-08-31/report.md		YES		2026-08-29
TRD	TRD-TC-I09	I — Safety UX	Disclaimer checkbox resets to unchecked on reopen	1	PASS	2026-08-31	e2e-test-results/qa-task16-close-trd-2026-08-31/report.md		YES		2026-08-29
TRD	TRD-TC-I10	I — Safety UX	Disclaimer modal loading state	1	PASS	2026-08-29	e2e-test-results/qa-task5-trd-f-k-2026-08-29/report.md		YES		2026-08-29
TRD	TRD-TC-I11	I — Safety UX	Disclaimer modal not shown for non-trade actions	1	PASS	2026-08-29	e2e-test-results/qa-task5-trd-f-k-2026-08-29/report.md		YES		2026-08-29
TRD	TRD-TC-J01	J — Seller Cancel Consequences	Seller cancels in_progress trade → Level 1	1	FAIL	2026-08-29	e2e-test-results/qa-task5-trd-f-k-2026-08-29/report.md	YES		FAIL, unresolved	
TRD	TRD-TC-J02	J — Seller Cancel Consequences	2nd post-acceptance cancel → Level 2	1	FAIL	2026-08-29	e2e-test-results/qa-task5-trd-f-k-2026-08-29/report.md	YES		FAIL, unresolved	
TRD	TRD-TC-J03	J — Seller Cancel Consequences	3rd post-acceptance cancel → Level 3	1	FAIL	2026-08-29	e2e-test-results/qa-task5-trd-f-k-2026-08-29/report.md	YES		FAIL, unresolved	
TRD	TRD-TC-J04	J — Seller Cancel Consequences	Seller cancel button only on in_progress	1	PASS	2026-08-29	e2e-test-results/qa-task5-trd-f-k-2026-08-29/report.md		YES		2026-08-29
TRD	TRD-TC-J05	J — Seller Cancel Consequences	Seller cancel modal shows seller reasons only	1	PASS	2026-08-29	e2e-test-results/qa-task5-trd-f-k-2026-08-29/report.md		YES		2026-08-29
TRD	TRD-TC-K01	K — Value Stack & Fees	Subscriber sees $1.49 fee + Sales Tax line in value stack	1	PASS	2026-08-29	e2e-test-results/qa-task5-trd-f-k-2026-08-29/report.md		YES		2026-08-29
TRD	TRD-TC-K02	K — Value Stack & Fees	Non-subscriber sees tiered fee (first-trade $1.49) + Sales Tax line in value stack	1	PASS	2026-08-29	e2e-test-results/qa-task5-trd-f-k-2026-08-29/report.md		YES		2026-08-29
TRD	TRD-TC-K03	K — Value Stack & Fees	SP discount row conditional on SP used	1	PASS	2026-08-29	e2e-test-results/qa-task5-trd-f-k-2026-08-29/report.md		YES		2026-08-29
TRD	TRD-TC-K04	K — Value Stack & Fees	Bundle checkout — fee charged per item (admin toggle OFF)	1	PASS	2026-08-29	e2e-test-results/qa-task5-trd-f-k-2026-08-29/report.md		YES		2026-08-29
TRD	TRD-TC-K05	K — Value Stack & Fees	Bundle checkout — one fee per bundle (admin toggle ON)	1	PASS	2026-08-29	e2e-test-results/qa-task5-trd-f-k-2026-08-29/report.md		YES		2026-08-29
TRD	TRD-TC-K06	K — Value Stack & Fees	Bundle timeline — fee display matches charge mode	1	PASS	2026-08-29	e2e-test-results/qa-task5-trd-f-k-2026-08-29/report.md		YES		2026-08-29
TRD	TRD-TC-K07	K — Value Stack & Fees	Admin partial refund — refund price only, keep fee	1	PASS (partial)	2026-08-29	e2e-test-results/qa-task5-trd-f-k-2026-08-29/report.md		YES		2026-08-29
TRD	TRD-TC-K08	K — Value Stack & Fees	Admin partial refund — tax ledger partially refunded	1	PASS	2026-08-29	e2e-test-results/qa-task5-trd-f-k-2026-08-29/report.md		YES		2026-08-29
TRD	TRD-TC-K09	K — Value Stack & Fees	Payments reconciliation page — charged vs refunded per trade	1	PASS (partial)	2026-08-29	e2e-test-results/qa-task5-trd-f-k-2026-08-29/report.md		YES		2026-08-29
TRD	TRD-TC-K10	K — Value Stack & Fees	Server-side enforcement — one-fee-per-bundle with stale client	1							
TRD	TRD-TC-K11	K — Value Stack & Fees	Seller fee = 5% × cash portion (SP trade)	1	PASS	2026-08-31	e2e-test-results/qa-task16-close-trd-2026-08-31/report.md		YES		2026-08-29
TRD	TRD-TC-L01	L — Bundle Flows	Bundle banner on trade detail	1							
TRD	TRD-TC-L02	L — Bundle Flows	Confirm All shortcut for bundle (buyer)	1							
TRD	TRD-TC-L03	L — Bundle Flows	Bundle offer rows in Offers tab (seller)	1							
TRD	TRD-TC-L04	L — Bundle Flows	Non-bundle offers render as single rows	1							
TRD	TRD-TC-L05	L — Bundle Flows	In-progress bundles section in Buying tab	1							
TRD	TRD-TC-L06	L — Bundle Flows	Bundle banner in Review Offer screen	1							
TRD	TRD-TC-L07	L — Bundle Flows	Accept All N Items in Review Offer screen	1							
TRD	TRD-TC-L08	L — Bundle Flows	Individual accept/decline alongside bundle siblings	1							
TRD	TRD-TC-L09	L — Bundle Flows	Bundle card in Your Offers (buyer)	1							
TRD	TRD-TC-L10	L — Bundle Flows	Bundle cancel prompt (buyer + seller)	1							
TRD	TRD-TC-L11	L — Bundle Flows	Bundle checkout skips items already in an active trade — buyer notified, flow continues	1							
TRD	TRD-TC-M01	M — Cart (End User)	Add first item → active cart created	1							
TRD	TRD-TC-M02	M — Cart (End User)	Add second item from same seller	1							
TRD	TRD-TC-M03	M — Cart (End User)	Add item from different seller → choice modal	1							
TRD	TRD-TC-M04	M — Cart (End User)	Replace Cart option	1							
TRD	TRD-TC-M05	M — Cart (End User)	Cannot add own item to cart	1	PASS	2026-08-30	e2e-test-results/qa-task9-dt63-fix-verify-2026-08-30/report.md		YES		2026-08-30
TRD	TRD-TC-M06	M — Cart (End User)	Cannot add unavailable / out-of-node item	1							
TRD	TRD-TC-M07	M — Cart (End User)	Duplicate item prevented in same cart	1							
TRD	TRD-TC-M08	M — Cart (End User)	Remove item from cart	1							
TRD	TRD-TC-M09	M — Cart (End User)	Clear cart	1							
TRD	TRD-TC-M10	M — Cart (End User)	Saved carts: max 3, server rejects 4th save, switch cart	1	PASS	2026-08-30	e2e-test-results/qa-task9-dt63-fix-verify-2026-08-30/report.md		YES		2026-08-30
TRD	TRD-TC-M11	M — Cart (End User)	Minimum cart value warning + checkout blocked	1							
TRD	TRD-TC-M12	M — Cart (End User)	Max SP available shown per cart item (subscriber)	1	PASS	2026-08-30	e2e-test-results/qa-task9-dt63-fix-verify-2026-08-30/report.md		YES		2026-08-30
TRD	TRD-TC-M13	M — Cart (End User)	Realtime: item becomes unavailable while in cart	1	PASS	2026-08-30	e2e-test-results/qa-task9-dt63-fix-verify-2026-08-30/report.md		YES		2026-08-30
TRD	TRD-TC-M14	M — Cart (End User)	Favorites add / remove	1							
TRD	TRD-TC-M15	M — Cart (End User)	Favorites screen: availability + empty state	1							
TRD	TRD-TC-M16	M — Cart (End User)	Success toast appears and auto-dismisses on add-to-cart	1							
TRD	TRD-TC-M17	M — Cart (End User)	Cart badge increments in sync with toast	1							
TRD	TRD-TC-M18	M — Cart (End User)	"Toast copy uses ""Trade Basket"" terminology"	1							
TRD	TRD-TC-M19	M — Cart (End User)	Home dashboard Favorites quick-action tile navigates to Favorites	1							
TRD	TRD-TC-M20	M — Cart (End User)	Discover header heart icon navigates to Favorites	1	PASS	2026-08-30	e2e-test-results/qa-task9-dt63-fix-verify-2026-08-30/report.md		YES		2026-08-30
TRD	TRD-TC-N01	N — Cart (Admin)	Admin sets minimum cart value → reflects in app	1							
TRD	TRD-TC-N02	N — Cart (Admin)	Admin minimum cart value validation	1	PASS	2026-08-30	e2e-test-results/qa-task9-dt63-fix-verify-2026-08-30/report.md		YES		2026-08-30
TRD	TRD-TC-N03	N — Cart (Admin)	Admin updates Minimum Listing Price on Config → Fees tab	1							
TRD	TRD-TC-N04	N — Cart (Admin)	Seller cannot publish single-item listing below threshold	1	PASS	2026-08-30	e2e-test-results/qa-task11-nopqr-2026-08-30/report.md		YES		2026-08-30
TRD	TRD-TC-N05	N — Cart (Admin)	Bulk: below-threshold items flagged, valid items publish	1	PASS (partial)	2026-08-31	e2e-test-results/qa-task13-dt71-dt72-verify-2026-08-31/report.md		YES		2026-08-31
TRD	TRD-TC-N06	N — Cart (Admin)	Existing listing auto-paused when threshold raised above price	1	PASS	2026-08-30	e2e-test-results/qa-task12-close-2026-08-30/report.md		YES		2026-08-30
TRD	TRD-TC-N07	N — Cart (Admin)	Seller raises price to meet threshold → listing repurchasable	1							
TRD	TRD-TC-N08	N — Cart (Admin)	Regression: single-item + bundle checkout at/above threshold	1							
TRD	TRD-TC-N09	N — Cart (Admin)	Price adjustment modal displays correct copy and button text (single-item)	1	PASS	2026-08-30	e2e-test-results/qa-task11-nopqr-2026-08-30/report.md		YES		2026-08-30
TRD	TRD-TC-N10	N — Cart (Admin)	"""Update Price"" dismisses modal and auto-scrolls + auto-focuses price field (single-item)"	1	PASS	2026-08-30	e2e-test-results/qa-task11-nopqr-2026-08-30/report.md		YES		2026-08-30
TRD	TRD-TC-N11	N — Cart (Admin)	Price adjustment modal in edit listing flow (single-item edit)	1	PASS	2026-08-30	e2e-test-results/qa-task11-nopqr-2026-08-30/report.md		YES		2026-08-30
TRD	TRD-TC-N12	N — Cart (Admin)	Bulk listing: per-item chip shows dynamic threshold in missing-required warning	1	PASS	2026-08-30	e2e-test-results/qa-task11-nopqr-2026-08-30/report.md		YES		2026-08-30
TRD	TRD-TC-N13	N — Cart (Admin)	Bulk listing: publish failure shows clear error message for below-threshold items	1	PASS (partial)	2026-08-31	e2e-test-results/qa-task13-dt71-dt72-verify-2026-08-31/report.md		YES		2026-08-31
TRD	TRD-TC-N14	N — Cart (Admin)	Regression: minimum-price validation still blocks publish in single-item and bulk flows	1	PASS (partial)	2026-08-31	e2e-test-results/qa-task13-dt71-dt72-verify-2026-08-31/report.md		YES		2026-08-30
TRD	TRD-TC-N2	W — Admin Bundle Trade Views	Retried offer submission → exactly 1 PaymentIntent / 1 trade / 1 SP reservation / 1 audit row	1							
TRD	TRD-TC-O01	O — Tax (End User)	Sales tax shown in checkout/cart breakdown (0 SP)	1	PASS	2026-08-30	e2e-test-results/qa-task11-nopqr-2026-08-30/report.md		YES		2026-08-30
TRD	TRD-TC-O02	O — Tax (End User)	Tax base stays on full item price as SP entry changes (offer + checkout)	1	PASS	2026-08-30	e2e-test-results/qa-task11-nopqr-2026-08-30/report.md		YES		2026-08-30
TRD	TRD-TC-O03	O — Tax (End User)	Tax $0 when globally disabled	1	PASS	2026-08-30	e2e-test-results/qa-task12-close-2026-08-30/report.md		YES		2026-08-30
TRD	TRD-TC-O04	O — Tax (End User)	Tax $0 when node tax disabled	1	PASS	2026-08-30	e2e-test-results/qa-task12-close-2026-08-30/report.md		YES		2026-08-30
TRD	TRD-TC-O05	O — Tax (End User)	Tax-exempt user sees Tax Free badge	1	PASS	2026-08-30	e2e-test-results/qa-task11-nopqr-2026-08-30/report.md		YES		2026-08-30
TRD	TRD-TC-O06	O — Tax (End User)	Transaction history shows tax details	1	PASS	2026-08-30	e2e-test-results/qa-task11-nopqr-2026-08-30/report.md		YES		2026-08-30
TRD	TRD-TC-O07	O — Tax (End User)	Refund shows proportional tax refunded	1	PASS	2026-08-31	e2e-test-results/qa-task14-dt73-u-y-2026-08-31/report.md		YES		2026-08-31
TRD	TRD-TC-O08	O — Tax (End User)	Tax shown on trade timeline/detail for buyer only	1	PASS	2026-08-30	e2e-test-results/qa-task11-nopqr-2026-08-30/report.md		YES		2026-08-30
TRD	TRD-TC-O1	O-1 — Tax Categories (Admin Config)	Admin creates a new tax rule for general_tangible_goods	1	PASS	2026-08-30	e2e-test-results/qa-task12-close-2026-08-30/report.md		YES		2026-08-30
TRD	TRD-TC-O2	O-2 — Tax Status Lifecycle	Single taxable item, no SP — offer is quoted/authorized, not collected	1	PASS	2026-08-30	e2e-test-results/qa-task11-nopqr-2026-08-30/report.md		YES		2026-08-30
TRD	TRD-TC-O3	O-3 — Tax Refund & Reconciliation	"Buyer wording: ""Payment authorized"" before capture (Awaiting Seller)"	1	PASS	2026-08-30	e2e-test-results/qa-task11-nopqr-2026-08-30/report.md		YES		2026-08-30
TRD	TRD-TC-P01	P — Tax (Admin)	Node tax rate config (view/edit, validation)	1	PASS	2026-08-30	e2e-test-results/qa-task12-close-2026-08-30/report.md		YES		2026-08-30
TRD	TRD-TC-P02	P — Tax (Admin)	Bulk tax update across nodes	1							
TRD	TRD-TC-P03	P — Tax (Admin)	Tax rate change history / audit	1							
TRD	TRD-TC-P04	P — Tax (Admin)	Global tax settings toggle + warning banner	1	PASS	2026-08-30	e2e-test-results/qa-task12-close-2026-08-30/report.md		YES		2026-08-30
TRD	TRD-TC-P05	P — Tax (Admin)	Tax reporting dashboard: summary + date presets	1	PASS	2026-08-30	e2e-test-results/qa-task12-close-2026-08-30/report.md		YES		2026-08-30
TRD	TRD-TC-P06	P — Tax (Admin)	Jurisdiction breakdown + 7 report types	1	PASS	2026-08-30	e2e-test-results/qa-task12-close-2026-08-30/report.md		YES		2026-08-30
TRD	TRD-TC-P07	P — Tax (Admin)	CSV export for filing	1							
TRD	TRD-TC-P08	P — Tax (Admin)	Admin changes rate → new transactions use new rate	1	PASS	2026-08-30	e2e-test-results/qa-task12-close-2026-08-30/report.md		YES		2026-08-30
TRD	TRD-TC-Q01	Q — Reviews & Ratings	Review prompt ([Rate Seller] / [Rate Buyer]) on completion	1	PASS	2026-08-30	e2e-test-results/qa-task11-nopqr-2026-08-30/report.md		YES		2026-08-30
TRD	TRD-TC-Q02	Q — Reviews & Ratings	Star rating required — submit blocked without rating	1	PASS	2026-08-30	e2e-test-results/qa-task11-nopqr-2026-08-30/report.md		YES		2026-08-30
TRD	TRD-TC-Q03	Q — Reviews & Ratings	Comment optional, max 500 characters	1	PASS	2026-08-30	e2e-test-results/qa-task11-nopqr-2026-08-30/report.md		YES		2026-08-30
TRD	TRD-TC-Q04	Q — Reviews & Ratings	Anonymous review hides reviewer identity	1	PASS	2026-08-30	e2e-test-results/qa-task11-nopqr-2026-08-30/report.md		YES		2026-08-30
TRD	TRD-TC-Q05	Q — Reviews & Ratings	Skip review — no blocking, no re-prompt for same trade	1	PASS	2026-08-31	e2e-test-results/qa-task14-dt73-u-y-2026-08-31/report.md		YES		2026-08-31
TRD	TRD-TC-Q06	Q — Reviews & Ratings	Mutual review status shown on completed trade detail	1	PASS	2026-08-30	e2e-test-results/qa-task11-nopqr-2026-08-30/report.md		YES		2026-08-30
TRD	TRD-TC-Q07	Q — Reviews & Ratings	Completed reviews visible on counterparty's profile	1	PASS	2026-08-30	e2e-test-results/qa-task11-nopqr-2026-08-30/report.md		YES		2026-08-30
TRD	TRD-TC-Q08	Q — Reviews & Ratings	Average rating and total review count on user profile	1	PASS	2026-08-30	e2e-test-results/qa-task11-nopqr-2026-08-30/report.md		YES		2026-08-30
TRD	TRD-TC-Q09	Q — Reviews & Ratings	Rating breakdown (5 → 1 stars) on profile	1	PASS	2026-08-30	e2e-test-results/qa-task11-nopqr-2026-08-30/report.md		YES		2026-08-30
TRD	TRD-TC-Q10	Q — Reviews & Ratings	Edit review succeeds within 24h window	1							
TRD	TRD-TC-Q11	Q — Reviews & Ratings	Edit blocked after 24h window	1							
TRD	TRD-TC-Q12	Q — Reviews & Ratings	One review per trade — duplicate submission blocked	1	PASS	2026-08-30	e2e-test-results/qa-task11-nopqr-2026-08-30/report.md		YES		2026-08-30
TRD	TRD-TC-Q13	Q — Reviews & Ratings	30-day same-counterparty cooldown enforced	1							
TRD	TRD-TC-Q14	Q — Reviews & Ratings	24h post-completion cooldown — review locked	1							
TRD	TRD-TC-Q15	Q — Reviews & Ratings	Flag a review (select reason)	1	PASS	2026-08-31	e2e-test-results/qa-task14-dt73-u-y-2026-08-31/report.md		YES		2026-08-31
TRD	TRD-TC-Q16	Q — Reviews & Ratings	Auto-hide review after 3+ reports	1							
TRD	TRD-TC-Q17	Q — Reviews & Ratings	Cannot flag own review	1	PASS	2026-08-31	e2e-test-results/qa-task14-dt73-u-y-2026-08-31/report.md		YES		2026-08-31
TRD	TRD-TC-Q18	Q — Reviews & Ratings	Admin moderation queue — reported reviews with counts	1	PASS	2026-08-30	e2e-test-results/qa-task12-close-2026-08-30/report.md		YES		2026-08-30
TRD	TRD-TC-Q19	Q — Reviews & Ratings	Admin approves (unhides) a reported review	1	PASS	2026-08-30	e2e-test-results/qa-task12-close-2026-08-30/report.md		YES		2026-08-30
TRD	TRD-TC-Q20	Q — Reviews & Ratings	Admin deletes a reported review	1	PASS	2026-08-30	e2e-test-results/qa-task12-close-2026-08-30/report.md		YES		2026-08-30
TRD	TRD-TC-R01	R — Refund & Cancellation State Machine	Buyer cancels pending trade → cancelled, auth voided, SP restored	1	PASS	2026-08-30	e2e-test-results/qa-task11-nopqr-2026-08-30/report.md		YES		2026-08-30
TRD	TRD-TC-R02	R — Refund & Cancellation State Machine	Seller declines pending offer → cancelled, SP restored	1	PASS	2026-08-30	e2e-test-results/qa-task11-nopqr-2026-08-30/report.md		YES		2026-08-30
TRD	TRD-TC-R03	R — Refund & Cancellation State Machine	Offer expiry → auto-cancel + competing offers cancelled	1	PASS	2026-08-30	e2e-test-results/qa-task11-nopqr-2026-08-30/report.md		YES		2026-08-30
TRD	TRD-TC-R04	R — Refund & Cancellation State Machine	Card declined at offer submission → no trade created	1	PASS	2026-08-30	e2e-test-results/qa-task11-nopqr-2026-08-30/report.md		YES		2026-08-30
TRD	TRD-TC-R05	R — Refund & Cancellation State Machine	Seller cancels in_progress → refund + consequence level	1	PASS	2026-08-30	e2e-test-results/qa-task11-nopqr-2026-08-30/report.md		YES		2026-08-30
TRD	TRD-TC-R06	R — Refund & Cancellation State Machine	Refund settlement breakdown (cash + proportional tax + fee)	1	PASS	2026-08-31	e2e-test-results/qa-task13-dt71-dt72-verify-2026-08-31/report.md		YES		2026-08-30
TRD	TRD-TC-R07	T — Points Redemption (Bundle Checkout)	SP reversal on refund (reserved/transferred returned)	1							
TRD	TRD-TC-R08	T — Points Redemption (Bundle Checkout)	Seller payout withheld / cancelled on refund	1	PASS	2026-08-30	e2e-test-results/qa-task11-nopqr-2026-08-30/report.md		YES		2026-08-30
TRD	TRD-TC-R09	T — Points Redemption (Bundle Checkout)	Admin dispute resolve → Refund (full settlement)	1							
TRD	TRD-TC-R10	T — Points Redemption (Bundle Checkout)	Admin dispute resolve → Complete (no refund)	1							
TRD	TRD-TC-R11	T — Points Redemption (Bundle Checkout)	Refund / cancellation notifications to both parties	1							
TRD	TRD-TC-R12	T — Points Redemption (Bundle Checkout)	Refund idempotency — no double refund	1							
TRD	TRD-TC-R13	T — Points Redemption (Bundle Checkout)	Cancelled / refunded trade status + timeline	1							
TRD	TRD-TC-S01	S — Seller Group & Bundle Discovery	Different-seller modal uses generic copy (no seller name leak)	1	PASS	2026-08-30	e2e-test-results/qa-task12-close-2026-08-30/report.md		YES		2026-08-30
TRD	TRD-TC-S02	S — Seller Group & Bundle Discovery	"""More from this seller"" icon appears only when 2+ approved listings"	1	PASS	2026-08-30	e2e-test-results/qa-task12-close-2026-08-30/report.md		YES		2026-08-30
TRD	TRD-TC-S03	S — Seller Group & Bundle Discovery	"""More from this seller"" icon hidden when seller has exactly 1 listing"	1							
TRD	TRD-TC-S04	S — Seller Group & Bundle Discovery	"Tapping icon opens ""More from this seller"" page — no seller identity"	1	PASS	2026-08-30	e2e-test-results/qa-task12-close-2026-08-30/report.md		YES		2026-08-30
TRD	TRD-TC-S05	S — Seller Group & Bundle Discovery	Add to Cart from filtered seller page populates cart correctly	1	PASS	2026-08-30	e2e-test-results/qa-task12-close-2026-08-30/report.md		YES		2026-08-30
TRD	TRD-TC-S06	S — Seller Group & Bundle Discovery	"""Matches Your Cart"" indicator on filtered seller page"	1							
TRD	TRD-TC-S07	S — Seller Group & Bundle Discovery	Bundle CTA appears on CartScreen with 2+ same-seller items	1	PASS	2026-08-30	e2e-test-results/qa-task12-close-2026-08-30/report.md		YES		2026-08-30
TRD	TRD-TC-S08	S — Seller Group & Bundle Discovery	Bundle CTA hidden with single item or empty cart	1							
TRD	TRD-TC-S09	S — Seller Group & Bundle Discovery	Bundle CTA navigates to checkout in bundle mode	1	PASS	2026-08-30	e2e-test-results/qa-task12-close-2026-08-30/report.md		YES		2026-08-30
TRD	TRD-TC-S10	S — Seller Group & Bundle Discovery	"Bundle checkout shows ""Bundle Offer"" banner"	1							
TRD	TRD-TC-S11	S — Seller Group & Bundle Discovery	Regression: Discover/search grid unchanged (no badges)	1							
TRD	TRD-TC-S12	S — Seller Group & Bundle Discovery	Regression: single-item offer flow unchanged	1							
TRD	TRD-TC-S13	S — Seller Group & Bundle Discovery	Regression: seller identity unlocks only post-acceptance	1	PASS	2026-08-30	e2e-test-results/qa-task12-close-2026-08-30/report.md		YES		2026-08-30
TRD	TRD-TC-S14	S — Seller Group & Bundle Discovery	More from seller — Item Detail CTA in standalone position (below seller card)	1	PASS	2026-08-30	e2e-test-results/qa-task12-close-2026-08-30/report.md		YES		2026-08-30
TRD	TRD-TC-S15	S — Seller Group & Bundle Discovery	More from seller — Item Detail CTA hidden at 0 additional listings	1							
TRD	TRD-TC-S16	S — Seller Group & Bundle Discovery	"More from seller — Item Detail CTA does not disrupt ""Matches Your Cart"" badge"	1							
TRD	TRD-TC-S17	S — Seller Group & Bundle Discovery	More from seller — Trade Basket banner shows correct remaining-item count	1	PASS	2026-08-30	e2e-test-results/qa-task12-close-2026-08-30/report.md		YES		2026-08-30
TRD	TRD-TC-S18	S — Seller Group & Bundle Discovery	More from seller — Trade Basket banner recalculates after adding item from filtered page	1							
TRD	TRD-TC-S19	S — Seller Group & Bundle Discovery	More from seller — Trade Basket banner disappears when all seller's listings are in basket	1							
TRD	TRD-TC-S20	S — Seller Group & Bundle Discovery	More from seller — Trade Basket banner dismissible via X button	1	PASS	2026-08-30	e2e-test-results/qa-task12-close-2026-08-30/report.md		YES		2026-08-30
TRD	TRD-TC-S21	S — Seller Group & Bundle Discovery	More from seller — Banner and filtered page never reveal seller identity	1	PASS	2026-08-30	e2e-test-results/qa-task12-close-2026-08-30/report.md		YES		2026-08-30
TRD	TRD-TC-S22	S — Seller Group & Bundle Discovery	Regression: Seller Info card elements unchanged	1							
TRD	TRD-TC-S23	S — Seller Group & Bundle Discovery	Regression: Trade Basket subtotal/total/bundle CTA layout unaffected	1	PASS	2026-08-30	e2e-test-results/qa-task12-close-2026-08-30/report.md		YES		2026-08-30
TRD	TRD-TC-S24	S — Seller Group & Bundle Discovery	More from seller — Return-to-Cart navigation after adding item from filtered page	1							
TRD	TRD-TC-T01	T — Points Redemption (Bundle Checkout)	"SP input appears only on eligible items; ineligible show ""Not eligible"" label"	1	PASS	2026-08-31	e2e-test-results/qa-task13-dt71-dt72-verify-2026-08-31/report.md		YES		2026-08-30
TRD	TRD-TC-T02	T — Points Redemption (Bundle Checkout)	Entered SP applies correct amount (wallet + category cap both sufficient)	1							
TRD	TRD-TC-T03	T — Points Redemption (Bundle Checkout)	"Entered SP applies partial amount with ""Limited by your SP balance"" subtext when wallet insufficient"	1	PASS	2026-08-31	e2e-test-results/qa-task13-dt71-dt72-verify-2026-08-31/report.md		YES		2026-08-30
TRD	TRD-TC-T04	T — Points Redemption (Bundle Checkout)	Category cap limits applied points even when wallet covers more	1	PASS	2026-08-31	e2e-test-results/qa-task16-close-trd-2026-08-31/report.md		YES		2026-08-31
TRD	TRD-TC-T05	T — Points Redemption (Bundle Checkout)	Clearing SP restores balance for sequential allocation	1	PASS	2026-08-31	e2e-test-results/qa-task13-dt71-dt72-verify-2026-08-31/report.md		YES		2026-08-30
TRD	TRD-TC-T06	T — Points Redemption (Bundle Checkout)	"Running ""Points remaining"" counter updates accurately across entries/clears"	1	PASS	2026-08-31	e2e-test-results/qa-task16-close-trd-2026-08-31/report.md		YES		2026-08-30
TRD	TRD-TC-T07	T — Points Redemption (Bundle Checkout)	"Order Summary ""Points Applied"" line and cash total correct after multiple SP entries"	1							
TRD	TRD-TC-T08	T — Points Redemption (Bundle Checkout)	Seller Review Offer shows per-item points breakdown	1	PASS	2026-08-31	e2e-test-results/qa-task16-close-trd-2026-08-31/report.md		YES		2026-08-31
TRD	TRD-TC-T09	T — Points Redemption (Bundle Checkout)	"Seller Review Offer shows ""Total Payout"" and ""Buyer's Total Paid"" correctly"	1							
TRD	TRD-TC-T10	T — Points Redemption (Bundle Checkout)	"""Includes points redemption"" tag on seller's offer list/inbox card"	1	PASS	2026-08-31	e2e-test-results/qa-task16-close-trd-2026-08-31/report.md		YES		2026-08-31
TRD	TRD-TC-T11	T — Points Redemption (Bundle Checkout)	Wallet ledger: buyer debited at offer, seller credited + bonus at completion	1							
TRD	TRD-TC-T12	T — Points Redemption (Bundle Checkout)	No ledger transaction on offer decline	1							
TRD	TRD-TC-T13	T — Points Redemption (Bundle Checkout)	Regression: single-item (non-bundle) offer flow with SP still works	1							
TRD	TRD-TC-T14	T — Points Redemption (Bundle Checkout)	"Regression: bundle CTA, different-seller modal, ""more from this seller"" still functional"	1							
TRD	TRD-TC-U01	U — Top Nav Header Pattern Consistency	Root/tab screens use pattern 1 (no back button, greeting/avatar/title, bell)	1							
TRD	TRD-TC-U02	U — Top Nav Header Pattern Consistency	Secondary/detail screens use pattern 2 (back button + title + bell)	1							
TRD	TRD-TC-U03	U — Top Nav Header Pattern Consistency	Notification bell behavior + badge accuracy	1							
TRD	TRD-TC-U04	U — Top Nav Header Pattern Consistency	Screens without ScreenLayout still have working headers	1							
TRD	TRD-TC-U05	U — Top Nav Header Pattern Consistency	Checkout/payment screens intentionally hide the bell	1							
TRD	TRD-TC-V01	V — Copy Rename Verification	"""Basket"" (short form) appears in bottom tab bar"	1	FAIL	2026-08-31	e2e-test-results/qa-task14-dt73-u-y-2026-08-31/report.md	YES		FAIL, unresolved	
TRD	TRD-TC-V02	V — Copy Rename Verification	"""Trade Basket"" appears as screen title on Cart screen"	1	PASS	2026-08-31	e2e-test-results/qa-task14-dt73-u-y-2026-08-31/report.md		YES		2026-08-31
TRD	TRD-TC-V03	V — Copy Rename Verification	"Empty state shows ""trade basket"" in copy"	1	PASS	2026-08-31	e2e-test-results/qa-task14-dt73-u-y-2026-08-31/report.md		YES		2026-08-31
TRD	TRD-TC-V04	V — Copy Rename Verification	"""View Trade Basket"" button on Item Detail screen"	1	PASS	2026-08-31	e2e-test-results/qa-task14-dt73-u-y-2026-08-31/report.md		YES		2026-08-31
TRD	TRD-TC-V05	V — Copy Rename Verification	"""Add to Trade Basket"" button on More from This Seller screen"	1	PASS	2026-08-31	e2e-test-results/qa-task14-dt73-u-y-2026-08-31/report.md		YES		2026-08-31
TRD	TRD-TC-V06	V — Copy Rename Verification	"""In Trade Basket"" status on More from This Seller items already in basket"	1	PASS	2026-08-31	e2e-test-results/qa-task14-dt73-u-y-2026-08-31/report.md		YES		2026-08-31
TRD	TRD-TC-V07	V — Copy Rename Verification	"""Added to Trade Basket"" alert on item add"	1	PASS	2026-08-31	e2e-test-results/qa-task14-dt73-u-y-2026-08-31/report.md		YES		2026-08-31
TRD	TRD-TC-V08	V — Copy Rename Verification	"""Matches Your Trade Basket"" badge on matching items"	1	FAIL	2026-08-31	e2e-test-results/qa-task14-dt73-u-y-2026-08-31/report.md	YES		FAIL, unresolved	
TRD	TRD-TC-V09	V — Copy Rename Verification	"Different-seller modal references ""trade basket"""	1	PASS	2026-08-31	e2e-test-results/qa-task14-dt73-u-y-2026-08-31/report.md		YES		2026-08-31
TRD	TRD-TC-V10	V — Copy Rename Verification	"Bundle CTA says ""Make one offer"" (no ""Bundle"" visible)"	1	PASS	2026-08-31	e2e-test-results/qa-task14-dt73-u-y-2026-08-31/report.md		YES		2026-08-31
TRD	TRD-TC-V11	V — Copy Rename Verification	"""Combined Offer"" banner on checkout (no ""Bundle"" visible)"	1	PASS	2026-08-31	e2e-test-results/qa-task14-dt73-u-y-2026-08-31/report.md		YES		2026-08-31
TRD	TRD-TC-V12	V — Copy Rename Verification	"Bundle Builder screen title shows ""Build Offer"" (no ""Bundle"" visible)"	1	PASS	2026-08-31	e2e-test-results/qa-task14-dt73-u-y-2026-08-31/report.md		YES		2026-08-31
TRD	TRD-TC-V13	V — Copy Rename Verification	"Favorites ""Added to Trade Basket"" alert copy"	1							
TRD	TRD-TC-V14	V — Copy Rename Verification	Functional behavior unchanged (adding items, submitting offers)	1	PASS	2026-08-31	e2e-test-results/qa-task14-dt73-u-y-2026-08-31/report.md		YES		2026-08-31
TRD	TRD-TC-W01	W — Admin Bundle Trade Views	"Trades page has ""Single Trades"" and ""Bundle Trades"" tabs"	1							
TRD	TRD-TC-W02	W — Admin Bundle Trade Views	Single Trades tab shows only non-bundle trades	1							
TRD	TRD-TC-W03	W — Admin Bundle Trade Views	Bundle Trades tab groups trades by bundle_id	1							
TRD	TRD-TC-W04	W — Admin Bundle Trade Views	Bundle row shows item count, totals, buyer/seller, statuses	1							
TRD	TRD-TC-W05	W — Admin Bundle Trade Views	Clicking a bundle row navigates to bundle detail page	1							
TRD	TRD-TC-W06	W — Admin Bundle Trade Views	Bundle detail page lists all trades in the bundle	1							
TRD	TRD-TC-W07	W — Admin Bundle Trade Views	Bundle detail page shows monetary breakdown	1							
TRD	TRD-TC-W08	W — Admin Bundle Trade Views	Each trade row links to individual trade detail	1							
TRD	TRD-TC-W09	W — Admin Bundle Trade Views	"Bundle detail page has ""Force Cancel Entire Bundle"" action"	1	BLOCKED	2026-08-31	e2e-test-results/qa-task16-close-trd-2026-08-31/report.md	YES		BLOCKED, never passed (fixture/config/environment)	
TRD	TRD-TC-W10	W — Admin Bundle Trade Views	Force Cancel succeeds for all trades in the bundle	1	PASS	2026-08-31	e2e-test-results/qa-task16-close-trd-2026-08-31/report.md		YES		2026-08-31
TRD	TRD-TC-W11	W — Admin Bundle Trade Views	Status filter works in Bundle Trades view	1							
TRD	TRD-TC-W12	W — Admin Bundle Trade Views	Tab toggle resets filters when switching views	1	PASS	2026-08-31	e2e-test-results/qa-task16-close-trd-2026-08-31/report.md		YES		2026-08-31
TRD	TRD-TC-X01	X — Navigation Consistency & Bottom Nav	Bottom nav renders identically on Home (Dashboard)	1							
TRD	TRD-TC-X02	X — Navigation Consistency & Bottom Nav	Bottom nav renders identically on Discover	1							
TRD	TRD-TC-X03	X — Navigation Consistency & Bottom Nav	Bottom nav renders identically on Trades	1							
TRD	TRD-TC-X04	X — Navigation Consistency & Bottom Nav	Bottom nav renders identically on Trade Basket	1							
TRD	TRD-TC-X05	X — Navigation Consistency & Bottom Nav	Bottom nav renders on Item Detail / Cart Checkout / Trade screens	1							
TRD	TRD-TC-X06	X — Navigation Consistency & Bottom Nav	Bottom nav renders on Profile, Settings, Wallet, Subscriptions	1							
TRD	TRD-TC-X07	X — Navigation Consistency & Bottom Nav	Cart badge shows item count from multiple entry points	1							
TRD	TRD-TC-X08	X — Navigation Consistency & Bottom Nav	Cart badge count accuracy — add / remove / clear	1							
TRD	TRD-TC-X09	X — Navigation Consistency & Bottom Nav	"""Me"" tab removed — Profile still accessible via Home avatar"	1							
TRD	TRD-TC-X10	X — Navigation Consistency & Bottom Nav	Sell FAB opens action sheet on every screen	1							
TRD	TRD-TC-X16	X — Navigation Consistency & Bottom Nav	Flow Registry (nav) — flow-registry.md entries updated	1							
TRD	TRD-TC-Y01	Y — Trade List & Timeline	Trade List summary filter chips	1							
TRD	TRD-TC-Y02	Y — Trade List & Timeline	Trade List Load More history pagination	1							
TRD	TRD-TC-Y03	Y — Trade List & Timeline	Trade List Message button on rows	1							
TRD	TRD-TC-Y04	Y — Trade List & Timeline	"Trade List ""See all →"" link"	1							
TRD	TRD-TC-Y05	Y — Trade List & Timeline	R15 — Request More Time (requester)	1							
TRD	TRD-TC-Y06	Y — Trade List & Timeline	R15 — counterparty Accept	1							
TRD	TRD-TC-Y07	Y — Trade List & Timeline	R15 — counterparty Decline	1							
TRD	TRD-TC-Y08	Y — Trade List & Timeline	R15 — granted state	1							
TRD	TRD-TC-Y09	Y — Trade List & Timeline	"""What to do next"" card + ""Got it"" toggle"	1							
TRD	TRD-TC-Z01	Z — Buyer Cancel Request & Escalation	Buyer request → seller approves → cancel + refund	1							
TRD	TRD-TC-Z02	Z — Buyer Cancel Request & Escalation	Seller declines → escalate → admin approve-cancel	1							
TRD	TRD-TC-Z03	Z — Buyer Cancel Request & Escalation	Timeout auto-escalates to admin	1							
TRD	TRD-TC-Z04	Z — Buyer Cancel Request & Escalation	Buyer withdraws a pending request	1							
TRD	TRD-TC-Z05	Z — Buyer Cancel Request & Escalation	Bundle: whole-bundle default + per-item option	1							
TRD	TRD-TC-Z06	Z — Buyer Cancel Request & Escalation	Escalation disabled → decline ends the request	1							
TRD	TRD-TC-Z07	Z — Buyer Cancel Request & Escalation	Gating: no request on pending/completed/disputed/duplicate	1							
TRD	TRD-TC-Z08	Z — Buyer Cancel Request & Escalation	Regression: seller instant cancel unchanged	1							
