path	date	wc	source_type	src_kind	tc_id	verdict
test-automation/trade-flow-v2/reports/2026-05-31T13-04-19-345Z/report.md	2026-05-31	0	automated	report.md	TC-A01	PASS
test-automation/trade-flow-v2/reports/2026-05-31T13-04-19-345Z/report.md	2026-05-31	0	automated	report.md	TC-A02	PASS
test-automation/trade-flow-v2/reports/2026-05-31T13-04-19-345Z/report.md	2026-05-31	0	automated	report.md	TC-A03	PASS
test-automation/trade-flow-v2/reports/2026-05-31T13-04-19-345Z/report.md	2026-05-31	0	automated	report.md	TC-A04	PASS
test-automation/trade-flow-v2/reports/2026-05-31T13-04-19-345Z/report.md	2026-05-31	0	automated	report.md	TC-N01	SKIPPED
test-automation/trade-flow-v2/reports/2026-05-31T13-04-19-345Z/report.md	2026-05-31	0	automated	report.md	TC-N02	SKIPPED
test-automation/trade-flow-v2/reports/2026-05-31T13-04-19-345Z/results.json	2026-05-31	0	automated	results.json	TC-A01	PASS
test-automation/trade-flow-v2/reports/2026-05-31T13-04-19-345Z/results.json	2026-05-31	0	automated	results.json	TC-A02	PASS
test-automation/trade-flow-v2/reports/2026-05-31T13-04-19-345Z/results.json	2026-05-31	0	automated	results.json	TC-A03	PASS
test-automation/trade-flow-v2/reports/2026-05-31T13-04-19-345Z/results.json	2026-05-31	0	automated	results.json	TC-A04	PASS
test-automation/trade-flow-v2/reports/2026-05-31T13-04-19-345Z/results.json	2026-05-31	0	automated	results.json	TC-N01	SKIPPED
test-automation/trade-flow-v2/reports/2026-05-31T13-04-19-345Z/results.json	2026-05-31	0	automated	results.json	TC-N02	SKIPPED
test-automation/trade-flow-v2/reports/2026-05-31T15-04-42-404Z/report.md	2026-05-31	0	automated	report.md	TC-A01	PASS
test-automation/trade-flow-v2/reports/2026-05-31T15-04-42-404Z/report.md	2026-05-31	0	automated	report.md	TC-A02	PASS
test-automation/trade-flow-v2/reports/2026-05-31T15-04-42-404Z/report.md	2026-05-31	0	automated	report.md	TC-A03	PASS
test-automation/trade-flow-v2/reports/2026-05-31T15-04-42-404Z/report.md	2026-05-31	0	automated	report.md	TC-A04	PASS
test-automation/trade-flow-v2/reports/2026-05-31T15-04-42-404Z/report.md	2026-05-31	0	automated	report.md	TC-M01	PASS
test-automation/trade-flow-v2/reports/2026-05-31T15-04-42-404Z/report.md	2026-05-31	0	automated	report.md	TC-M02	PASS
test-automation/trade-flow-v2/reports/2026-05-31T15-04-42-404Z/report.md	2026-05-31	0	automated	report.md	TC-M03	PASS
test-automation/trade-flow-v2/reports/2026-05-31T15-04-42-404Z/report.md	2026-05-31	0	automated	report.md	TC-M04	PASS
test-automation/trade-flow-v2/reports/2026-05-31T15-04-42-404Z/report.md	2026-05-31	0	automated	report.md	TC-M05	PASS
test-automation/trade-flow-v2/reports/2026-05-31T15-04-42-404Z/report.md	2026-05-31	0	automated	report.md	TC-M06	PASS
test-automation/trade-flow-v2/reports/2026-05-31T15-04-42-404Z/report.md	2026-05-31	0	automated	report.md	TC-M07	PASS
test-automation/trade-flow-v2/reports/2026-05-31T15-04-42-404Z/report.md	2026-05-31	0	automated	report.md	TC-M08	PASS
test-automation/trade-flow-v2/reports/2026-05-31T15-04-42-404Z/report.md	2026-05-31	0	automated	report.md	TC-M09	PASS
test-automation/trade-flow-v2/reports/2026-05-31T15-04-42-404Z/report.md	2026-05-31	0	automated	report.md	TC-M10	PASS
test-automation/trade-flow-v2/reports/2026-05-31T15-04-42-404Z/report.md	2026-05-31	0	automated	report.md	TC-M11	PASS
test-automation/trade-flow-v2/reports/2026-05-31T15-04-42-404Z/report.md	2026-05-31	0	automated	report.md	TC-M12	PASS
test-automation/trade-flow-v2/reports/2026-05-31T15-04-42-404Z/report.md	2026-05-31	0	automated	report.md	TC-M14	PASS
test-automation/trade-flow-v2/reports/2026-05-31T15-04-42-404Z/report.md	2026-05-31	0	automated	report.md	TC-M15	PASS
test-automation/trade-flow-v2/reports/2026-05-31T15-04-42-404Z/report.md	2026-05-31	0	automated	report.md	TC-M13	SKIPPED
test-automation/trade-flow-v2/reports/2026-05-31T15-04-42-404Z/results.json	2026-05-31	0	automated	results.json	TC-A01	PASS
test-automation/trade-flow-v2/reports/2026-05-31T15-04-42-404Z/results.json	2026-05-31	0	automated	results.json	TC-A02	PASS
test-automation/trade-flow-v2/reports/2026-05-31T15-04-42-404Z/results.json	2026-05-31	0	automated	results.json	TC-A03	PASS
test-automation/trade-flow-v2/reports/2026-05-31T15-04-42-404Z/results.json	2026-05-31	0	automated	results.json	TC-A04	PASS
test-automation/trade-flow-v2/reports/2026-05-31T15-04-42-404Z/results.json	2026-05-31	0	automated	results.json	TC-M01	PASS
test-automation/trade-flow-v2/reports/2026-05-31T15-04-42-404Z/results.json	2026-05-31	0	automated	results.json	TC-M02	PASS
test-automation/trade-flow-v2/reports/2026-05-31T15-04-42-404Z/results.json	2026-05-31	0	automated	results.json	TC-M03	PASS
test-automation/trade-flow-v2/reports/2026-05-31T15-04-42-404Z/results.json	2026-05-31	0	automated	results.json	TC-M04	PASS
test-automation/trade-flow-v2/reports/2026-05-31T15-04-42-404Z/results.json	2026-05-31	0	automated	results.json	TC-M05	PASS
test-automation/trade-flow-v2/reports/2026-05-31T15-04-42-404Z/results.json	2026-05-31	0	automated	results.json	TC-M06	PASS
test-automation/trade-flow-v2/reports/2026-05-31T15-04-42-404Z/results.json	2026-05-31	0	automated	results.json	TC-M07	PASS
test-automation/trade-flow-v2/reports/2026-05-31T15-04-42-404Z/results.json	2026-05-31	0	automated	results.json	TC-M08	PASS
test-automation/trade-flow-v2/reports/2026-05-31T15-04-42-404Z/results.json	2026-05-31	0	automated	results.json	TC-M09	PASS
test-automation/trade-flow-v2/reports/2026-05-31T15-04-42-404Z/results.json	2026-05-31	0	automated	results.json	TC-M10	PASS
test-automation/trade-flow-v2/reports/2026-05-31T15-04-42-404Z/results.json	2026-05-31	0	automated	results.json	TC-M11	PASS
test-automation/trade-flow-v2/reports/2026-05-31T15-04-42-404Z/results.json	2026-05-31	0	automated	results.json	TC-M12	PASS
test-automation/trade-flow-v2/reports/2026-05-31T15-04-42-404Z/results.json	2026-05-31	0	automated	results.json	TC-M14	PASS
test-automation/trade-flow-v2/reports/2026-05-31T15-04-42-404Z/results.json	2026-05-31	0	automated	results.json	TC-M15	PASS
test-automation/trade-flow-v2/reports/2026-05-31T15-04-42-404Z/results.json	2026-05-31	0	automated	results.json	TC-M13	SKIPPED
test-automation/trade-flow-v2/reports/2026-05-31T15-09-46-669Z/report.md	2026-05-31	0	automated	report.md	TC-A01	FAIL
test-automation/trade-flow-v2/reports/2026-05-31T15-09-46-669Z/report.md	2026-05-31	0	automated	report.md	TC-A02	FAIL
test-automation/trade-flow-v2/reports/2026-05-31T15-09-46-669Z/report.md	2026-05-31	0	automated	report.md	TC-A03	FAIL
test-automation/trade-flow-v2/reports/2026-05-31T15-09-46-669Z/report.md	2026-05-31	0	automated	report.md	TC-M13	SKIPPED
test-automation/trade-flow-v2/reports/2026-05-31T15-09-46-669Z/results.json	2026-05-31	0	automated	results.json	TC-A01	FAIL
test-automation/trade-flow-v2/reports/2026-05-31T15-09-46-669Z/results.json	2026-05-31	0	automated	results.json	TC-A02	FAIL
test-automation/trade-flow-v2/reports/2026-05-31T15-09-46-669Z/results.json	2026-05-31	0	automated	results.json	TC-A03	FAIL
test-automation/trade-flow-v2/reports/2026-05-31T15-09-46-669Z/results.json	2026-05-31	0	automated	results.json	TC-M13	SKIPPED
test-automation/trade-flow-v2/reports/2026-05-31T15-12-10-443Z/report.md	2026-05-31	0	automated	report.md	TC-A01	FAIL
test-automation/trade-flow-v2/reports/2026-05-31T15-12-10-443Z/report.md	2026-05-31	0	automated	report.md	TC-A02	FAIL
test-automation/trade-flow-v2/reports/2026-05-31T15-12-10-443Z/report.md	2026-05-31	0	automated	report.md	TC-A03	FAIL
test-automation/trade-flow-v2/reports/2026-05-31T15-12-10-443Z/report.md	2026-05-31	0	automated	report.md	TC-A04	FAIL
test-automation/trade-flow-v2/reports/2026-05-31T15-12-10-443Z/report.md	2026-05-31	0	automated	report.md	TC-M01	FAIL
test-automation/trade-flow-v2/reports/2026-05-31T15-12-10-443Z/report.md	2026-05-31	0	automated	report.md	TC-M02	FAIL
test-automation/trade-flow-v2/reports/2026-05-31T15-12-10-443Z/report.md	2026-05-31	0	automated	report.md	TC-M03	FAIL
test-automation/trade-flow-v2/reports/2026-05-31T15-12-10-443Z/report.md	2026-05-31	0	automated	report.md	TC-M04	FAIL
test-automation/trade-flow-v2/reports/2026-05-31T15-12-10-443Z/report.md	2026-05-31	0	automated	report.md	TC-M05	FAIL
test-automation/trade-flow-v2/reports/2026-05-31T15-12-10-443Z/report.md	2026-05-31	0	automated	report.md	TC-M06	FAIL
test-automation/trade-flow-v2/reports/2026-05-31T15-12-10-443Z/report.md	2026-05-31	0	automated	report.md	TC-M07	FAIL
test-automation/trade-flow-v2/reports/2026-05-31T15-12-10-443Z/report.md	2026-05-31	0	automated	report.md	TC-M08	FAIL
test-automation/trade-flow-v2/reports/2026-05-31T15-12-10-443Z/report.md	2026-05-31	0	automated	report.md	TC-M09	FAIL
test-automation/trade-flow-v2/reports/2026-05-31T15-12-10-443Z/report.md	2026-05-31	0	automated	report.md	TC-M10	FAIL
test-automation/trade-flow-v2/reports/2026-05-31T15-12-10-443Z/report.md	2026-05-31	0	automated	report.md	TC-M11	FAIL
test-automation/trade-flow-v2/reports/2026-05-31T15-12-10-443Z/report.md	2026-05-31	0	automated	report.md	TC-M12	FAIL
test-automation/trade-flow-v2/reports/2026-05-31T15-12-10-443Z/report.md	2026-05-31	0	automated	report.md	TC-M14	FAIL
test-automation/trade-flow-v2/reports/2026-05-31T15-12-10-443Z/report.md	2026-05-31	0	automated	report.md	TC-M15	FAIL
test-automation/trade-flow-v2/reports/2026-05-31T15-12-10-443Z/report.md	2026-05-31	0	automated	report.md	TC-M13	SKIPPED
test-automation/trade-flow-v2/reports/2026-05-31T15-12-10-443Z/results.json	2026-05-31	0	automated	results.json	TC-A01	FAIL
test-automation/trade-flow-v2/reports/2026-05-31T15-12-10-443Z/results.json	2026-05-31	0	automated	results.json	TC-A02	FAIL
test-automation/trade-flow-v2/reports/2026-05-31T15-12-10-443Z/results.json	2026-05-31	0	automated	results.json	TC-A03	FAIL
test-automation/trade-flow-v2/reports/2026-05-31T15-12-10-443Z/results.json	2026-05-31	0	automated	results.json	TC-A04	FAIL
test-automation/trade-flow-v2/reports/2026-05-31T15-12-10-443Z/results.json	2026-05-31	0	automated	results.json	TC-M01	FAIL
test-automation/trade-flow-v2/reports/2026-05-31T15-12-10-443Z/results.json	2026-05-31	0	automated	results.json	TC-M02	FAIL
test-automation/trade-flow-v2/reports/2026-05-31T15-12-10-443Z/results.json	2026-05-31	0	automated	results.json	TC-M03	FAIL
test-automation/trade-flow-v2/reports/2026-05-31T15-12-10-443Z/results.json	2026-05-31	0	automated	results.json	TC-M04	FAIL
test-automation/trade-flow-v2/reports/2026-05-31T15-12-10-443Z/results.json	2026-05-31	0	automated	results.json	TC-M05	FAIL
test-automation/trade-flow-v2/reports/2026-05-31T15-12-10-443Z/results.json	2026-05-31	0	automated	results.json	TC-M06	FAIL
test-automation/trade-flow-v2/reports/2026-05-31T15-12-10-443Z/results.json	2026-05-31	0	automated	results.json	TC-M07	FAIL
test-automation/trade-flow-v2/reports/2026-05-31T15-12-10-443Z/results.json	2026-05-31	0	automated	results.json	TC-M08	FAIL
test-automation/trade-flow-v2/reports/2026-05-31T15-12-10-443Z/results.json	2026-05-31	0	automated	results.json	TC-M09	FAIL
test-automation/trade-flow-v2/reports/2026-05-31T15-12-10-443Z/results.json	2026-05-31	0	automated	results.json	TC-M10	FAIL
test-automation/trade-flow-v2/reports/2026-05-31T15-12-10-443Z/results.json	2026-05-31	0	automated	results.json	TC-M11	FAIL
test-automation/trade-flow-v2/reports/2026-05-31T15-12-10-443Z/results.json	2026-05-31	0	automated	results.json	TC-M12	FAIL
test-automation/trade-flow-v2/reports/2026-05-31T15-12-10-443Z/results.json	2026-05-31	0	automated	results.json	TC-M14	FAIL
test-automation/trade-flow-v2/reports/2026-05-31T15-12-10-443Z/results.json	2026-05-31	0	automated	results.json	TC-M15	FAIL
test-automation/trade-flow-v2/reports/2026-05-31T15-12-10-443Z/results.json	2026-05-31	0	automated	results.json	TC-M13	SKIPPED
test-automation/trade-flow-v2/reports/2026-06-02T10-47-07-787Z/report.md	2026-06-02	0	automated	report.md	REG-R01	FAIL
test-automation/trade-flow-v2/reports/2026-06-02T10-47-07-787Z/report.md	2026-06-02	0	automated	report.md	REG-R03	FAIL
test-automation/trade-flow-v2/reports/2026-06-02T10-47-07-787Z/report.md	2026-06-02	0	automated	report.md	REG-R04	FAIL
test-automation/trade-flow-v2/reports/2026-06-02T10-47-07-787Z/report.md	2026-06-02	0	automated	report.md	TC-J01	FAIL
test-automation/trade-flow-v2/reports/2026-06-02T10-47-07-787Z/report.md	2026-06-02	0	automated	report.md	TC-J02	FAIL
test-automation/trade-flow-v2/reports/2026-06-02T10-47-07-787Z/report.md	2026-06-02	0	automated	report.md	TC-J03	FAIL
test-automation/trade-flow-v2/reports/2026-06-02T10-47-07-787Z/report.md	2026-06-02	0	automated	report.md	TC-J04	FAIL
test-automation/trade-flow-v2/reports/2026-06-02T10-47-07-787Z/report.md	2026-06-02	0	automated	report.md	TC-J05	FAIL
test-automation/trade-flow-v2/reports/2026-06-02T10-47-07-787Z/report.md	2026-06-02	0	automated	report.md	TC-K01	FAIL
test-automation/trade-flow-v2/reports/2026-06-02T10-47-07-787Z/report.md	2026-06-02	0	automated	report.md	TC-K02	FAIL
test-automation/trade-flow-v2/reports/2026-06-02T10-47-07-787Z/report.md	2026-06-02	0	automated	report.md	TC-K03	FAIL
test-automation/trade-flow-v2/reports/2026-06-02T10-47-07-787Z/report.md	2026-06-02	0	automated	report.md	TC-L01	FAIL
test-automation/trade-flow-v2/reports/2026-06-02T10-47-07-787Z/report.md	2026-06-02	0	automated	report.md	TC-L02	FAIL
test-automation/trade-flow-v2/reports/2026-06-02T10-47-07-787Z/report.md	2026-06-02	0	automated	report.md	TC-L03	FAIL
test-automation/trade-flow-v2/reports/2026-06-02T10-47-07-787Z/report.md	2026-06-02	0	automated	report.md	TC-L04	FAIL
test-automation/trade-flow-v2/reports/2026-06-02T10-47-07-787Z/report.md	2026-06-02	0	automated	report.md	TC-L05	FAIL
test-automation/trade-flow-v2/reports/2026-06-02T10-47-07-787Z/report.md	2026-06-02	0	automated	report.md	TC-L06	FAIL
test-automation/trade-flow-v2/reports/2026-06-02T10-47-07-787Z/report.md	2026-06-02	0	automated	report.md	TC-L07	FAIL
test-automation/trade-flow-v2/reports/2026-06-02T10-47-07-787Z/report.md	2026-06-02	0	automated	report.md	TC-L08	FAIL
test-automation/trade-flow-v2/reports/2026-06-02T10-47-07-787Z/report.md	2026-06-02	0	automated	report.md	TC-R05	FAIL
test-automation/trade-flow-v2/reports/2026-06-02T10-47-07-787Z/report.md	2026-06-02	0	automated	report.md	TC-R06	FAIL
test-automation/trade-flow-v2/reports/2026-06-02T10-47-07-787Z/report.md	2026-06-02	0	automated	report.md	REG-R02	FAIL
test-automation/trade-flow-v2/reports/2026-06-02T10-47-07-787Z/report.md	2026-06-02	0	automated	report.md	TC-A04	FAIL
test-automation/trade-flow-v2/reports/2026-06-02T10-47-07-787Z/report.md	2026-06-02	0	automated	report.md	TC-B01	FAIL
test-automation/trade-flow-v2/reports/2026-06-02T10-47-07-787Z/report.md	2026-06-02	0	automated	report.md	TC-B03	FAIL
test-automation/trade-flow-v2/reports/2026-06-02T10-47-07-787Z/report.md	2026-06-02	0	automated	report.md	TC-B04	FAIL
test-automation/trade-flow-v2/reports/2026-06-02T10-47-07-787Z/report.md	2026-06-02	0	automated	report.md	TC-B05	FAIL
test-automation/trade-flow-v2/reports/2026-06-02T10-47-07-787Z/report.md	2026-06-02	0	automated	report.md	TC-R01	FAIL
test-automation/trade-flow-v2/reports/2026-06-02T10-47-07-787Z/report.md	2026-06-02	0	automated	report.md	TC-R02	FAIL
test-automation/trade-flow-v2/reports/2026-06-02T10-47-07-787Z/report.md	2026-06-02	0	automated	report.md	TC-R13	FAIL
test-automation/trade-flow-v2/reports/2026-06-02T10-47-07-787Z/report.md	2026-06-02	0	automated	report.md	REG-R05	FAIL
test-automation/trade-flow-v2/reports/2026-06-02T10-47-07-787Z/report.md	2026-06-02	0	automated	report.md	TC-D01	FAIL
test-automation/trade-flow-v2/reports/2026-06-02T10-47-07-787Z/report.md	2026-06-02	0	automated	report.md	TC-D02	FAIL
test-automation/trade-flow-v2/reports/2026-06-02T10-47-07-787Z/report.md	2026-06-02	0	automated	report.md	TC-D03	FAIL
test-automation/trade-flow-v2/reports/2026-06-02T10-47-07-787Z/report.md	2026-06-02	0	automated	report.md	TC-D04	FAIL
test-automation/trade-flow-v2/reports/2026-06-02T10-47-07-787Z/report.md	2026-06-02	0	automated	report.md	TC-D05	FAIL
test-automation/trade-flow-v2/reports/2026-06-02T10-47-07-787Z/report.md	2026-06-02	0	automated	report.md	REG-R06	FAIL
test-automation/trade-flow-v2/reports/2026-06-02T10-47-07-787Z/report.md	2026-06-02	0	automated	report.md	REG-R07	FAIL
test-automation/trade-flow-v2/reports/2026-06-02T10-47-07-787Z/report.md	2026-06-02	0	automated	report.md	TC-C01	FAIL
test-automation/trade-flow-v2/reports/2026-06-02T10-47-07-787Z/report.md	2026-06-02	0	automated	report.md	TC-C02	FAIL
test-automation/trade-flow-v2/reports/2026-06-02T10-47-07-787Z/report.md	2026-06-02	0	automated	report.md	TC-C04	FAIL
test-automation/trade-flow-v2/reports/2026-06-02T10-47-07-787Z/report.md	2026-06-02	0	automated	report.md	TC-C05	FAIL
test-automation/trade-flow-v2/reports/2026-06-02T10-47-07-787Z/report.md	2026-06-02	0	automated	report.md	TC-C06	FAIL
test-automation/trade-flow-v2/reports/2026-06-02T10-47-07-787Z/report.md	2026-06-02	0	automated	report.md	TC-R07	FAIL
test-automation/trade-flow-v2/reports/2026-06-02T10-47-07-787Z/report.md	2026-06-02	0	automated	report.md	REG-R08	FAIL
test-automation/trade-flow-v2/reports/2026-06-02T10-47-07-787Z/report.md	2026-06-02	0	automated	report.md	TC-C07	FAIL
test-automation/trade-flow-v2/reports/2026-06-02T10-47-07-787Z/report.md	2026-06-02	0	automated	report.md	TC-C08	FAIL
test-automation/trade-flow-v2/reports/2026-06-02T10-47-07-787Z/report.md	2026-06-02	0	automated	report.md	TC-A01	FAIL
test-automation/trade-flow-v2/reports/2026-06-02T10-47-07-787Z/report.md	2026-06-02	0	automated	report.md	TC-A02	FAIL
test-automation/trade-flow-v2/reports/2026-06-02T10-47-07-787Z/report.md	2026-06-02	0	automated	report.md	TC-A03	FAIL
test-automation/trade-flow-v2/reports/2026-06-02T10-47-07-787Z/report.md	2026-06-02	0	automated	report.md	TC-E01	FAIL
test-automation/trade-flow-v2/reports/2026-06-02T10-47-07-787Z/report.md	2026-06-02	0	automated	report.md	TC-E02	FAIL
test-automation/trade-flow-v2/reports/2026-06-02T10-47-07-787Z/report.md	2026-06-02	0	automated	report.md	TC-E03	FAIL
test-automation/trade-flow-v2/reports/2026-06-02T10-47-07-787Z/report.md	2026-06-02	0	automated	report.md	TC-E04	FAIL
test-automation/trade-flow-v2/reports/2026-06-02T10-47-07-787Z/report.md	2026-06-02	0	automated	report.md	TC-H01	FAIL
test-automation/trade-flow-v2/reports/2026-06-02T10-47-07-787Z/report.md	2026-06-02	0	automated	report.md	TC-H02	FAIL
test-automation/trade-flow-v2/reports/2026-06-02T10-47-07-787Z/report.md	2026-06-02	0	automated	report.md	TC-H03	FAIL
test-automation/trade-flow-v2/reports/2026-06-02T10-47-07-787Z/report.md	2026-06-02	0	automated	report.md	TC-H04	FAIL
test-automation/trade-flow-v2/reports/2026-06-02T10-47-07-787Z/report.md	2026-06-02	0	automated	report.md	TC-Q01	FAIL
test-automation/trade-flow-v2/reports/2026-06-02T10-47-07-787Z/report.md	2026-06-02	0	automated	report.md	TC-Q02	FAIL
test-automation/trade-flow-v2/reports/2026-06-02T10-47-07-787Z/report.md	2026-06-02	0	automated	report.md	TC-Q03	FAIL
test-automation/trade-flow-v2/reports/2026-06-02T10-47-07-787Z/report.md	2026-06-02	0	automated	report.md	TC-Q04	FAIL
test-automation/trade-flow-v2/reports/2026-06-02T10-47-07-787Z/report.md	2026-06-02	0	automated	report.md	TC-Q05	FAIL
test-automation/trade-flow-v2/reports/2026-06-02T10-47-07-787Z/report.md	2026-06-02	0	automated	report.md	TC-Q06	FAIL
test-automation/trade-flow-v2/reports/2026-06-02T10-47-07-787Z/report.md	2026-06-02	0	automated	report.md	TC-Q07	FAIL
test-automation/trade-flow-v2/reports/2026-06-02T10-47-07-787Z/report.md	2026-06-02	0	automated	report.md	TC-Q08	FAIL
test-automation/trade-flow-v2/reports/2026-06-02T10-47-07-787Z/report.md	2026-06-02	0	automated	report.md	TC-Q09	FAIL
test-automation/trade-flow-v2/reports/2026-06-02T10-47-07-787Z/report.md	2026-06-02	0	automated	report.md	TC-Q10	FAIL
test-automation/trade-flow-v2/reports/2026-06-02T10-47-07-787Z/report.md	2026-06-02	0	automated	report.md	TC-Q12	FAIL
test-automation/trade-flow-v2/reports/2026-06-02T10-47-07-787Z/report.md	2026-06-02	0	automated	report.md	TC-Q15	FAIL
test-automation/trade-flow-v2/reports/2026-06-02T10-47-07-787Z/report.md	2026-06-02	0	automated	report.md	TC-Q17	FAIL
test-automation/trade-flow-v2/reports/2026-06-02T10-47-07-787Z/report.md	2026-06-02	0	automated	report.md	TC-F01	FAIL
test-automation/trade-flow-v2/reports/2026-06-02T10-47-07-787Z/report.md	2026-06-02	0	automated	report.md	TC-F02	FAIL
test-automation/trade-flow-v2/reports/2026-06-02T10-47-07-787Z/report.md	2026-06-02	0	automated	report.md	TC-F03	FAIL
test-automation/trade-flow-v2/reports/2026-06-02T10-47-07-787Z/report.md	2026-06-02	0	automated	report.md	TC-R08	FAIL
test-automation/trade-flow-v2/reports/2026-06-02T10-47-07-787Z/report.md	2026-06-02	0	automated	report.md	TC-G04	FAIL
test-automation/trade-flow-v2/reports/2026-06-02T10-47-07-787Z/report.md	2026-06-02	0	automated	report.md	TC-I01	FAIL
test-automation/trade-flow-v2/reports/2026-06-02T10-47-07-787Z/report.md	2026-06-02	0	automated	report.md	TC-I02	FAIL
test-automation/trade-flow-v2/reports/2026-06-02T10-47-07-787Z/report.md	2026-06-02	0	automated	report.md	TC-I03	FAIL
test-automation/trade-flow-v2/reports/2026-06-02T10-47-07-787Z/report.md	2026-06-02	0	automated	report.md	TC-I04	FAIL
test-automation/trade-flow-v2/reports/2026-06-02T10-47-07-787Z/report.md	2026-06-02	0	automated	report.md	TC-I05	FAIL
test-automation/trade-flow-v2/reports/2026-06-02T10-47-07-787Z/report.md	2026-06-02	0	automated	report.md	TC-M01	FAIL
test-automation/trade-flow-v2/reports/2026-06-02T10-47-07-787Z/report.md	2026-06-02	0	automated	report.md	TC-M02	FAIL
test-automation/trade-flow-v2/reports/2026-06-02T10-47-07-787Z/report.md	2026-06-02	0	automated	report.md	TC-M03	FAIL
test-automation/trade-flow-v2/reports/2026-06-02T10-47-07-787Z/report.md	2026-06-02	0	automated	report.md	TC-M04	FAIL
test-automation/trade-flow-v2/reports/2026-06-02T10-47-07-787Z/report.md	2026-06-02	0	automated	report.md	TC-M05	FAIL
test-automation/trade-flow-v2/reports/2026-06-02T10-47-07-787Z/report.md	2026-06-02	0	automated	report.md	TC-M06	FAIL
test-automation/trade-flow-v2/reports/2026-06-02T10-47-07-787Z/report.md	2026-06-02	0	automated	report.md	TC-M07	FAIL
test-automation/trade-flow-v2/reports/2026-06-02T10-47-07-787Z/report.md	2026-06-02	0	automated	report.md	TC-M08	FAIL
test-automation/trade-flow-v2/reports/2026-06-02T10-47-07-787Z/report.md	2026-06-02	0	automated	report.md	TC-M09	FAIL
test-automation/trade-flow-v2/reports/2026-06-02T10-47-07-787Z/report.md	2026-06-02	0	automated	report.md	TC-M10	FAIL
test-automation/trade-flow-v2/reports/2026-06-02T10-47-07-787Z/report.md	2026-06-02	0	automated	report.md	TC-M11	FAIL
test-automation/trade-flow-v2/reports/2026-06-02T10-47-07-787Z/report.md	2026-06-02	0	automated	report.md	TC-M12	FAIL
test-automation/trade-flow-v2/reports/2026-06-02T10-47-07-787Z/report.md	2026-06-02	0	automated	report.md	TC-M14	FAIL
test-automation/trade-flow-v2/reports/2026-06-02T10-47-07-787Z/report.md	2026-06-02	0	automated	report.md	TC-M15	FAIL
test-automation/trade-flow-v2/reports/2026-06-02T10-47-07-787Z/report.md	2026-06-02	0	automated	report.md	TC-O01	FAIL
test-automation/trade-flow-v2/reports/2026-06-02T10-47-07-787Z/report.md	2026-06-02	0	automated	report.md	TC-O02	FAIL
test-automation/trade-flow-v2/reports/2026-06-02T10-47-07-787Z/report.md	2026-06-02	0	automated	report.md	TC-O03	FAIL
test-automation/trade-flow-v2/reports/2026-06-02T10-47-07-787Z/report.md	2026-06-02	0	automated	report.md	TC-O04	FAIL
test-automation/trade-flow-v2/reports/2026-06-02T10-47-07-787Z/report.md	2026-06-02	0	automated	report.md	TC-O05	FAIL
test-automation/trade-flow-v2/reports/2026-06-02T10-47-07-787Z/report.md	2026-06-02	0	automated	report.md	TC-O06	FAIL
test-automation/trade-flow-v2/reports/2026-06-02T10-47-07-787Z/report.md	2026-06-02	0	automated	report.md	TC-O07	FAIL
test-automation/trade-flow-v2/reports/2026-06-02T10-47-07-787Z/report.md	2026-06-02	0	automated	report.md	TC-B02	SKIPPED
test-automation/trade-flow-v2/reports/2026-06-02T10-47-07-787Z/report.md	2026-06-02	0	automated	report.md	TC-B06	SKIPPED
test-automation/trade-flow-v2/reports/2026-06-02T10-47-07-787Z/report.md	2026-06-02	0	automated	report.md	TC-C03	SKIPPED
test-automation/trade-flow-v2/reports/2026-06-02T10-47-07-787Z/report.md	2026-06-02	0	automated	report.md	TC-G01	SKIPPED
test-automation/trade-flow-v2/reports/2026-06-02T10-47-07-787Z/report.md	2026-06-02	0	automated	report.md	TC-G02	SKIPPED
test-automation/trade-flow-v2/reports/2026-06-02T10-47-07-787Z/report.md	2026-06-02	0	automated	report.md	TC-G03	SKIPPED
test-automation/trade-flow-v2/reports/2026-06-02T10-47-07-787Z/report.md	2026-06-02	0	automated	report.md	TC-M13	SKIPPED
test-automation/trade-flow-v2/reports/2026-06-02T10-47-07-787Z/report.md	2026-06-02	0	automated	report.md	TC-Q11	SKIPPED
test-automation/trade-flow-v2/reports/2026-06-02T10-47-07-787Z/report.md	2026-06-02	0	automated	report.md	TC-Q13	SKIPPED
test-automation/trade-flow-v2/reports/2026-06-02T10-47-07-787Z/report.md	2026-06-02	0	automated	report.md	TC-Q14	SKIPPED
test-automation/trade-flow-v2/reports/2026-06-02T10-47-07-787Z/report.md	2026-06-02	0	automated	report.md	TC-Q16	SKIPPED
test-automation/trade-flow-v2/reports/2026-06-02T10-47-07-787Z/report.md	2026-06-02	0	automated	report.md	TC-R03	SKIPPED
test-automation/trade-flow-v2/reports/2026-06-02T10-47-07-787Z/report.md	2026-06-02	0	automated	report.md	TC-R04	SKIPPED
test-automation/trade-flow-v2/reports/2026-06-02T10-47-07-787Z/report.md	2026-06-02	0	automated	report.md	TC-R11	SKIPPED
test-automation/trade-flow-v2/reports/2026-06-02T10-47-07-787Z/report.md	2026-06-02	0	automated	report.md	TC-R12	SKIPPED
test-automation/trade-flow-v2/reports/2026-06-02T10-47-07-787Z/results.json	2026-06-02	0	automated	results.json	REG-R01	FAIL
test-automation/trade-flow-v2/reports/2026-06-02T10-47-07-787Z/results.json	2026-06-02	0	automated	results.json	REG-R03	FAIL
test-automation/trade-flow-v2/reports/2026-06-02T10-47-07-787Z/results.json	2026-06-02	0	automated	results.json	REG-R04	FAIL
test-automation/trade-flow-v2/reports/2026-06-02T10-47-07-787Z/results.json	2026-06-02	0	automated	results.json	TC-J01	FAIL
test-automation/trade-flow-v2/reports/2026-06-02T10-47-07-787Z/results.json	2026-06-02	0	automated	results.json	TC-J02	FAIL
test-automation/trade-flow-v2/reports/2026-06-02T10-47-07-787Z/results.json	2026-06-02	0	automated	results.json	TC-J03	FAIL
test-automation/trade-flow-v2/reports/2026-06-02T10-47-07-787Z/results.json	2026-06-02	0	automated	results.json	TC-J04	FAIL
test-automation/trade-flow-v2/reports/2026-06-02T10-47-07-787Z/results.json	2026-06-02	0	automated	results.json	TC-J05	FAIL
test-automation/trade-flow-v2/reports/2026-06-02T10-47-07-787Z/results.json	2026-06-02	0	automated	results.json	TC-K01	FAIL
test-automation/trade-flow-v2/reports/2026-06-02T10-47-07-787Z/results.json	2026-06-02	0	automated	results.json	TC-K02	FAIL
test-automation/trade-flow-v2/reports/2026-06-02T10-47-07-787Z/results.json	2026-06-02	0	automated	results.json	TC-K03	FAIL
test-automation/trade-flow-v2/reports/2026-06-02T10-47-07-787Z/results.json	2026-06-02	0	automated	results.json	TC-L01	FAIL
test-automation/trade-flow-v2/reports/2026-06-02T10-47-07-787Z/results.json	2026-06-02	0	automated	results.json	TC-L02	FAIL
test-automation/trade-flow-v2/reports/2026-06-02T10-47-07-787Z/results.json	2026-06-02	0	automated	results.json	TC-L03	FAIL
test-automation/trade-flow-v2/reports/2026-06-02T10-47-07-787Z/results.json	2026-06-02	0	automated	results.json	TC-L04	FAIL
test-automation/trade-flow-v2/reports/2026-06-02T10-47-07-787Z/results.json	2026-06-02	0	automated	results.json	TC-L05	FAIL
test-automation/trade-flow-v2/reports/2026-06-02T10-47-07-787Z/results.json	2026-06-02	0	automated	results.json	TC-L06	FAIL
test-automation/trade-flow-v2/reports/2026-06-02T10-47-07-787Z/results.json	2026-06-02	0	automated	results.json	TC-L07	FAIL
test-automation/trade-flow-v2/reports/2026-06-02T10-47-07-787Z/results.json	2026-06-02	0	automated	results.json	TC-L08	FAIL
test-automation/trade-flow-v2/reports/2026-06-02T10-47-07-787Z/results.json	2026-06-02	0	automated	results.json	TC-R05	FAIL
test-automation/trade-flow-v2/reports/2026-06-02T10-47-07-787Z/results.json	2026-06-02	0	automated	results.json	TC-R06	FAIL
test-automation/trade-flow-v2/reports/2026-06-02T10-47-07-787Z/results.json	2026-06-02	0	automated	results.json	REG-R02	FAIL
test-automation/trade-flow-v2/reports/2026-06-02T10-47-07-787Z/results.json	2026-06-02	0	automated	results.json	TC-A04	FAIL
test-automation/trade-flow-v2/reports/2026-06-02T10-47-07-787Z/results.json	2026-06-02	0	automated	results.json	TC-B01	FAIL
test-automation/trade-flow-v2/reports/2026-06-02T10-47-07-787Z/results.json	2026-06-02	0	automated	results.json	TC-B03	FAIL
test-automation/trade-flow-v2/reports/2026-06-02T10-47-07-787Z/results.json	2026-06-02	0	automated	results.json	TC-B04	FAIL
test-automation/trade-flow-v2/reports/2026-06-02T10-47-07-787Z/results.json	2026-06-02	0	automated	results.json	TC-B05	FAIL
test-automation/trade-flow-v2/reports/2026-06-02T10-47-07-787Z/results.json	2026-06-02	0	automated	results.json	TC-R01	FAIL
test-automation/trade-flow-v2/reports/2026-06-02T10-47-07-787Z/results.json	2026-06-02	0	automated	results.json	TC-R02	FAIL
test-automation/trade-flow-v2/reports/2026-06-02T10-47-07-787Z/results.json	2026-06-02	0	automated	results.json	TC-R13	FAIL
test-automation/trade-flow-v2/reports/2026-06-02T10-47-07-787Z/results.json	2026-06-02	0	automated	results.json	REG-R05	FAIL
test-automation/trade-flow-v2/reports/2026-06-02T10-47-07-787Z/results.json	2026-06-02	0	automated	results.json	TC-D01	FAIL
test-automation/trade-flow-v2/reports/2026-06-02T10-47-07-787Z/results.json	2026-06-02	0	automated	results.json	TC-D02	FAIL
test-automation/trade-flow-v2/reports/2026-06-02T10-47-07-787Z/results.json	2026-06-02	0	automated	results.json	TC-D03	FAIL
test-automation/trade-flow-v2/reports/2026-06-02T10-47-07-787Z/results.json	2026-06-02	0	automated	results.json	TC-D04	FAIL
test-automation/trade-flow-v2/reports/2026-06-02T10-47-07-787Z/results.json	2026-06-02	0	automated	results.json	TC-D05	FAIL
test-automation/trade-flow-v2/reports/2026-06-02T10-47-07-787Z/results.json	2026-06-02	0	automated	results.json	REG-R06	FAIL
test-automation/trade-flow-v2/reports/2026-06-02T10-47-07-787Z/results.json	2026-06-02	0	automated	results.json	REG-R07	FAIL
test-automation/trade-flow-v2/reports/2026-06-02T10-47-07-787Z/results.json	2026-06-02	0	automated	results.json	TC-C01	FAIL
test-automation/trade-flow-v2/reports/2026-06-02T10-47-07-787Z/results.json	2026-06-02	0	automated	results.json	TC-C02	FAIL
test-automation/trade-flow-v2/reports/2026-06-02T10-47-07-787Z/results.json	2026-06-02	0	automated	results.json	TC-C04	FAIL
test-automation/trade-flow-v2/reports/2026-06-02T10-47-07-787Z/results.json	2026-06-02	0	automated	results.json	TC-C05	FAIL
test-automation/trade-flow-v2/reports/2026-06-02T10-47-07-787Z/results.json	2026-06-02	0	automated	results.json	TC-C06	FAIL
test-automation/trade-flow-v2/reports/2026-06-02T10-47-07-787Z/results.json	2026-06-02	0	automated	results.json	TC-R07	FAIL
test-automation/trade-flow-v2/reports/2026-06-02T10-47-07-787Z/results.json	2026-06-02	0	automated	results.json	REG-R08	FAIL
test-automation/trade-flow-v2/reports/2026-06-02T10-47-07-787Z/results.json	2026-06-02	0	automated	results.json	TC-C07	FAIL
test-automation/trade-flow-v2/reports/2026-06-02T10-47-07-787Z/results.json	2026-06-02	0	automated	results.json	TC-C08	FAIL
test-automation/trade-flow-v2/reports/2026-06-02T10-47-07-787Z/results.json	2026-06-02	0	automated	results.json	TC-A01	FAIL
test-automation/trade-flow-v2/reports/2026-06-02T10-47-07-787Z/results.json	2026-06-02	0	automated	results.json	TC-A02	FAIL
test-automation/trade-flow-v2/reports/2026-06-02T10-47-07-787Z/results.json	2026-06-02	0	automated	results.json	TC-A03	FAIL
test-automation/trade-flow-v2/reports/2026-06-02T10-47-07-787Z/results.json	2026-06-02	0	automated	results.json	TC-E01	FAIL
test-automation/trade-flow-v2/reports/2026-06-02T10-47-07-787Z/results.json	2026-06-02	0	automated	results.json	TC-E02	FAIL
test-automation/trade-flow-v2/reports/2026-06-02T10-47-07-787Z/results.json	2026-06-02	0	automated	results.json	TC-E03	FAIL
test-automation/trade-flow-v2/reports/2026-06-02T10-47-07-787Z/results.json	2026-06-02	0	automated	results.json	TC-E04	FAIL
test-automation/trade-flow-v2/reports/2026-06-02T10-47-07-787Z/results.json	2026-06-02	0	automated	results.json	TC-H01	FAIL
test-automation/trade-flow-v2/reports/2026-06-02T10-47-07-787Z/results.json	2026-06-02	0	automated	results.json	TC-H02	FAIL
test-automation/trade-flow-v2/reports/2026-06-02T10-47-07-787Z/results.json	2026-06-02	0	automated	results.json	TC-H03	FAIL
test-automation/trade-flow-v2/reports/2026-06-02T10-47-07-787Z/results.json	2026-06-02	0	automated	results.json	TC-H04	FAIL
test-automation/trade-flow-v2/reports/2026-06-02T10-47-07-787Z/results.json	2026-06-02	0	automated	results.json	TC-Q01	FAIL
test-automation/trade-flow-v2/reports/2026-06-02T10-47-07-787Z/results.json	2026-06-02	0	automated	results.json	TC-Q02	FAIL
test-automation/trade-flow-v2/reports/2026-06-02T10-47-07-787Z/results.json	2026-06-02	0	automated	results.json	TC-Q03	FAIL
test-automation/trade-flow-v2/reports/2026-06-02T10-47-07-787Z/results.json	2026-06-02	0	automated	results.json	TC-Q04	FAIL
test-automation/trade-flow-v2/reports/2026-06-02T10-47-07-787Z/results.json	2026-06-02	0	automated	results.json	TC-Q05	FAIL
test-automation/trade-flow-v2/reports/2026-06-02T10-47-07-787Z/results.json	2026-06-02	0	automated	results.json	TC-Q06	FAIL
test-automation/trade-flow-v2/reports/2026-06-02T10-47-07-787Z/results.json	2026-06-02	0	automated	results.json	TC-Q07	FAIL
test-automation/trade-flow-v2/reports/2026-06-02T10-47-07-787Z/results.json	2026-06-02	0	automated	results.json	TC-Q08	FAIL
test-automation/trade-flow-v2/reports/2026-06-02T10-47-07-787Z/results.json	2026-06-02	0	automated	results.json	TC-Q09	FAIL
test-automation/trade-flow-v2/reports/2026-06-02T10-47-07-787Z/results.json	2026-06-02	0	automated	results.json	TC-Q10	FAIL
test-automation/trade-flow-v2/reports/2026-06-02T10-47-07-787Z/results.json	2026-06-02	0	automated	results.json	TC-Q12	FAIL
test-automation/trade-flow-v2/reports/2026-06-02T10-47-07-787Z/results.json	2026-06-02	0	automated	results.json	TC-Q15	FAIL
test-automation/trade-flow-v2/reports/2026-06-02T10-47-07-787Z/results.json	2026-06-02	0	automated	results.json	TC-Q17	FAIL
test-automation/trade-flow-v2/reports/2026-06-02T10-47-07-787Z/results.json	2026-06-02	0	automated	results.json	TC-F01	FAIL
test-automation/trade-flow-v2/reports/2026-06-02T10-47-07-787Z/results.json	2026-06-02	0	automated	results.json	TC-F02	FAIL
test-automation/trade-flow-v2/reports/2026-06-02T10-47-07-787Z/results.json	2026-06-02	0	automated	results.json	TC-F03	FAIL
test-automation/trade-flow-v2/reports/2026-06-02T10-47-07-787Z/results.json	2026-06-02	0	automated	results.json	TC-R08	FAIL
test-automation/trade-flow-v2/reports/2026-06-02T10-47-07-787Z/results.json	2026-06-02	0	automated	results.json	TC-G04	FAIL
test-automation/trade-flow-v2/reports/2026-06-02T10-47-07-787Z/results.json	2026-06-02	0	automated	results.json	TC-I01	FAIL
test-automation/trade-flow-v2/reports/2026-06-02T10-47-07-787Z/results.json	2026-06-02	0	automated	results.json	TC-I02	FAIL
test-automation/trade-flow-v2/reports/2026-06-02T10-47-07-787Z/results.json	2026-06-02	0	automated	results.json	TC-I03	FAIL
test-automation/trade-flow-v2/reports/2026-06-02T10-47-07-787Z/results.json	2026-06-02	0	automated	results.json	TC-I04	FAIL
test-automation/trade-flow-v2/reports/2026-06-02T10-47-07-787Z/results.json	2026-06-02	0	automated	results.json	TC-I05	FAIL
test-automation/trade-flow-v2/reports/2026-06-02T10-47-07-787Z/results.json	2026-06-02	0	automated	results.json	TC-M01	FAIL
test-automation/trade-flow-v2/reports/2026-06-02T10-47-07-787Z/results.json	2026-06-02	0	automated	results.json	TC-M02	FAIL
test-automation/trade-flow-v2/reports/2026-06-02T10-47-07-787Z/results.json	2026-06-02	0	automated	results.json	TC-M03	FAIL
test-automation/trade-flow-v2/reports/2026-06-02T10-47-07-787Z/results.json	2026-06-02	0	automated	results.json	TC-M04	FAIL
test-automation/trade-flow-v2/reports/2026-06-02T10-47-07-787Z/results.json	2026-06-02	0	automated	results.json	TC-M05	FAIL
test-automation/trade-flow-v2/reports/2026-06-02T10-47-07-787Z/results.json	2026-06-02	0	automated	results.json	TC-M06	FAIL
test-automation/trade-flow-v2/reports/2026-06-02T10-47-07-787Z/results.json	2026-06-02	0	automated	results.json	TC-M07	FAIL
test-automation/trade-flow-v2/reports/2026-06-02T10-47-07-787Z/results.json	2026-06-02	0	automated	results.json	TC-M08	FAIL
test-automation/trade-flow-v2/reports/2026-06-02T10-47-07-787Z/results.json	2026-06-02	0	automated	results.json	TC-M09	FAIL
test-automation/trade-flow-v2/reports/2026-06-02T10-47-07-787Z/results.json	2026-06-02	0	automated	results.json	TC-M10	FAIL
test-automation/trade-flow-v2/reports/2026-06-02T10-47-07-787Z/results.json	2026-06-02	0	automated	results.json	TC-M11	FAIL
test-automation/trade-flow-v2/reports/2026-06-02T10-47-07-787Z/results.json	2026-06-02	0	automated	results.json	TC-M12	FAIL
test-automation/trade-flow-v2/reports/2026-06-02T10-47-07-787Z/results.json	2026-06-02	0	automated	results.json	TC-M14	FAIL
test-automation/trade-flow-v2/reports/2026-06-02T10-47-07-787Z/results.json	2026-06-02	0	automated	results.json	TC-M15	FAIL
test-automation/trade-flow-v2/reports/2026-06-02T10-47-07-787Z/results.json	2026-06-02	0	automated	results.json	TC-O01	FAIL
test-automation/trade-flow-v2/reports/2026-06-02T10-47-07-787Z/results.json	2026-06-02	0	automated	results.json	TC-O02	FAIL
test-automation/trade-flow-v2/reports/2026-06-02T10-47-07-787Z/results.json	2026-06-02	0	automated	results.json	TC-O03	FAIL
test-automation/trade-flow-v2/reports/2026-06-02T10-47-07-787Z/results.json	2026-06-02	0	automated	results.json	TC-O04	FAIL
test-automation/trade-flow-v2/reports/2026-06-02T10-47-07-787Z/results.json	2026-06-02	0	automated	results.json	TC-O05	FAIL
test-automation/trade-flow-v2/reports/2026-06-02T10-47-07-787Z/results.json	2026-06-02	0	automated	results.json	TC-O06	FAIL
test-automation/trade-flow-v2/reports/2026-06-02T10-47-07-787Z/results.json	2026-06-02	0	automated	results.json	TC-O07	FAIL
test-automation/trade-flow-v2/reports/2026-06-02T10-47-07-787Z/results.json	2026-06-02	0	automated	results.json	TC-B02	SKIPPED
test-automation/trade-flow-v2/reports/2026-06-02T10-47-07-787Z/results.json	2026-06-02	0	automated	results.json	TC-B06	SKIPPED
test-automation/trade-flow-v2/reports/2026-06-02T10-47-07-787Z/results.json	2026-06-02	0	automated	results.json	TC-C03	SKIPPED
test-automation/trade-flow-v2/reports/2026-06-02T10-47-07-787Z/results.json	2026-06-02	0	automated	results.json	TC-G01	SKIPPED
test-automation/trade-flow-v2/reports/2026-06-02T10-47-07-787Z/results.json	2026-06-02	0	automated	results.json	TC-G02	SKIPPED
test-automation/trade-flow-v2/reports/2026-06-02T10-47-07-787Z/results.json	2026-06-02	0	automated	results.json	TC-G03	SKIPPED
test-automation/trade-flow-v2/reports/2026-06-02T10-47-07-787Z/results.json	2026-06-02	0	automated	results.json	TC-M13	SKIPPED
test-automation/trade-flow-v2/reports/2026-06-02T10-47-07-787Z/results.json	2026-06-02	0	automated	results.json	TC-Q11	SKIPPED
test-automation/trade-flow-v2/reports/2026-06-02T10-47-07-787Z/results.json	2026-06-02	0	automated	results.json	TC-Q13	SKIPPED
test-automation/trade-flow-v2/reports/2026-06-02T10-47-07-787Z/results.json	2026-06-02	0	automated	results.json	TC-Q14	SKIPPED
test-automation/trade-flow-v2/reports/2026-06-02T10-47-07-787Z/results.json	2026-06-02	0	automated	results.json	TC-Q16	SKIPPED
test-automation/trade-flow-v2/reports/2026-06-02T10-47-07-787Z/results.json	2026-06-02	0	automated	results.json	TC-R03	SKIPPED
test-automation/trade-flow-v2/reports/2026-06-02T10-47-07-787Z/results.json	2026-06-02	0	automated	results.json	TC-R04	SKIPPED
test-automation/trade-flow-v2/reports/2026-06-02T10-47-07-787Z/results.json	2026-06-02	0	automated	results.json	TC-R11	SKIPPED
test-automation/trade-flow-v2/reports/2026-06-02T10-47-07-787Z/results.json	2026-06-02	0	automated	results.json	TC-R12	SKIPPED
e2e-test-results/phase14-auth-pw-recovery-2026-08-16/report.md	2026-08-16	0	manual	report.md	AUTH-TC-S01	PASS
e2e-test-results/phase14-auth-pw-recovery-2026-08-16/report.md	2026-08-16	0	manual	report.md	AUTH-TC-S02	PASS
e2e-test-results/phase14-auth-pw-recovery-2026-08-16/report.md	2026-08-16	0	manual	report.md	AUTH-TC-S03	BLOCKED
e2e-test-results/phase14-auth-pw-recovery-2026-08-16/report.md	2026-08-16	0	manual	report.md	AUTH-TC-S04	BLOCKED
e2e-test-results/phase14-auth-pw-recovery-2026-08-16/report.md	2026-08-16	0	manual	report.md	AUTH-TC-S05	PASS
e2e-test-results/phase14-auth-pw-recovery-2026-08-16/report.md	2026-08-16	0	manual	report.md	AUTH-TC-S07	BLOCKED
e2e-test-results/phase14-auth-pw-recovery-2026-08-16/report.md	2026-08-16	0	manual	report.md	AUTH-TC-S08	BLOCKED
e2e-test-results/phase14-auth-pw-recovery-2026-08-16/report.md	2026-08-16	0	manual	report.md	AUTH-TC-S10	BLOCKED
e2e-test-results/phase15-auth-group-s-reverify-2026-08-16/report.md	2026-08-16	0	manual	report.md	AUTH-TC-S07	PASS
e2e-test-results/phase15-auth-group-s-reverify-2026-08-16/report.md	2026-08-16	0	manual	report.md	AUTH-TC-S08	BLOCKED
e2e-test-results/phase15-auth-group-s-reverify-2026-08-16/report.md	2026-08-16	0	manual	report.md	AUTH-TC-S09	PASS
e2e-test-results/phase15-auth-group-s-reverify-2026-08-16/report.md	2026-08-16	0	manual	report.md	AUTH-TC-S10	PASS
e2e-test-results/phase15-auth-group-s-reverify-2026-08-16/report.md	2026-08-16	0	manual	report.md	AUTH-TC-S11	PASS
e2e-test-results/phase16-auth-group-s-closeout-2026-08-16/report.md	2026-08-16	0	manual	report.md	AUTH-TC-S08	PASS
e2e-test-results/phase16-auth-group-s-closeout-2026-08-16/report.md	2026-08-16	0	manual	report.md	AUTH-TC-S11	PASS
e2e-test-results/phase16-auth-group-s-closeout-2026-08-16/report.md	2026-08-16	0	manual	report.md	AUTH-TC-S09	PASS
e2e-test-results/phase17-auth-groups-ab-2026-08-16/report.md	2026-08-16	0	manual	report.md	AUTH-TC-A01	PASS
e2e-test-results/phase17-auth-groups-ab-2026-08-16/report.md	2026-08-16	0	manual	report.md	AUTH-TC-A02	PASS
e2e-test-results/phase17-auth-groups-ab-2026-08-16/report.md	2026-08-16	0	manual	report.md	AUTH-TC-A03	PASS
e2e-test-results/phase17-auth-groups-ab-2026-08-16/report.md	2026-08-16	0	manual	report.md	AUTH-TC-A04	PASS
e2e-test-results/phase17-auth-groups-ab-2026-08-16/report.md	2026-08-16	0	manual	report.md	AUTH-TC-A05	PASS
e2e-test-results/phase17-auth-groups-ab-2026-08-16/report.md	2026-08-16	0	manual	report.md	AUTH-TC-A06	PASS
e2e-test-results/phase17-auth-groups-ab-2026-08-16/report.md	2026-08-16	0	manual	report.md	AUTH-TC-A07	PASS
e2e-test-results/phase17-auth-groups-ab-2026-08-16/report.md	2026-08-16	0	manual	report.md	AUTH-TC-A08	PASS
e2e-test-results/phase17-auth-groups-ab-2026-08-16/report.md	2026-08-16	0	manual	report.md	AUTH-TC-B01	PASS
e2e-test-results/phase17-auth-groups-ab-2026-08-16/report.md	2026-08-16	0	manual	report.md	AUTH-TC-B02	PASS
e2e-test-results/phase17-auth-groups-ab-2026-08-16/report.md	2026-08-16	0	manual	report.md	AUTH-TC-B03	PASS
e2e-test-results/phase17-auth-groups-ab-2026-08-16/report.md	2026-08-16	0	manual	report.md	AUTH-TC-B04	PASS
e2e-test-results/phase17-auth-groups-ab-2026-08-16/report.md	2026-08-16	0	manual	report.md	AUTH-TC-B05	PASS
e2e-test-results/phase17-auth-groups-ab-2026-08-16/report.md	2026-08-16	0	manual	report.md	AUTH-TC-B06	PASS
e2e-test-results/phase17-auth-groups-ab-2026-08-16/report.md	2026-08-16	0	manual	report.md	AUTH-TC-B07	PASS
e2e-test-results/phase17-auth-groups-ab-2026-08-16/report.md	2026-08-16	0	manual	report.md	AUTH-TC-B08	BLOCKED
e2e-test-results/phase17-auth-groups-ab-2026-08-16/report.md	2026-08-16	0	manual	report.md	AUTH-TC-B09	BLOCKED
e2e-test-results/phase18-auth-group-c-social-login-2026-08-16/report.md	2026-08-16	0	manual	report.md	AUTH-TC-C01	FAIL
e2e-test-results/phase18-auth-group-c-social-login-2026-08-16/report.md	2026-08-16	0	manual	report.md	AUTH-TC-C02	FAIL
e2e-test-results/phase18-auth-group-c-social-login-2026-08-16/report.md	2026-08-16	0	manual	report.md	AUTH-TC-C03	FAIL
e2e-test-results/phase18-auth-group-c-social-login-2026-08-16/report.md	2026-08-16	0	manual	report.md	AUTH-TC-C04	BLOCKED
e2e-test-results/phase18-auth-group-c-social-login-2026-08-16/report.md	2026-08-16	0	manual	report.md	AUTH-TC-C05	BLOCKED
e2e-test-results/phase18-auth-group-c-social-login-2026-08-16/report.md	2026-08-16	0	manual	report.md	AUTH-TC-C06	BLOCKED
e2e-test-results/phase18-auth-group-c-social-login-2026-08-16/report.md	2026-08-16	0	manual	report.md	AUTH-TC-C07	BLOCKED
e2e-test-results/phase19-auth-group-c-closeout-2026-08-16/report.md	2026-08-16	0	manual	report.md	AUTH-TC-C01	BLOCKED
e2e-test-results/phase19-auth-group-c-closeout-2026-08-16/report.md	2026-08-16	0	manual	report.md	AUTH-TC-C02	BLOCKED
e2e-test-results/phase19-auth-group-c-closeout-2026-08-16/report.md	2026-08-16	0	manual	report.md	AUTH-TC-C03	BLOCKED
e2e-test-results/phase19-auth-group-c-closeout-2026-08-16/report.md	2026-08-16	0	manual	report.md	AUTH-TC-C04	BLOCKED
e2e-test-results/phase19-auth-group-c-closeout-2026-08-16/report.md	2026-08-16	0	manual	report.md	AUTH-TC-C05	BLOCKED
e2e-test-results/phase19-auth-group-c-closeout-2026-08-16/report.md	2026-08-16	0	manual	report.md	AUTH-TC-C06	PASS
e2e-test-results/phase19-auth-group-c-closeout-2026-08-16/report.md	2026-08-16	0	manual	report.md	AUTH-TC-C07	BLOCKED
e2e-test-results/phase19-auth-group-c-closeout-2026-08-16/report.md	2026-08-16	0	manual	report.md	AUTH-TC-P0	FAIL
e2e-test-results/phase20-auth-group-c-closure-2026-08-16/report.md	2026-08-16	0	manual	report.md	AUTH-TC-C01	FAIL
e2e-test-results/phase20-auth-group-c-closure-2026-08-16/report.md	2026-08-16	0	manual	report.md	AUTH-TC-C02	PASS
e2e-test-results/phase20-auth-group-c-closure-2026-08-16/report.md	2026-08-16	0	manual	report.md	AUTH-TC-C04	BLOCKED
e2e-test-results/phase21-auth-group-c01-google-2026-08-16/report.md	2026-08-16	1238	manual	report.md	AUTH-TC-C01	PASS
e2e-test-results/phase22-auth-group-b-d-e-2026-08-17/decision-and-outcome-log.md	2026-08-17	0	manual	decision-log	AUTH-TC-B11	PASS
e2e-test-results/phase22-auth-group-b-d-e-2026-08-17/decision-and-outcome-log.md	2026-08-17	0	manual	decision-log	AUTH-TC-B12	PASS
e2e-test-results/phase22-auth-group-b-d-e-2026-08-17/decision-and-outcome-log.md	2026-08-17	0	manual	decision-log	AUTH-TC-D02	SKIPPED
e2e-test-results/phase22-auth-group-b-d-e-2026-08-17/decision-and-outcome-log.md	2026-08-17	0	manual	decision-log	AUTH-TC-E3	PASS
e2e-test-results/phase22-auth-group-b-d-e-2026-08-17/report.md	2026-08-17	0	manual	report.md	AUTH-TC-B10	PASS
e2e-test-results/phase22-auth-group-b-d-e-2026-08-17/report.md	2026-08-17	0	manual	report.md	AUTH-TC-B11	PASS
e2e-test-results/phase22-auth-group-b-d-e-2026-08-17/report.md	2026-08-17	0	manual	report.md	AUTH-TC-B12	PASS
e2e-test-results/phase22-auth-group-b-d-e-2026-08-17/report.md	2026-08-17	0	manual	report.md	AUTH-TC-D01	PASS
e2e-test-results/phase22-auth-group-b-d-e-2026-08-17/report.md	2026-08-17	0	manual	report.md	AUTH-TC-D02	SKIPPED
e2e-test-results/phase22-auth-group-b-d-e-2026-08-17/report.md	2026-08-17	0	manual	report.md	AUTH-TC-D03	PASS
e2e-test-results/phase22-auth-group-b-d-e-2026-08-17/report.md	2026-08-17	0	manual	report.md	AUTH-TC-E01	PASS
e2e-test-results/phase22-auth-group-b-d-e-2026-08-17/report.md	2026-08-17	0	manual	report.md	AUTH-TC-E02	PASS
e2e-test-results/phase22-auth-group-b-d-e-2026-08-17/report.md	2026-08-17	0	manual	report.md	AUTH-TC-E03	PASS
e2e-test-results/phase22-auth-group-b-d-e-2026-08-17/report.md	2026-08-17	0	manual	report.md	AUTH-TC-E04	BLOCKED
e2e-test-results/phase22-auth-group-b-d-e-2026-08-17/report.md	2026-08-17	0	manual	report.md	AUTH-TC-E05	BLOCKED
e2e-test-results/phase23-auth-group-f-h-i-e05-2026-08-17/report.md	2026-08-17	0	manual	report.md	AUTH-TC-F01	PASS
e2e-test-results/phase23-auth-group-f-h-i-e05-2026-08-17/report.md	2026-08-17	0	manual	report.md	AUTH-TC-F02	PASS
e2e-test-results/phase23-auth-group-f-h-i-e05-2026-08-17/report.md	2026-08-17	0	manual	report.md	AUTH-TC-F03	PASS
e2e-test-results/phase23-auth-group-f-h-i-e05-2026-08-17/report.md	2026-08-17	0	manual	report.md	AUTH-TC-F04	PASS
e2e-test-results/phase23-auth-group-f-h-i-e05-2026-08-17/report.md	2026-08-17	0	manual	report.md	AUTH-TC-F05	PASS
e2e-test-results/phase23-auth-group-f-h-i-e05-2026-08-17/report.md	2026-08-17	0	manual	report.md	AUTH-TC-F06	FAIL
e2e-test-results/phase23-auth-group-f-h-i-e05-2026-08-17/report.md	2026-08-17	0	manual	report.md	AUTH-TC-H01	PASS
e2e-test-results/phase23-auth-group-f-h-i-e05-2026-08-17/report.md	2026-08-17	0	manual	report.md	AUTH-TC-H02	PASS
e2e-test-results/phase23-auth-group-f-h-i-e05-2026-08-17/report.md	2026-08-17	0	manual	report.md	AUTH-TC-H03	BLOCKED
e2e-test-results/phase23-auth-group-f-h-i-e05-2026-08-17/report.md	2026-08-17	0	manual	report.md	AUTH-TC-H04	BLOCKED
e2e-test-results/phase23-auth-group-f-h-i-e05-2026-08-17/report.md	2026-08-17	0	manual	report.md	AUTH-TC-H05	BLOCKED
e2e-test-results/phase23-auth-group-f-h-i-e05-2026-08-17/report.md	2026-08-17	0	manual	report.md	AUTH-TC-H06	PASS
e2e-test-results/phase23-auth-group-f-h-i-e05-2026-08-17/report.md	2026-08-17	0	manual	report.md	AUTH-TC-H07	PASS
e2e-test-results/phase23-auth-group-f-h-i-e05-2026-08-17/report.md	2026-08-17	0	manual	report.md	AUTH-TC-I01	BLOCKED
e2e-test-results/phase23-auth-group-f-h-i-e05-2026-08-17/report.md	2026-08-17	0	manual	report.md	AUTH-TC-R7	BLOCKED
e2e-test-results/phase23-auth-group-f-h-i-e05-2026-08-17/report.md	2026-08-17	0	manual	report.md	AUTH-TC-I02	BLOCKED
e2e-test-results/phase23-auth-group-f-h-i-e05-2026-08-17/report.md	2026-08-17	0	manual	report.md	AUTH-TC-I03	BLOCKED
e2e-test-results/phase23-auth-group-f-h-i-e05-2026-08-17/report.md	2026-08-17	0	manual	report.md	AUTH-TC-E05	BLOCKED
e2e-test-results/phase24-f06-reverify-discover-audit-2026-08-17/report.md	2026-08-17	0	manual	report.md	AUTH-TC-F06	FAIL
e2e-test-results/combined-verification-2026-08-18/report.md	2026-08-18	0	manual	report.md	AUTH-TC-H06	PASS
e2e-test-results/phase23-wrapup-f06-reverify-f07-h03-2026-08-18/decision-outcome-log.md	2026-08-18	0	manual	decision-log	AUTH-TC-A0	BLOCKED
e2e-test-results/phase23-wrapup-f06-reverify-f07-h03-2026-08-18/decision-outcome-log.md	2026-08-18	0	manual	decision-log	AUTH-TC-H03	BLOCKED
e2e-test-results/phase23-wrapup-f06-reverify-f07-h03-2026-08-18/decision-outcome-log.md	2026-08-18	0	manual	decision-log	AUTH-TC-A2	PASS
e2e-test-results/phase23-wrapup-f06-reverify-f07-h03-2026-08-18/decision-outcome-log.md	2026-08-18	0	manual	decision-log	AUTH-TC-A4	PASS
e2e-test-results/phase23-wrapup-f06-reverify-f07-h03-2026-08-18/decision-outcome-log.md	2026-08-18	0	manual	decision-log	AUTH-TC-S03	BLOCKED
e2e-test-results/phase23-wrapup-f06-reverify-f07-h03-2026-08-18/decision-outcome-log.md	2026-08-18	0	manual	decision-log	AUTH-TC-S04	BLOCKED
e2e-test-results/phase23-wrapup-f06-reverify-f07-h03-2026-08-18/report.md	2026-08-18	0	manual	report.md	AUTH-TC-F06	PASS
e2e-test-results/phase23-wrapup-f06-reverify-f07-h03-2026-08-18/report.md	2026-08-18	0	manual	report.md	AUTH-TC-F07	PASS
e2e-test-results/phase23-wrapup-f06-reverify-f07-h03-2026-08-18/report.md	2026-08-18	0	manual	report.md	AUTH-TC-H03	BLOCKED
e2e-test-results/qa-combined-verify-e05-c04-f06-2026-08-18/report.md	2026-08-18	0	manual	report.md	AUTH-TC-E05	FAIL
e2e-test-results/qa-combined-verify-e05-c04-f06-2026-08-18/report.md	2026-08-18	0	manual	report.md	AUTH-TC-F06	PASS
e2e-test-results/qa-combined-verify-e05-c04-f06-2026-08-18/report.md	2026-08-18	0	manual	report.md	AUTH-TC-C04	BLOCKED
e2e-test-results/phase25-auth-group-k-bulk-2026-08-19/report.md	2026-08-19	0	manual	report.md	AUTH-TC-K01	PASS
e2e-test-results/phase25-auth-group-k-bulk-2026-08-19/report.md	2026-08-19	0	manual	report.md	AUTH-TC-K02	PASS
e2e-test-results/phase25-auth-group-k-bulk-2026-08-19/report.md	2026-08-19	0	manual	report.md	AUTH-TC-K03	PASS
e2e-test-results/phase25-auth-group-k-bulk-2026-08-19/report.md	2026-08-19	0	manual	report.md	AUTH-TC-K04	PASS
e2e-test-results/phase25-auth-group-k-bulk-2026-08-19/report.md	2026-08-19	0	manual	report.md	AUTH-TC-K05	PASS (partial)
e2e-test-results/phase25-auth-group-k-bulk-2026-08-19/report.md	2026-08-19	0	manual	report.md	AUTH-TC-K06	PASS
e2e-test-results/qa-final-verify-e05-c04-2026-08-19/report.md	2026-08-19	0	manual	report.md	AUTH-TC-E05	PASS
e2e-test-results/qa-final-verify-e05-c04-2026-08-19/report.md	2026-08-19	0	manual	report.md	AUTH-TC-C04	PASS
e2e-test-results/phase26-bulk-four-fixes-verify-2026-08-20/report.md	2026-08-20	0	manual	report.md	AUTH-TC-K02	PASS
e2e-test-results/phase27-groupk-ax-reverify-2026-08-20/report.md	2026-08-20	0	manual	report.md	AUTH-TC-P1	PASS
e2e-test-results/phase27-groupk-ax-reverify-2026-08-20/report.md	2026-08-20	0	manual	report.md	AUTH-TC-P3	PASS
e2e-test-results/phase27-groupk-ax-reverify-2026-08-20/report.md	2026-08-20	0	manual	report.md	AUTH-TC-K02	PASS
e2e-test-results/group-l-playwright-l01-l04-2026-08-21/decision-outcome-log.md	2026-08-21	0	manual	decision-log	AUTH-TC-L01	PASS
e2e-test-results/group-l-playwright-l01-l04-2026-08-21/decision-outcome-log.md	2026-08-21	0	manual	decision-log	AUTH-TC-L03	PASS
e2e-test-results/group-l-playwright-l01-l04-2026-08-21/decision-outcome-log.md	2026-08-21	0	manual	decision-log	AUTH-TC-L04	SKIPPED
e2e-test-results/group-l-playwright-l01-l04-2026-08-21/report.md	2026-08-21	0	manual	report.md	AUTH-TC-L01	BLOCKED
e2e-test-results/group-l-playwright-l01-l04-2026-08-21/report.md	2026-08-21	0	manual	report.md	AUTH-TC-L02	BLOCKED
e2e-test-results/group-l-playwright-l01-l04-2026-08-21/report.md	2026-08-21	0	manual	report.md	AUTH-TC-L03	BLOCKED
e2e-test-results/group-l-playwright-l01-l04-2026-08-21/report.md	2026-08-21	0	manual	report.md	AUTH-TC-L04	BLOCKED
e2e-test-results/group-l-reverify-l01-l04-2026-08-21/report.md	2026-08-21	0	manual	report.md	AUTH-TC-L01	PASS
e2e-test-results/group-l-reverify-l01-l04-2026-08-21/report.md	2026-08-21	0	manual	report.md	AUTH-TC-L03	PASS
e2e-test-results/group-l-reverify-l01-l04-2026-08-21/report.md	2026-08-21	0	manual	report.md	AUTH-TC-L04	PASS
e2e-test-results/group-m-discover-2026-08-22/report.md	2026-08-22	0	manual	report.md	AUTH-TC-M01	PASS
e2e-test-results/group-m-discover-2026-08-22/report.md	2026-08-22	0	manual	report.md	AUTH-TC-M02	PASS
e2e-test-results/group-m-discover-2026-08-22/report.md	2026-08-22	0	manual	report.md	AUTH-TC-M03	PASS
e2e-test-results/group-m-discover-2026-08-22/report.md	2026-08-22	0	manual	report.md	AUTH-TC-M04	PASS
e2e-test-results/group-m-discover-2026-08-22/report.md	2026-08-22	0	manual	report.md	AUTH-TC-M05	PASS
e2e-test-results/group-m-discover-2026-08-22/report.md	2026-08-22	0	manual	report.md	AUTH-TC-M06	PASS
e2e-test-results/group-m-discover-2026-08-22/report.md	2026-08-22	0	manual	report.md	AUTH-TC-M07	PASS
e2e-test-results/group-m-discover-2026-08-22/report.md	2026-08-22	0	manual	report.md	AUTH-TC-M08	PASS
e2e-test-results/group-m-discover-2026-08-22/report.md	2026-08-22	0	manual	report.md	AUTH-TC-M09	PASS
e2e-test-results/group-m-discover-2026-08-22/report.md	2026-08-22	0	manual	report.md	AUTH-TC-M10	PASS
e2e-test-results/group-n-discovery-category-favorites-2026-08-22/report.md	2026-08-22	0	manual	report.md	AUTH-TC-N01	PASS
e2e-test-results/group-n-discovery-category-favorites-2026-08-22/report.md	2026-08-22	0	manual	report.md	AUTH-TC-N02	PASS
e2e-test-results/group-n-discovery-category-favorites-2026-08-22/report.md	2026-08-22	0	manual	report.md	AUTH-TC-N03	PASS
e2e-test-results/group-n-discovery-category-favorites-2026-08-22/report.md	2026-08-22	0	manual	report.md	AUTH-TC-N04	PASS
e2e-test-results/group-n-discovery-category-favorites-2026-08-22/report.md	2026-08-22	0	manual	report.md	AUTH-TC-O01	PASS
e2e-test-results/group-o-closeout-o03-o01-2026-08-22/report.md	2026-08-22	0	manual	report.md	AUTH-TC-O01	PASS
e2e-test-results/group-o-closeout-o03-o01-2026-08-22/report.md	2026-08-22	0	manual	report.md	AUTH-TC-O03	PASS
e2e-test-results/group-o-node-scope-2026-08-22/report.md	2026-08-22	0	manual	report.md	AUTH-TC-O01	PASS
e2e-test-results/group-o-node-scope-2026-08-22/report.md	2026-08-22	0	manual	report.md	AUTH-TC-O02	PASS
e2e-test-results/group-o-node-scope-2026-08-22/report.md	2026-08-22	0	manual	report.md	AUTH-TC-O03	PASS
e2e-test-results/group-o-node-scope-2026-08-22/report.md	2026-08-22	0	manual	report.md	AUTH-TC-O04	PASS
e2e-test-results/group-o-node-scope-2026-08-22/report.md	2026-08-22	0	manual	report.md	AUTH-TC-O05	PASS
e2e-test-results/group-a-b-d-auth-2026-08-23/decision-and-outcome-log.md	2026-08-23	0	manual	decision-log	AUTH-TC-A02	BLOCKED
e2e-test-results/group-a-b-d-auth-2026-08-23/decision-and-outcome-log.md	2026-08-23	0	manual	decision-log	AUTH-TC-A03	PASS
e2e-test-results/group-a-b-d-auth-2026-08-23/decision-and-outcome-log.md	2026-08-23	0	manual	decision-log	AUTH-TC-A04	PASS
e2e-test-results/group-a-b-d-auth-2026-08-23/decision-and-outcome-log.md	2026-08-23	0	manual	decision-log	AUTH-TC-A05	PASS
e2e-test-results/group-a-b-d-auth-2026-08-23/decision-and-outcome-log.md	2026-08-23	0	manual	decision-log	AUTH-TC-A06	PASS
e2e-test-results/group-a-b-d-auth-2026-08-23/decision-and-outcome-log.md	2026-08-23	0	manual	decision-log	AUTH-TC-B02	PASS
e2e-test-results/group-a-b-d-auth-2026-08-23/decision-and-outcome-log.md	2026-08-23	0	manual	decision-log	AUTH-TC-B03	PASS
e2e-test-results/group-a-b-d-auth-2026-08-23/decision-and-outcome-log.md	2026-08-23	0	manual	decision-log	AUTH-TC-B07	PASS
e2e-test-results/group-a-b-d-auth-2026-08-23/decision-and-outcome-log.md	2026-08-23	0	manual	decision-log	AUTH-TC-B10	PASS
e2e-test-results/group-a-b-d-auth-2026-08-23/decision-and-outcome-log.md	2026-08-23	0	manual	decision-log	AUTH-TC-B11	PASS
e2e-test-results/group-a-b-d-auth-2026-08-23/decision-and-outcome-log.md	2026-08-23	0	manual	decision-log	AUTH-TC-B12	PASS
e2e-test-results/group-a-b-d-auth-2026-08-23/decision-and-outcome-log.md	2026-08-23	0	manual	decision-log	AUTH-TC-B08	PASS
e2e-test-results/group-a-b-d-auth-2026-08-23/decision-and-outcome-log.md	2026-08-23	0	manual	decision-log	AUTH-TC-B09	PASS
e2e-test-results/group-a-b-d-auth-2026-08-23/decision-and-outcome-log.md	2026-08-23	0	manual	decision-log	AUTH-TC-B01	PASS
e2e-test-results/group-a-b-d-auth-2026-08-23/decision-and-outcome-log.md	2026-08-23	0	manual	decision-log	AUTH-TC-A01	PASS
e2e-test-results/group-a-b-d-auth-2026-08-23/decision-and-outcome-log.md	2026-08-23	0	manual	decision-log	AUTH-TC-B04	PASS
e2e-test-results/group-a-b-d-auth-2026-08-23/decision-and-outcome-log.md	2026-08-23	0	manual	decision-log	AUTH-TC-B05	PASS
e2e-test-results/group-a-b-d-auth-2026-08-23/decision-and-outcome-log.md	2026-08-23	0	manual	decision-log	AUTH-TC-B06	PASS
e2e-test-results/group-a-b-d-auth-2026-08-23/decision-and-outcome-log.md	2026-08-23	0	manual	decision-log	AUTH-TC-D02	PASS
e2e-test-results/group-a-b-d-auth-2026-08-23/decision-and-outcome-log.md	2026-08-23	0	manual	decision-log	AUTH-TC-P17	PASS
e2e-test-results/group-a-b-d-auth-2026-08-23/decision-and-outcome-log.md	2026-08-23	0	manual	decision-log	AUTH-TC-A07	PASS
e2e-test-results/group-a-b-d-auth-2026-08-23/decision-and-outcome-log.md	2026-08-23	0	manual	decision-log	AUTH-TC-A08	PASS
e2e-test-results/group-a-b-d-auth-2026-08-23/report.md	2026-08-23	0	manual	report.md	AUTH-TC-A01	PASS
e2e-test-results/group-a-b-d-auth-2026-08-23/report.md	2026-08-23	0	manual	report.md	AUTH-TC-A02	PASS
e2e-test-results/group-a-b-d-auth-2026-08-23/report.md	2026-08-23	0	manual	report.md	AUTH-TC-A03	PASS
e2e-test-results/group-a-b-d-auth-2026-08-23/report.md	2026-08-23	0	manual	report.md	AUTH-TC-A04	PASS
e2e-test-results/group-a-b-d-auth-2026-08-23/report.md	2026-08-23	0	manual	report.md	AUTH-TC-A05	PASS
e2e-test-results/group-a-b-d-auth-2026-08-23/report.md	2026-08-23	0	manual	report.md	AUTH-TC-A06	PASS
e2e-test-results/group-a-b-d-auth-2026-08-23/report.md	2026-08-23	0	manual	report.md	AUTH-TC-A07	PASS
e2e-test-results/group-a-b-d-auth-2026-08-23/report.md	2026-08-23	0	manual	report.md	AUTH-TC-A08	PASS
e2e-test-results/group-a-b-d-auth-2026-08-23/report.md	2026-08-23	0	manual	report.md	AUTH-TC-B01	PASS
e2e-test-results/group-a-b-d-auth-2026-08-23/report.md	2026-08-23	0	manual	report.md	AUTH-TC-B02	PASS
e2e-test-results/group-a-b-d-auth-2026-08-23/report.md	2026-08-23	0	manual	report.md	AUTH-TC-B03	PASS
e2e-test-results/group-a-b-d-auth-2026-08-23/report.md	2026-08-23	0	manual	report.md	AUTH-TC-B04	PASS
e2e-test-results/group-a-b-d-auth-2026-08-23/report.md	2026-08-23	0	manual	report.md	AUTH-TC-B05	PASS
e2e-test-results/group-a-b-d-auth-2026-08-23/report.md	2026-08-23	0	manual	report.md	AUTH-TC-B06	PASS
e2e-test-results/group-a-b-d-auth-2026-08-23/report.md	2026-08-23	0	manual	report.md	AUTH-TC-B07	PASS
e2e-test-results/group-a-b-d-auth-2026-08-23/report.md	2026-08-23	0	manual	report.md	AUTH-TC-B08	PASS
e2e-test-results/group-a-b-d-auth-2026-08-23/report.md	2026-08-23	0	manual	report.md	AUTH-TC-B09	PASS
e2e-test-results/group-a-b-d-auth-2026-08-23/report.md	2026-08-23	0	manual	report.md	AUTH-TC-B10	PASS
e2e-test-results/group-a-b-d-auth-2026-08-23/report.md	2026-08-23	0	manual	report.md	AUTH-TC-B11	PASS
e2e-test-results/group-a-b-d-auth-2026-08-23/report.md	2026-08-23	0	manual	report.md	AUTH-TC-B12	PASS
e2e-test-results/group-a-b-d-auth-2026-08-23/report.md	2026-08-23	0	manual	report.md	AUTH-TC-D01	PASS
e2e-test-results/group-a-b-d-auth-2026-08-23/report.md	2026-08-23	0	manual	report.md	AUTH-TC-D02	PASS
e2e-test-results/group-a-b-d-auth-2026-08-23/report.md	2026-08-23	0	manual	report.md	AUTH-TC-D03	PASS
e2e-test-results/group-fg-nodes-zip-gating-2026-08-23/report.md	2026-08-23	0	manual	report.md	AUTH-TC-G01	PASS
e2e-test-results/group-fg-nodes-zip-gating-2026-08-23/report.md	2026-08-23	0	manual	report.md	AUTH-TC-G02	PASS
e2e-test-results/group-fg-nodes-zip-gating-2026-08-23/report.md	2026-08-23	0	manual	report.md	AUTH-TC-G03	PASS
e2e-test-results/group-fg-nodes-zip-gating-2026-08-23/report.md	2026-08-23	0	manual	report.md	AUTH-TC-G04	PASS
e2e-test-results/group-fg-nodes-zip-gating-2026-08-23/report.md	2026-08-23	0	manual	report.md	AUTH-TC-G05	PASS
e2e-test-results/group-fg-nodes-zip-gating-2026-08-23/report.md	2026-08-23	0	manual	report.md	AUTH-TC-G06	PASS
e2e-test-results/group-fg-nodes-zip-gating-2026-08-23/report.md	2026-08-23	0	manual	report.md	AUTH-TC-F01	PASS
e2e-test-results/group-fg-nodes-zip-gating-2026-08-23/report.md	2026-08-23	0	manual	report.md	AUTH-TC-F02	PASS
e2e-test-results/group-fg-nodes-zip-gating-2026-08-23/report.md	2026-08-23	0	manual	report.md	AUTH-TC-F03	PASS
e2e-test-results/group-fg-nodes-zip-gating-2026-08-23/report.md	2026-08-23	0	manual	report.md	AUTH-TC-F04	PASS
e2e-test-results/group-fg-nodes-zip-gating-2026-08-23/report.md	2026-08-23	0	manual	report.md	AUTH-TC-F05	PASS
e2e-test-results/group-fg-nodes-zip-gating-2026-08-23/report.md	2026-08-23	0	manual	report.md	AUTH-TC-F06	PASS
e2e-test-results/group-h-profile-setup-2026-08-23/decision-outcome-log.md	2026-08-23	0	manual	decision-log	AUTH-TC-H02	BLOCKED
e2e-test-results/group-h-profile-setup-2026-08-23/decision-outcome-log.md	2026-08-23	0	manual	decision-log	AUTH-TC-H01	SKIPPED
e2e-test-results/group-h-profile-setup-2026-08-23/decision-outcome-log.md	2026-08-23	0	manual	decision-log	AUTH-TC-H06b	PASS
e2e-test-results/group-h-profile-setup-2026-08-23/report.md	2026-08-23	0	manual	report.md	AUTH-TC-H02	PASS
e2e-test-results/group-h-profile-setup-2026-08-23/report.md	2026-08-23	0	manual	report.md	AUTH-TC-H01	PASS
e2e-test-results/group-h-profile-setup-2026-08-23/report.md	2026-08-23	0	manual	report.md	AUTH-TC-H06	PASS
e2e-test-results/group-h-profile-setup-2026-08-23/report.md	2026-08-23	0	manual	report.md	AUTH-TC-H07	PASS
e2e-test-results/group-h-profile-setup-2026-08-23/report.md	2026-08-23	0	manual	report.md	AUTH-TC-H03	BLOCKED
e2e-test-results/group-h-profile-setup-2026-08-23/report.md	2026-08-23	0	manual	report.md	AUTH-TC-H04	BLOCKED
e2e-test-results/group-h-profile-setup-2026-08-23/report.md	2026-08-23	0	manual	report.md	AUTH-TC-H05	BLOCKED
e2e-test-results/group-i-subscription-choice-2026-08-23/report.md	2026-08-23	0	manual	report.md	AUTH-TC-I01	BLOCKED
e2e-test-results/group-i-subscription-choice-2026-08-23/report.md	2026-08-23	0	manual	report.md	AUTH-TC-I02	BLOCKED
e2e-test-results/group-i-subscription-choice-2026-08-23/report.md	2026-08-23	0	manual	report.md	AUTH-TC-I03	BLOCKED
e2e-test-results/group-p-full-run-19-cases-2026-08-23/decision-outcome-log.md	2026-08-23	0	manual	decision-log	AUTH-TC-P01	PASS
e2e-test-results/group-p-full-run-19-cases-2026-08-23/decision-outcome-log.md	2026-08-23	0	manual	decision-log	AUTH-TC-P02	PASS
e2e-test-results/group-p-full-run-19-cases-2026-08-23/decision-outcome-log.md	2026-08-23	0	manual	decision-log	AUTH-TC-P04	PASS
e2e-test-results/group-p-full-run-19-cases-2026-08-23/decision-outcome-log.md	2026-08-23	0	manual	decision-log	AUTH-TC-P05	PASS
e2e-test-results/group-p-full-run-19-cases-2026-08-23/decision-outcome-log.md	2026-08-23	0	manual	decision-log	AUTH-TC-P06	PASS
e2e-test-results/group-p-full-run-19-cases-2026-08-23/decision-outcome-log.md	2026-08-23	0	manual	decision-log	AUTH-TC-P07	PASS
e2e-test-results/group-p-full-run-19-cases-2026-08-23/decision-outcome-log.md	2026-08-23	0	manual	decision-log	AUTH-TC-P08	PASS
e2e-test-results/group-p-full-run-19-cases-2026-08-23/decision-outcome-log.md	2026-08-23	0	manual	decision-log	AUTH-TC-P09	PASS
e2e-test-results/group-p-full-run-19-cases-2026-08-23/decision-outcome-log.md	2026-08-23	0	manual	decision-log	AUTH-TC-P10	PASS
e2e-test-results/group-p-full-run-19-cases-2026-08-23/decision-outcome-log.md	2026-08-23	0	manual	decision-log	AUTH-TC-P11	PASS
e2e-test-results/group-p-full-run-19-cases-2026-08-23/decision-outcome-log.md	2026-08-23	0	manual	decision-log	AUTH-TC-P12	PASS
e2e-test-results/group-p-full-run-19-cases-2026-08-23/decision-outcome-log.md	2026-08-23	0	manual	decision-log	AUTH-TC-P13	PASS
e2e-test-results/group-p-full-run-19-cases-2026-08-23/decision-outcome-log.md	2026-08-23	0	manual	decision-log	AUTH-TC-P14	PASS
e2e-test-results/group-p-full-run-19-cases-2026-08-23/decision-outcome-log.md	2026-08-23	0	manual	decision-log	AUTH-TC-P15	PASS
e2e-test-results/group-p-full-run-19-cases-2026-08-23/decision-outcome-log.md	2026-08-23	0	manual	decision-log	AUTH-TC-P16	PASS
e2e-test-results/group-p-full-run-19-cases-2026-08-23/report.md	2026-08-23	0	manual	report.md	AUTH-TC-P01	PASS
e2e-test-results/group-p-full-run-19-cases-2026-08-23/report.md	2026-08-23	0	manual	report.md	AUTH-TC-P02	PASS
e2e-test-results/group-p-full-run-19-cases-2026-08-23/report.md	2026-08-23	0	manual	report.md	AUTH-TC-P03	BLOCKED
e2e-test-results/group-p-full-run-19-cases-2026-08-23/report.md	2026-08-23	0	manual	report.md	AUTH-TC-P04	PASS
e2e-test-results/group-p-full-run-19-cases-2026-08-23/report.md	2026-08-23	0	manual	report.md	AUTH-TC-P05	PASS
e2e-test-results/group-p-full-run-19-cases-2026-08-23/report.md	2026-08-23	0	manual	report.md	AUTH-TC-P06	PASS
e2e-test-results/group-p-full-run-19-cases-2026-08-23/report.md	2026-08-23	0	manual	report.md	AUTH-TC-P07	PASS
e2e-test-results/group-p-full-run-19-cases-2026-08-23/report.md	2026-08-23	0	manual	report.md	AUTH-TC-P08	PASS
e2e-test-results/group-p-full-run-19-cases-2026-08-23/report.md	2026-08-23	0	manual	report.md	AUTH-TC-P09	PASS
e2e-test-results/group-p-full-run-19-cases-2026-08-23/report.md	2026-08-23	0	manual	report.md	AUTH-TC-P10	PASS
e2e-test-results/group-p-full-run-19-cases-2026-08-23/report.md	2026-08-23	0	manual	report.md	AUTH-TC-P11	PASS
e2e-test-results/group-p-full-run-19-cases-2026-08-23/report.md	2026-08-23	0	manual	report.md	AUTH-TC-P12	PASS
e2e-test-results/group-p-full-run-19-cases-2026-08-23/report.md	2026-08-23	0	manual	report.md	AUTH-TC-P13	PASS
e2e-test-results/group-p-full-run-19-cases-2026-08-23/report.md	2026-08-23	0	manual	report.md	AUTH-TC-P14	PASS
e2e-test-results/group-p-full-run-19-cases-2026-08-23/report.md	2026-08-23	0	manual	report.md	AUTH-TC-P15	PASS
e2e-test-results/group-p-full-run-19-cases-2026-08-23/report.md	2026-08-23	0	manual	report.md	AUTH-TC-P16	PASS
e2e-test-results/group-p-full-run-19-cases-2026-08-23/report.md	2026-08-23	0	manual	report.md	AUTH-TC-P17	PASS
e2e-test-results/group-p-full-run-19-cases-2026-08-23/report.md	2026-08-23	0	manual	report.md	AUTH-TC-P18	FAIL
e2e-test-results/group-p-full-run-19-cases-2026-08-23/report.md	2026-08-23	0	manual	report.md	AUTH-TC-P19	FAIL
e2e-test-results/group-qs-calibration-2026-08-23/report.md	2026-08-23	0	manual	report.md	AUTH-TC-Q01	PASS
e2e-test-results/group-qs-calibration-2026-08-23/report.md	2026-08-23	0	manual	report.md	AUTH-TC-Q02	PASS (partial)
e2e-test-results/group-qs-calibration-2026-08-23/report.md	2026-08-23	0	manual	report.md	AUTH-TC-Q03	PASS
e2e-test-results/group-qs-calibration-2026-08-23/report.md	2026-08-23	0	manual	report.md	AUTH-TC-Q04	FAIL
e2e-test-results/group-qs-calibration-2026-08-23/report.md	2026-08-23	0	manual	report.md	AUTH-TC-Q05	PASS
e2e-test-results/group-qs-calibration-2026-08-23/report.md	2026-08-23	0	manual	report.md	AUTH-TC-Q06	FAIL
e2e-test-results/group-qs-calibration-2026-08-23/report.md	2026-08-23	0	manual	report.md	AUTH-TC-Q07	PASS
e2e-test-results/group-qs-calibration-2026-08-23/report.md	2026-08-23	0	manual	report.md	AUTH-TC-S01	BLOCKED
e2e-test-results/group-qs-calibration-2026-08-23/report.md	2026-08-23	0	manual	report.md	AUTH-TC-S02	PASS
e2e-test-results/group-qs-calibration-2026-08-23/report.md	2026-08-23	0	manual	report.md	AUTH-TC-S03	SKIPPED
e2e-test-results/group-qs-calibration-2026-08-23/report.md	2026-08-23	0	manual	report.md	AUTH-TC-S04	PASS
e2e-test-results/group-qs-calibration-2026-08-23/report.md	2026-08-23	0	manual	report.md	AUTH-TC-S05	SKIPPED
e2e-test-results/group-qs-calibration-2026-08-23/report.md	2026-08-23	0	manual	report.md	AUTH-TC-S06	PASS
e2e-test-results/group-qs-calibration-2026-08-23/report.md	2026-08-23	0	manual	report.md	AUTH-TC-S07	PASS
e2e-test-results/group-qs-calibration-2026-08-23/report.md	2026-08-23	0	manual	report.md	AUTH-TC-S08	PASS
e2e-test-results/group-qs-calibration-2026-08-23/report.md	2026-08-23	0	manual	report.md	AUTH-TC-S09	PASS
e2e-test-results/group-qs-calibration-2026-08-23/report.md	2026-08-23	0	manual	report.md	AUTH-TC-S10	PASS
e2e-test-results/group-qs-calibration-2026-08-23/report.md	2026-08-23	0	manual	report.md	AUTH-TC-S11	PASS
e2e-test-results/spotcheck-sweeps-2026-08-23/report.md	2026-08-23	0	manual	report.md	AUTH-TC-A05	PASS
e2e-test-results/spotcheck-sweeps-2026-08-23/report.md	2026-08-23	0	manual	report.md	AUTH-TC-B02	PASS
e2e-test-results/account-file-groups-abcd-2026-08-24/decision-outcome-log.md	2026-08-24	0	manual	decision-log	ACC-TC-A01	PASS
e2e-test-results/account-file-groups-abcd-2026-08-24/decision-outcome-log.md	2026-08-24	0	manual	decision-log	ACC-TC-A03	BLOCKED
e2e-test-results/account-file-groups-abcd-2026-08-24/decision-outcome-log.md	2026-08-24	0	manual	decision-log	ACC-TC-A05	PASS
e2e-test-results/account-file-groups-abcd-2026-08-24/decision-outcome-log.md	2026-08-24	0	manual	decision-log	ACC-TC-B01	PASS
e2e-test-results/account-file-groups-abcd-2026-08-24/decision-outcome-log.md	2026-08-24	0	manual	decision-log	ACC-TC-B02	BLOCKED
e2e-test-results/account-file-groups-abcd-2026-08-24/decision-outcome-log.md	2026-08-24	0	manual	decision-log	ACC-TC-B04	PASS
e2e-test-results/account-file-groups-abcd-2026-08-24/decision-outcome-log.md	2026-08-24	0	manual	decision-log	ACC-TC-B06	PASS
e2e-test-results/account-file-groups-abcd-2026-08-24/decision-outcome-log.md	2026-08-24	0	manual	decision-log	ACC-TC-B07	PASS
e2e-test-results/account-file-groups-abcd-2026-08-24/decision-outcome-log.md	2026-08-24	0	manual	decision-log	ACC-TC-B08	PASS
e2e-test-results/account-file-groups-abcd-2026-08-24/decision-outcome-log.md	2026-08-24	0	manual	decision-log	ACC-TC-B09	BLOCKED
e2e-test-results/account-file-groups-abcd-2026-08-24/decision-outcome-log.md	2026-08-24	0	manual	decision-log	ACC-TC-B10	PASS
e2e-test-results/account-file-groups-abcd-2026-08-24/decision-outcome-log.md	2026-08-24	0	manual	decision-log	ACC-TC-C01	PASS
e2e-test-results/account-file-groups-abcd-2026-08-24/decision-outcome-log.md	2026-08-24	0	manual	decision-log	ACC-TC-C02	PASS
e2e-test-results/account-file-groups-abcd-2026-08-24/decision-outcome-log.md	2026-08-24	0	manual	decision-log	ACC-TC-C03	BLOCKED
e2e-test-results/account-file-groups-abcd-2026-08-24/decision-outcome-log.md	2026-08-24	0	manual	decision-log	ACC-TC-C04	BLOCKED
e2e-test-results/account-file-groups-abcd-2026-08-24/decision-outcome-log.md	2026-08-24	0	manual	decision-log	ACC-TC-D01	PASS
e2e-test-results/account-file-groups-abcd-2026-08-24/decision-outcome-log.md	2026-08-24	0	manual	decision-log	ACC-TC-D02	BLOCKED
e2e-test-results/account-file-groups-abcd-2026-08-24/decision-outcome-log.md	2026-08-24	0	manual	decision-log	ACC-TC-D03	PASS
e2e-test-results/account-file-groups-abcd-2026-08-24/decision-outcome-log.md	2026-08-24	0	manual	decision-log	ACC-TC-D04	BLOCKED
e2e-test-results/account-file-groups-abcd-2026-08-24/report.md	2026-08-24	0	manual	report.md	ACC-TC-A01	PASS
e2e-test-results/account-file-groups-abcd-2026-08-24/report.md	2026-08-24	0	manual	report.md	ACC-TC-A02	PASS
e2e-test-results/account-file-groups-abcd-2026-08-24/report.md	2026-08-24	0	manual	report.md	ACC-TC-A03	BLOCKED
e2e-test-results/account-file-groups-abcd-2026-08-24/report.md	2026-08-24	0	manual	report.md	ACC-TC-A04	PASS
e2e-test-results/account-file-groups-abcd-2026-08-24/report.md	2026-08-24	0	manual	report.md	ACC-TC-A05	PASS
e2e-test-results/account-file-groups-abcd-2026-08-24/report.md	2026-08-24	0	manual	report.md	ACC-TC-B01	PASS
e2e-test-results/account-file-groups-abcd-2026-08-24/report.md	2026-08-24	0	manual	report.md	ACC-TC-B02	BLOCKED
e2e-test-results/account-file-groups-abcd-2026-08-24/report.md	2026-08-24	0	manual	report.md	ACC-TC-B03	PASS
e2e-test-results/account-file-groups-abcd-2026-08-24/report.md	2026-08-24	0	manual	report.md	ACC-TC-B04	PASS
e2e-test-results/account-file-groups-abcd-2026-08-24/report.md	2026-08-24	0	manual	report.md	ACC-TC-B05	PASS
e2e-test-results/account-file-groups-abcd-2026-08-24/report.md	2026-08-24	0	manual	report.md	ACC-TC-B06	PASS
e2e-test-results/account-file-groups-abcd-2026-08-24/report.md	2026-08-24	0	manual	report.md	ACC-TC-B07	PASS
e2e-test-results/account-file-groups-abcd-2026-08-24/report.md	2026-08-24	0	manual	report.md	ACC-TC-B08	PASS
e2e-test-results/account-file-groups-abcd-2026-08-24/report.md	2026-08-24	0	manual	report.md	ACC-TC-B09	BLOCKED
e2e-test-results/account-file-groups-abcd-2026-08-24/report.md	2026-08-24	0	manual	report.md	ACC-TC-B10	PASS
e2e-test-results/account-file-groups-abcd-2026-08-24/report.md	2026-08-24	0	manual	report.md	ACC-TC-C01	PASS
e2e-test-results/account-file-groups-abcd-2026-08-24/report.md	2026-08-24	0	manual	report.md	ACC-TC-C02	PASS
e2e-test-results/account-file-groups-abcd-2026-08-24/report.md	2026-08-24	0	manual	report.md	ACC-TC-C03	BLOCKED
e2e-test-results/account-file-groups-abcd-2026-08-24/report.md	2026-08-24	0	manual	report.md	ACC-TC-C04	BLOCKED
e2e-test-results/account-file-groups-abcd-2026-08-24/report.md	2026-08-24	0	manual	report.md	ACC-TC-D01	PASS
e2e-test-results/account-file-groups-abcd-2026-08-24/report.md	2026-08-24	0	manual	report.md	ACC-TC-D02	BLOCKED
e2e-test-results/account-file-groups-abcd-2026-08-24/report.md	2026-08-24	0	manual	report.md	ACC-TC-D03	PASS
e2e-test-results/account-file-groups-abcd-2026-08-24/report.md	2026-08-24	0	manual	report.md	ACC-TC-D04	BLOCKED
e2e-test-results/account-file-groups-efg-c03-2026-08-24/report.md	2026-08-24	0	manual	report.md	ACC-TC-E01	PASS
e2e-test-results/account-file-groups-efg-c03-2026-08-24/report.md	2026-08-24	0	manual	report.md	ACC-TC-E02	PASS
e2e-test-results/account-file-groups-efg-c03-2026-08-24/report.md	2026-08-24	0	manual	report.md	ACC-TC-E03	PASS
e2e-test-results/account-file-groups-efg-c03-2026-08-24/report.md	2026-08-24	0	manual	report.md	ACC-TC-F01	BLOCKED
e2e-test-results/account-file-groups-efg-c03-2026-08-24/report.md	2026-08-24	0	manual	report.md	ACC-TC-F02	BLOCKED
e2e-test-results/account-file-groups-efg-c03-2026-08-24/report.md	2026-08-24	0	manual	report.md	ACC-TC-F03	BLOCKED
e2e-test-results/account-file-groups-efg-c03-2026-08-24/report.md	2026-08-24	0	manual	report.md	ACC-TC-F04	BLOCKED
e2e-test-results/account-file-groups-efg-c03-2026-08-24/report.md	2026-08-24	0	manual	report.md	ACC-TC-C03	FAIL
e2e-test-results/account-file-groups-efg-c03-2026-08-24/report.md	2026-08-24	0	manual	report.md	ACC-TC-G01	FAIL
e2e-test-results/account-file-groups-efg-c03-2026-08-24/report.md	2026-08-24	0	manual	report.md	ACC-TC-G02	BLOCKED
e2e-test-results/account-file-groups-efg-c03-2026-08-24/report.md	2026-08-24	0	manual	report.md	ACC-TC-G03	PASS
e2e-test-results/account-file-groups-efg-c03-2026-08-24/report.md	2026-08-24	0	manual	report.md	ACC-TC-G04	PASS
e2e-test-results/account-file-groups-efg-c03-2026-08-24/report.md	2026-08-24	0	manual	report.md	ACC-TC-G05	PASS
e2e-test-results/account-file-groups-efg-c03-2026-08-24/report.md	2026-08-24	0	manual	report.md	ACC-TC-G06	PASS
e2e-test-results/account-file-groups-efg-c03-2026-08-24/report.md	2026-08-24	0	manual	report.md	ACC-TC-G07	BLOCKED
e2e-test-results/account-file-groups-efg-c03-2026-08-24/report.md	2026-08-24	0	manual	report.md	ACC-TC-G08	PASS
e2e-test-results/account-file-groups-efg-c03-2026-08-24/report.md	2026-08-24	0	manual	report.md	ACC-TC-G09	BLOCKED
e2e-test-results/account-file-groups-efg-c03-2026-08-24/report.md	2026-08-24	0	manual	report.md	ACC-TC-G10	PASS
e2e-test-results/account-file-groups-efg-c03-2026-08-24/report.md	2026-08-24	0	manual	report.md	ACC-TC-G11	PASS
e2e-test-results/account-file-groups-efg-c03-2026-08-24/report.md	2026-08-24	0	manual	report.md	ACC-TC-G12	PASS
e2e-test-results/account-file-groups-efg-c03-2026-08-24/report.md	2026-08-24	0	manual	report.md	ACC-TC-G13	PASS
e2e-test-results/account-file-groups-efg-c03-2026-08-24/report.md	2026-08-24	0	manual	report.md	ACC-TC-A01	PASS
e2e-test-results/account-file-groups-efg-c03-2026-08-24/report.md	2026-08-24	0	manual	report.md	ACC-TC-A05	PASS
e2e-test-results/account-file-groups-efg-c03-2026-08-24/report.md	2026-08-24	0	manual	report.md	ACC-TC-B01	PASS
e2e-test-results/account-file-groups-efg-c03-2026-08-24/report.md	2026-08-24	0	manual	report.md	ACC-TC-B10	PASS
e2e-test-results/account-file-groups-efg-c03-2026-08-24/report.md	2026-08-24	0	manual	report.md	ACC-TC-C01	PASS
e2e-test-results/account-file-groups-efg-c03-2026-08-24/report.md	2026-08-24	0	manual	report.md	ACC-TC-C04	PASS
e2e-test-results/account-file-groups-efg-c03-2026-08-24/report.md	2026-08-24	0	manual	report.md	ACC-TC-D01	PASS
e2e-test-results/account-file-groups-efg-c03-2026-08-24/report.md	2026-08-24	0	manual	report.md	ACC-TC-D04	PASS
e2e-test-results/auth-final-cleanup-batch-2026-08-24/report.md	2026-08-24	0	manual	report.md	AUTH-TC-J10	PASS
e2e-test-results/auth-final-cleanup-batch-2026-08-24/report.md	2026-08-24	0	manual	report.md	AUTH-TC-C05	BLOCKED
e2e-test-results/auth-final-cleanup-batch-2026-08-24/report.md	2026-08-24	0	manual	report.md	AUTH-TC-C07	BLOCKED
e2e-test-results/auth-final-cleanup-batch-2026-08-24/report.md	2026-08-24	0	manual	report.md	AUTH-TC-E04	PASS
e2e-test-results/auth-final-cleanup-batch-2026-08-24/report.md	2026-08-24	0	manual	report.md	AUTH-TC-H03	BLOCKED
e2e-test-results/auth-final-cleanup-batch-2026-08-24/report.md	2026-08-24	0	manual	report.md	AUTH-TC-P03	BLOCKED
e2e-test-results/auth-final-cleanup-batch-2026-08-24/report.md	2026-08-24	0	manual	report.md	AUTH-TC-S01	BLOCKED
e2e-test-results/group-j-listing-creation-single-2026-08-24/report.md	2026-08-24	528	manual	report.md	AUTH-TC-J01	PASS
e2e-test-results/group-j-listing-creation-single-2026-08-24/report.md	2026-08-24	528	manual	report.md	AUTH-TC-J02	BLOCKED
e2e-test-results/group-j-listing-creation-single-2026-08-24/report.md	2026-08-24	528	manual	report.md	AUTH-TC-J03	PASS
e2e-test-results/group-j-listing-creation-single-2026-08-24/report.md	2026-08-24	528	manual	report.md	AUTH-TC-J04	PASS
e2e-test-results/group-j-listing-creation-single-2026-08-24/report.md	2026-08-24	528	manual	report.md	AUTH-TC-J05	BLOCKED
e2e-test-results/group-j-listing-creation-single-2026-08-24/report.md	2026-08-24	528	manual	report.md	AUTH-TC-J06	PASS
e2e-test-results/group-j-listing-creation-single-2026-08-24/report.md	2026-08-24	528	manual	report.md	AUTH-TC-J07	PASS
e2e-test-results/group-j-listing-creation-single-2026-08-24/report.md	2026-08-24	528	manual	report.md	AUTH-TC-J08	PASS
e2e-test-results/group-j-listing-creation-single-2026-08-24/report.md	2026-08-24	528	manual	report.md	AUTH-TC-J09	PASS
e2e-test-results/group-j-listing-creation-single-2026-08-24/report.md	2026-08-24	528	manual	report.md	AUTH-TC-J11	BLOCKED
e2e-test-results/group-j-listing-creation-single-2026-08-24/report.md	2026-08-24	528	manual	report.md	AUTH-TC-J12	BLOCKED
e2e-test-results/group-j-listing-creation-single-2026-08-24/report.md	2026-08-24	528	manual	report.md	AUTH-TC-J13	BLOCKED
e2e-test-results/group-j-listing-creation-single-2026-08-24/report.md	2026-08-24	528	manual	report.md	AUTH-TC-J14	PASS
e2e-test-results/group-j-listing-creation-single-2026-08-24/report.md	2026-08-24	528	manual	report.md	AUTH-TC-J15	FAIL
e2e-test-results/group-j-closure-j02-j04-j11-j12-j13-j15-2026-08-24/report.md	2026-08-24	838	manual	report.md	AUTH-TC-J02	PASS
e2e-test-results/group-j-closure-j02-j04-j11-j12-j13-j15-2026-08-24/report.md	2026-08-24	838	manual	report.md	AUTH-TC-J04	PASS
e2e-test-results/group-j-closure-j02-j04-j11-j12-j13-j15-2026-08-24/report.md	2026-08-24	838	manual	report.md	AUTH-TC-J11	PASS
e2e-test-results/group-j-closure-j02-j04-j11-j12-j13-j15-2026-08-24/report.md	2026-08-24	838	manual	report.md	AUTH-TC-J12	PASS
e2e-test-results/group-j-closure-j02-j04-j11-j12-j13-j15-2026-08-24/report.md	2026-08-24	838	manual	report.md	AUTH-TC-J13	PASS
e2e-test-results/group-j-closure-j02-j04-j11-j12-j13-j15-2026-08-24/report.md	2026-08-24	838	manual	report.md	AUTH-TC-J15	PASS
e2e-test-results/group-j-closure-j02-j04-j11-j12-j13-j15-2026-08-24/report.md	2026-08-24	838	manual	report.md	AUTH-TC-J05	PASS
e2e-test-results/group-j-h-closure-2026-08-24/report.md	2026-08-24	936	manual	report.md	AUTH-TC-J05	PASS
e2e-test-results/group-j-h-closure-2026-08-24/report.md	2026-08-24	936	manual	report.md	AUTH-TC-H01	PASS
e2e-test-results/account-file-b-h-ikl-2026-08-25/report.md	2026-08-25	0	manual	report.md	ACC-TC-H01	PASS
e2e-test-results/account-file-b-h-ikl-2026-08-25/report.md	2026-08-25	0	manual	report.md	ACC-TC-H02	PASS
e2e-test-results/account-file-b-h-ikl-2026-08-25/report.md	2026-08-25	0	manual	report.md	ACC-TC-H03	BLOCKED
e2e-test-results/account-file-b-h-ikl-2026-08-25/report.md	2026-08-25	0	manual	report.md	ACC-TC-H04	PASS
e2e-test-results/account-file-b-h-ikl-2026-08-25/report.md	2026-08-25	0	manual	report.md	ACC-TC-H05	PASS
e2e-test-results/account-file-b-h-ikl-2026-08-25/report.md	2026-08-25	0	manual	report.md	ACC-TC-I01	PASS
e2e-test-results/account-file-b-h-ikl-2026-08-25/report.md	2026-08-25	0	manual	report.md	ACC-TC-I02	PASS
e2e-test-results/account-file-b-h-ikl-2026-08-25/report.md	2026-08-25	0	manual	report.md	ACC-TC-I03	PASS
e2e-test-results/account-file-b-h-ikl-2026-08-25/report.md	2026-08-25	0	manual	report.md	ACC-TC-I04	PASS
e2e-test-results/account-file-b-h-ikl-2026-08-25/report.md	2026-08-25	0	manual	report.md	ACC-TC-I05	PASS
e2e-test-results/account-file-b-h-ikl-2026-08-25/report.md	2026-08-25	0	manual	report.md	ACC-TC-K01	BLOCKED
e2e-test-results/account-file-b-h-ikl-2026-08-25/report.md	2026-08-25	0	manual	report.md	ACC-TC-L01	BLOCKED
e2e-test-results/account-file-b-h-ikl-2026-08-25/report.md	2026-08-25	0	manual	report.md	ACC-TC-B08	PASS
e2e-test-results/account-file-b-h-ikl-2026-08-25/report.md	2026-08-25	0	manual	report.md	ACC-TC-B02	BLOCKED
e2e-test-results/account-file-b-h-ikl-2026-08-25/report.md	2026-08-25	0	manual	report.md	ACC-TC-B03	PASS
e2e-test-results/account-file-b-h-ikl-2026-08-25/report.md	2026-08-25	0	manual	report.md	ACC-TC-B09	PASS
e2e-test-results/account-file-b-h-ikl-2026-08-25/report.md	2026-08-25	0	manual	report.md	ACC-TC-K02	BLOCKED
e2e-test-results/account-file-b-h-ikl-2026-08-25/report.md	2026-08-25	0	manual	report.md	ACC-TC-K03	BLOCKED
e2e-test-results/account-file-b-h-ikl-2026-08-25/report.md	2026-08-25	0	manual	report.md	ACC-TC-K04	BLOCKED
e2e-test-results/account-file-b-h-ikl-2026-08-25/report.md	2026-08-25	0	manual	report.md	ACC-TC-L02	BLOCKED
e2e-test-results/account-file-b-h-ikl-2026-08-25/report.md	2026-08-25	0	manual	report.md	ACC-TC-L03	BLOCKED
e2e-test-results/account-file-b-h-ikl-2026-08-25/report.md	2026-08-25	0	manual	report.md	ACC-TC-L04	BLOCKED
e2e-test-results/account-file-f02-g07-closures-2026-08-25/report.md	2026-08-25	0	manual	report.md	ACC-TC-F02	PASS
e2e-test-results/account-file-f02-g07-closures-2026-08-25/report.md	2026-08-25	0	manual	report.md	ACC-TC-G07	PASS
e2e-test-results/account-file-groups-a-g-full-closure-2026-08-25/report.md	2026-08-25	0	manual	report.md	ACC-TC-C03	PASS
e2e-test-results/account-file-groups-a-g-full-closure-2026-08-25/report.md	2026-08-25	0	manual	report.md	ACC-TC-C04	PASS
e2e-test-results/account-file-groups-a-g-full-closure-2026-08-25/report.md	2026-08-25	0	manual	report.md	ACC-TC-F01	PASS
e2e-test-results/account-file-groups-a-g-full-closure-2026-08-25/report.md	2026-08-25	0	manual	report.md	ACC-TC-F04	PASS
e2e-test-results/account-file-groups-a-g-full-closure-2026-08-25/report.md	2026-08-25	0	manual	report.md	ACC-TC-F02	BLOCKED
e2e-test-results/account-file-groups-a-g-full-closure-2026-08-25/report.md	2026-08-25	0	manual	report.md	ACC-TC-F03	PASS
e2e-test-results/account-file-groups-a-g-full-closure-2026-08-25/report.md	2026-08-25	0	manual	report.md	ACC-TC-G01	PASS
e2e-test-results/account-file-groups-a-g-full-closure-2026-08-25/report.md	2026-08-25	0	manual	report.md	ACC-TC-G07	PASS
e2e-test-results/account-file-groups-a-g-full-closure-2026-08-25/report.md	2026-08-25	0	manual	report.md	ACC-TC-A03	PASS
e2e-test-results/account-file-groups-a-g-full-closure-2026-08-25/report.md	2026-08-25	0	manual	report.md	ACC-TC-D02	PASS
e2e-test-results/account-file-b02-b03-reverify-2026-08-26/report.md	2026-08-26	0	manual	report.md	ACC-TC-B02	PASS
e2e-test-results/account-file-b02-b03-reverify-2026-08-26/report.md	2026-08-26	0	manual	report.md	ACC-TC-B03	BLOCKED
e2e-test-results/account-file-b02-b03-reverify-2026-08-26/report.md	2026-08-26	0	manual	report.md	ADM-TC-S03	SKIPPED
e2e-test-results/account-file-b03-real-sms-stall-cancel-2026-08-26/report.md	2026-08-26	0	manual	report.md	ACC-TC-B03	BLOCKED
e2e-test-results/account-file-full-closure-b02-b03-h05-h06-h07-s03-l01-l04-2026-08-26/report.md	2026-08-26	0	manual	report.md	ACC-TC-B02	FAIL
e2e-test-results/account-file-full-closure-b02-b03-h05-h06-h07-s03-l01-l04-2026-08-26/report.md	2026-08-26	0	manual	report.md	ACC-TC-B03	BLOCKED
e2e-test-results/account-file-full-closure-b02-b03-h05-h06-h07-s03-l01-l04-2026-08-26/report.md	2026-08-26	0	manual	report.md	ACC-TC-B10	PASS
e2e-test-results/account-file-full-closure-b02-b03-h05-h06-h07-s03-l01-l04-2026-08-26/report.md	2026-08-26	0	manual	report.md	ACC-TC-H05	PASS
e2e-test-results/account-file-full-closure-b02-b03-h05-h06-h07-s03-l01-l04-2026-08-26/report.md	2026-08-26	0	manual	report.md	ACC-TC-H06	PASS
e2e-test-results/account-file-full-closure-b02-b03-h05-h06-h07-s03-l01-l04-2026-08-26/report.md	2026-08-26	0	manual	report.md	ACC-TC-H07	PASS
e2e-test-results/account-file-full-closure-b02-b03-h05-h06-h07-s03-l01-l04-2026-08-26/report.md	2026-08-26	0	manual	report.md	ADM-TC-S03	SKIPPED
e2e-test-results/account-file-full-closure-b02-b03-h05-h06-h07-s03-l01-l04-2026-08-26/report.md	2026-08-26	0	manual	report.md	ACC-TC-L01	PASS
e2e-test-results/account-file-j-legal-email-stall-2026-08-26/report.md	2026-08-26	0	manual	report.md	ACC-TC-J01	PASS
e2e-test-results/account-file-j-legal-email-stall-2026-08-26/report.md	2026-08-26	0	manual	report.md	ACC-TC-J02	FAIL
e2e-test-results/account-file-j-legal-email-stall-2026-08-26/report.md	2026-08-26	0	manual	report.md	ACC-TC-J03	PASS
e2e-test-results/account-file-j-legal-email-stall-2026-08-26/report.md	2026-08-26	0	manual	report.md	ACC-TC-J04	PASS
e2e-test-results/account-file-j-legal-email-stall-2026-08-26/report.md	2026-08-26	0	manual	report.md	ACC-TC-J05	FAIL
e2e-test-results/account-file-j-legal-email-stall-2026-08-26/report.md	2026-08-26	0	manual	report.md	ACC-TC-J06	PASS
e2e-test-results/account-file-j-legal-email-stall-2026-08-26/report.md	2026-08-26	0	manual	report.md	ACC-TC-J07	BLOCKED
e2e-test-results/account-file-j-legal-email-stall-2026-08-26/report.md	2026-08-26	0	manual	report.md	ACC-TC-J08	BLOCKED
e2e-test-results/account-file-j-legal-email-stall-2026-08-26/report.md	2026-08-26	0	manual	report.md	ACC-TC-J09	PASS
e2e-test-results/account-file-j-legal-email-stall-2026-08-26/report.md	2026-08-26	0	manual	report.md	ACC-TC-J10	SKIPPED
e2e-test-results/account-file-j-legal-email-stall-2026-08-26/report.md	2026-08-26	0	manual	report.md	ACC-TC-J11	PASS
e2e-test-results/account-file-j-legal-email-stall-2026-08-26/report.md	2026-08-26	0	manual	report.md	ACC-TC-J12	BLOCKED
e2e-test-results/account-file-j-legal-email-stall-2026-08-26/report.md	2026-08-26	0	manual	report.md	ACC-TC-B02	PASS
e2e-test-results/trd-a01-a02-2026-08-26/report.md	2026-08-26	0	manual	report.md	TRD-TC-A01	BLOCKED
e2e-test-results/trd-a01-a02-2026-08-26/report.md	2026-08-26	0	manual	report.md	TRD-TC-A02	BLOCKED
e2e-test-results/2026-08-27T19-20-18/report.md	2026-08-27	0	automated	report.md	TRD-TC-A01	FAIL
e2e-test-results/2026-08-27T19-20-18/report.md	2026-08-27	0	automated	report.md	TRD-TC-A02	FAIL
e2e-test-results/2026-08-27T19-20-18/report.md	2026-08-27	0	automated	report.md	TRD-TC-A03	FAIL
e2e-test-results/2026-08-27T19-20-18/report.md	2026-08-27	0	automated	report.md	TRD-TC-A04	FAIL
e2e-test-results/2026-08-27T19-20-18/report.md	2026-08-27	0	automated	report.md	TRD-TC-B01	FAIL
e2e-test-results/2026-08-27T19-20-18/report.md	2026-08-27	0	automated	report.md	TRD-TC-B03	FAIL
e2e-test-results/2026-08-27T19-20-18/report.md	2026-08-27	0	automated	report.md	TRD-TC-B04	FAIL
e2e-test-results/2026-08-27T19-20-18/report.md	2026-08-27	0	automated	report.md	TRD-TC-B05	FAIL
e2e-test-results/2026-08-27T19-20-18/report.md	2026-08-27	0	automated	report.md	TRD-TC-C01	FAIL
e2e-test-results/2026-08-27T19-20-18/report.md	2026-08-27	0	automated	report.md	TRD-TC-C02	FAIL
e2e-test-results/2026-08-27T19-20-18/report.md	2026-08-27	0	automated	report.md	TRD-TC-C04	FAIL
e2e-test-results/2026-08-27T19-20-18/report.md	2026-08-27	0	automated	report.md	TRD-TC-C05	FAIL
e2e-test-results/2026-08-27T19-20-18/report.md	2026-08-27	0	automated	report.md	TRD-TC-C06	FAIL
e2e-test-results/2026-08-27T19-20-18/report.md	2026-08-27	0	automated	report.md	TRD-TC-C07	FAIL
e2e-test-results/2026-08-27T19-20-18/report.md	2026-08-27	0	automated	report.md	TRD-TC-C08	FAIL
e2e-test-results/2026-08-27T19-20-18/report.md	2026-08-27	0	automated	report.md	TRD-TC-D01	FAIL
e2e-test-results/2026-08-27T19-20-18/report.md	2026-08-27	0	automated	report.md	TRD-TC-D02	FAIL
e2e-test-results/2026-08-27T19-20-18/report.md	2026-08-27	0	automated	report.md	TRD-TC-D03	FAIL
e2e-test-results/2026-08-27T19-20-18/report.md	2026-08-27	0	automated	report.md	TRD-TC-D04	FAIL
e2e-test-results/2026-08-27T19-20-18/report.md	2026-08-27	0	automated	report.md	TRD-TC-D05	FAIL
e2e-test-results/2026-08-27T19-20-18/report.md	2026-08-27	0	automated	report.md	TRD-TC-F01	FAIL
e2e-test-results/2026-08-27T19-20-18/report.md	2026-08-27	0	automated	report.md	TRD-TC-F02	FAIL
e2e-test-results/2026-08-27T19-20-18/report.md	2026-08-27	0	automated	report.md	TRD-TC-F03	FAIL
e2e-test-results/2026-08-27T19-20-18/report.md	2026-08-27	0	automated	report.md	TRD-TC-B02	SKIPPED
e2e-test-results/2026-08-27T19-20-18/report.md	2026-08-27	0	automated	report.md	TRD-TC-B06	SKIPPED
e2e-test-results/2026-08-27T19-20-18/report.md	2026-08-27	0	automated	report.md	TRD-TC-C03	SKIPPED
e2e-test-results/2026-08-27T19-20-18/results.json	2026-08-27	0	automated	results.json	TRD-TC-A01	FAIL
e2e-test-results/2026-08-27T19-20-18/results.json	2026-08-27	0	automated	results.json	TRD-TC-A02	FAIL
e2e-test-results/2026-08-27T19-20-18/results.json	2026-08-27	0	automated	results.json	TRD-TC-A03	FAIL
e2e-test-results/2026-08-27T19-20-18/results.json	2026-08-27	0	automated	results.json	TRD-TC-A04	FAIL
e2e-test-results/2026-08-27T19-20-18/results.json	2026-08-27	0	automated	results.json	TRD-TC-B01	FAIL
e2e-test-results/2026-08-27T19-20-18/results.json	2026-08-27	0	automated	results.json	TRD-TC-B03	FAIL
e2e-test-results/2026-08-27T19-20-18/results.json	2026-08-27	0	automated	results.json	TRD-TC-B04	FAIL
e2e-test-results/2026-08-27T19-20-18/results.json	2026-08-27	0	automated	results.json	TRD-TC-B05	FAIL
e2e-test-results/2026-08-27T19-20-18/results.json	2026-08-27	0	automated	results.json	TRD-TC-C01	FAIL
e2e-test-results/2026-08-27T19-20-18/results.json	2026-08-27	0	automated	results.json	TRD-TC-C02	FAIL
e2e-test-results/2026-08-27T19-20-18/results.json	2026-08-27	0	automated	results.json	TRD-TC-C04	FAIL
e2e-test-results/2026-08-27T19-20-18/results.json	2026-08-27	0	automated	results.json	TRD-TC-C05	FAIL
e2e-test-results/2026-08-27T19-20-18/results.json	2026-08-27	0	automated	results.json	TRD-TC-C06	FAIL
e2e-test-results/2026-08-27T19-20-18/results.json	2026-08-27	0	automated	results.json	TRD-TC-C07	FAIL
e2e-test-results/2026-08-27T19-20-18/results.json	2026-08-27	0	automated	results.json	TRD-TC-C08	FAIL
e2e-test-results/2026-08-27T19-20-18/results.json	2026-08-27	0	automated	results.json	TRD-TC-D01	FAIL
e2e-test-results/2026-08-27T19-20-18/results.json	2026-08-27	0	automated	results.json	TRD-TC-D02	FAIL
e2e-test-results/2026-08-27T19-20-18/results.json	2026-08-27	0	automated	results.json	TRD-TC-D03	FAIL
e2e-test-results/2026-08-27T19-20-18/results.json	2026-08-27	0	automated	results.json	TRD-TC-D04	FAIL
e2e-test-results/2026-08-27T19-20-18/results.json	2026-08-27	0	automated	results.json	TRD-TC-D05	FAIL
e2e-test-results/2026-08-27T19-20-18/results.json	2026-08-27	0	automated	results.json	TRD-TC-F01	FAIL
e2e-test-results/2026-08-27T19-20-18/results.json	2026-08-27	0	automated	results.json	TRD-TC-F02	FAIL
e2e-test-results/2026-08-27T19-20-18/results.json	2026-08-27	0	automated	results.json	TRD-TC-F03	FAIL
e2e-test-results/2026-08-27T19-20-18/results.json	2026-08-27	0	automated	results.json	TRD-TC-B02	SKIPPED
e2e-test-results/2026-08-27T19-20-18/results.json	2026-08-27	0	automated	results.json	TRD-TC-B06	SKIPPED
e2e-test-results/2026-08-27T19-20-18/results.json	2026-08-27	0	automated	results.json	TRD-TC-C03	SKIPPED
e2e-test-results/2026-08-27T21-10-57/report.md	2026-08-27	0	automated	report.md	TRD-TC-A01	FAIL
e2e-test-results/2026-08-27T21-10-57/report.md	2026-08-27	0	automated	report.md	TRD-TC-A02	FAIL
e2e-test-results/2026-08-27T21-10-57/report.md	2026-08-27	0	automated	report.md	TRD-TC-A03	FAIL
e2e-test-results/2026-08-27T21-10-57/report.md	2026-08-27	0	automated	report.md	TRD-TC-A04	FAIL
e2e-test-results/2026-08-27T21-10-57/report.md	2026-08-27	0	automated	report.md	TRD-TC-B01	FAIL
e2e-test-results/2026-08-27T21-10-57/report.md	2026-08-27	0	automated	report.md	TRD-TC-B03	FAIL
e2e-test-results/2026-08-27T21-10-57/report.md	2026-08-27	0	automated	report.md	TRD-TC-B04	FAIL
e2e-test-results/2026-08-27T21-10-57/report.md	2026-08-27	0	automated	report.md	TRD-TC-B05	FAIL
e2e-test-results/2026-08-27T21-10-57/report.md	2026-08-27	0	automated	report.md	TRD-TC-C01	FAIL
e2e-test-results/2026-08-27T21-10-57/report.md	2026-08-27	0	automated	report.md	TRD-TC-C02	FAIL
e2e-test-results/2026-08-27T21-10-57/report.md	2026-08-27	0	automated	report.md	TRD-TC-C04	FAIL
e2e-test-results/2026-08-27T21-10-57/report.md	2026-08-27	0	automated	report.md	TRD-TC-C05	FAIL
e2e-test-results/2026-08-27T21-10-57/report.md	2026-08-27	0	automated	report.md	TRD-TC-C06	FAIL
e2e-test-results/2026-08-27T21-10-57/report.md	2026-08-27	0	automated	report.md	TRD-TC-C07	FAIL
e2e-test-results/2026-08-27T21-10-57/report.md	2026-08-27	0	automated	report.md	TRD-TC-C08	FAIL
e2e-test-results/2026-08-27T21-10-57/report.md	2026-08-27	0	automated	report.md	TRD-TC-D01	FAIL
e2e-test-results/2026-08-27T21-10-57/report.md	2026-08-27	0	automated	report.md	TRD-TC-D02	FAIL
e2e-test-results/2026-08-27T21-10-57/report.md	2026-08-27	0	automated	report.md	TRD-TC-D03	FAIL
e2e-test-results/2026-08-27T21-10-57/report.md	2026-08-27	0	automated	report.md	TRD-TC-D04	FAIL
e2e-test-results/2026-08-27T21-10-57/report.md	2026-08-27	0	automated	report.md	TRD-TC-D05	FAIL
e2e-test-results/2026-08-27T21-10-57/report.md	2026-08-27	0	automated	report.md	TRD-TC-F01	FAIL
e2e-test-results/2026-08-27T21-10-57/report.md	2026-08-27	0	automated	report.md	TRD-TC-F02	FAIL
e2e-test-results/2026-08-27T21-10-57/report.md	2026-08-27	0	automated	report.md	TRD-TC-F03	FAIL
e2e-test-results/2026-08-27T21-10-57/report.md	2026-08-27	0	automated	report.md	TRD-TC-B02	SKIPPED
e2e-test-results/2026-08-27T21-10-57/report.md	2026-08-27	0	automated	report.md	TRD-TC-B06	SKIPPED
e2e-test-results/2026-08-27T21-10-57/report.md	2026-08-27	0	automated	report.md	TRD-TC-C03	SKIPPED
e2e-test-results/2026-08-27T21-10-57/results.json	2026-08-27	0	automated	results.json	TRD-TC-A01	FAIL
e2e-test-results/2026-08-27T21-10-57/results.json	2026-08-27	0	automated	results.json	TRD-TC-A02	FAIL
e2e-test-results/2026-08-27T21-10-57/results.json	2026-08-27	0	automated	results.json	TRD-TC-A03	FAIL
e2e-test-results/2026-08-27T21-10-57/results.json	2026-08-27	0	automated	results.json	TRD-TC-A04	FAIL
e2e-test-results/2026-08-27T21-10-57/results.json	2026-08-27	0	automated	results.json	TRD-TC-B01	FAIL
e2e-test-results/2026-08-27T21-10-57/results.json	2026-08-27	0	automated	results.json	TRD-TC-B03	FAIL
e2e-test-results/2026-08-27T21-10-57/results.json	2026-08-27	0	automated	results.json	TRD-TC-B04	FAIL
e2e-test-results/2026-08-27T21-10-57/results.json	2026-08-27	0	automated	results.json	TRD-TC-B05	FAIL
e2e-test-results/2026-08-27T21-10-57/results.json	2026-08-27	0	automated	results.json	TRD-TC-C01	FAIL
e2e-test-results/2026-08-27T21-10-57/results.json	2026-08-27	0	automated	results.json	TRD-TC-C02	FAIL
e2e-test-results/2026-08-27T21-10-57/results.json	2026-08-27	0	automated	results.json	TRD-TC-C04	FAIL
e2e-test-results/2026-08-27T21-10-57/results.json	2026-08-27	0	automated	results.json	TRD-TC-C05	FAIL
e2e-test-results/2026-08-27T21-10-57/results.json	2026-08-27	0	automated	results.json	TRD-TC-C06	FAIL
e2e-test-results/2026-08-27T21-10-57/results.json	2026-08-27	0	automated	results.json	TRD-TC-C07	FAIL
e2e-test-results/2026-08-27T21-10-57/results.json	2026-08-27	0	automated	results.json	TRD-TC-C08	FAIL
e2e-test-results/2026-08-27T21-10-57/results.json	2026-08-27	0	automated	results.json	TRD-TC-D01	FAIL
e2e-test-results/2026-08-27T21-10-57/results.json	2026-08-27	0	automated	results.json	TRD-TC-D02	FAIL
e2e-test-results/2026-08-27T21-10-57/results.json	2026-08-27	0	automated	results.json	TRD-TC-D03	FAIL
e2e-test-results/2026-08-27T21-10-57/results.json	2026-08-27	0	automated	results.json	TRD-TC-D04	FAIL
e2e-test-results/2026-08-27T21-10-57/results.json	2026-08-27	0	automated	results.json	TRD-TC-D05	FAIL
e2e-test-results/2026-08-27T21-10-57/results.json	2026-08-27	0	automated	results.json	TRD-TC-F01	FAIL
e2e-test-results/2026-08-27T21-10-57/results.json	2026-08-27	0	automated	results.json	TRD-TC-F02	FAIL
e2e-test-results/2026-08-27T21-10-57/results.json	2026-08-27	0	automated	results.json	TRD-TC-F03	FAIL
e2e-test-results/2026-08-27T21-10-57/results.json	2026-08-27	0	automated	results.json	TRD-TC-B02	SKIPPED
e2e-test-results/2026-08-27T21-10-57/results.json	2026-08-27	0	automated	results.json	TRD-TC-B06	SKIPPED
e2e-test-results/2026-08-27T21-10-57/results.json	2026-08-27	0	automated	results.json	TRD-TC-C03	SKIPPED
e2e-test-results/2026-08-27T23-22-18/report.md	2026-08-27	0	automated	report.md	TRD-TC-A01	FAIL
e2e-test-results/2026-08-27T23-22-18/report.md	2026-08-27	0	automated	report.md	TRD-TC-A02	FAIL
e2e-test-results/2026-08-27T23-22-18/report.md	2026-08-27	0	automated	report.md	TRD-TC-A03	FAIL
e2e-test-results/2026-08-27T23-22-18/report.md	2026-08-27	0	automated	report.md	TRD-TC-A04	FAIL
e2e-test-results/2026-08-27T23-22-18/report.md	2026-08-27	0	automated	report.md	TRD-TC-B01	FAIL
e2e-test-results/2026-08-27T23-22-18/report.md	2026-08-27	0	automated	report.md	TRD-TC-B03	FAIL
e2e-test-results/2026-08-27T23-22-18/report.md	2026-08-27	0	automated	report.md	TRD-TC-B04	FAIL
e2e-test-results/2026-08-27T23-22-18/report.md	2026-08-27	0	automated	report.md	TRD-TC-B05	FAIL
e2e-test-results/2026-08-27T23-22-18/report.md	2026-08-27	0	automated	report.md	TRD-TC-C01	FAIL
e2e-test-results/2026-08-27T23-22-18/report.md	2026-08-27	0	automated	report.md	TRD-TC-C02	FAIL
e2e-test-results/2026-08-27T23-22-18/report.md	2026-08-27	0	automated	report.md	TRD-TC-C04	FAIL
e2e-test-results/2026-08-27T23-22-18/report.md	2026-08-27	0	automated	report.md	TRD-TC-C05	FAIL
e2e-test-results/2026-08-27T23-22-18/report.md	2026-08-27	0	automated	report.md	TRD-TC-C06	FAIL
e2e-test-results/2026-08-27T23-22-18/report.md	2026-08-27	0	automated	report.md	TRD-TC-C07	FAIL
e2e-test-results/2026-08-27T23-22-18/report.md	2026-08-27	0	automated	report.md	TRD-TC-C08	FAIL
e2e-test-results/2026-08-27T23-22-18/report.md	2026-08-27	0	automated	report.md	TRD-TC-D01	FAIL
e2e-test-results/2026-08-27T23-22-18/report.md	2026-08-27	0	automated	report.md	TRD-TC-D02	FAIL
e2e-test-results/2026-08-27T23-22-18/report.md	2026-08-27	0	automated	report.md	TRD-TC-D03	FAIL
e2e-test-results/2026-08-27T23-22-18/report.md	2026-08-27	0	automated	report.md	TRD-TC-D04	FAIL
e2e-test-results/2026-08-27T23-22-18/report.md	2026-08-27	0	automated	report.md	TRD-TC-D05	FAIL
e2e-test-results/2026-08-27T23-22-18/report.md	2026-08-27	0	automated	report.md	TRD-TC-F01	FAIL
e2e-test-results/2026-08-27T23-22-18/report.md	2026-08-27	0	automated	report.md	TRD-TC-F02	FAIL
e2e-test-results/2026-08-27T23-22-18/report.md	2026-08-27	0	automated	report.md	TRD-TC-F03	FAIL
e2e-test-results/2026-08-27T23-22-18/report.md	2026-08-27	0	automated	report.md	TRD-TC-B02	SKIPPED
e2e-test-results/2026-08-27T23-22-18/report.md	2026-08-27	0	automated	report.md	TRD-TC-B06	SKIPPED
e2e-test-results/2026-08-27T23-22-18/report.md	2026-08-27	0	automated	report.md	TRD-TC-C03	SKIPPED
e2e-test-results/2026-08-27T23-22-18/results.json	2026-08-27	0	automated	results.json	TRD-TC-A01	FAIL
e2e-test-results/2026-08-27T23-22-18/results.json	2026-08-27	0	automated	results.json	TRD-TC-A02	FAIL
e2e-test-results/2026-08-27T23-22-18/results.json	2026-08-27	0	automated	results.json	TRD-TC-A03	FAIL
e2e-test-results/2026-08-27T23-22-18/results.json	2026-08-27	0	automated	results.json	TRD-TC-A04	FAIL
e2e-test-results/2026-08-27T23-22-18/results.json	2026-08-27	0	automated	results.json	TRD-TC-B01	FAIL
e2e-test-results/2026-08-27T23-22-18/results.json	2026-08-27	0	automated	results.json	TRD-TC-B03	FAIL
e2e-test-results/2026-08-27T23-22-18/results.json	2026-08-27	0	automated	results.json	TRD-TC-B04	FAIL
e2e-test-results/2026-08-27T23-22-18/results.json	2026-08-27	0	automated	results.json	TRD-TC-B05	FAIL
e2e-test-results/2026-08-27T23-22-18/results.json	2026-08-27	0	automated	results.json	TRD-TC-C01	FAIL
e2e-test-results/2026-08-27T23-22-18/results.json	2026-08-27	0	automated	results.json	TRD-TC-C02	FAIL
e2e-test-results/2026-08-27T23-22-18/results.json	2026-08-27	0	automated	results.json	TRD-TC-C04	FAIL
e2e-test-results/2026-08-27T23-22-18/results.json	2026-08-27	0	automated	results.json	TRD-TC-C05	FAIL
e2e-test-results/2026-08-27T23-22-18/results.json	2026-08-27	0	automated	results.json	TRD-TC-C06	FAIL
e2e-test-results/2026-08-27T23-22-18/results.json	2026-08-27	0	automated	results.json	TRD-TC-C07	FAIL
e2e-test-results/2026-08-27T23-22-18/results.json	2026-08-27	0	automated	results.json	TRD-TC-C08	FAIL
e2e-test-results/2026-08-27T23-22-18/results.json	2026-08-27	0	automated	results.json	TRD-TC-D01	FAIL
e2e-test-results/2026-08-27T23-22-18/results.json	2026-08-27	0	automated	results.json	TRD-TC-D02	FAIL
e2e-test-results/2026-08-27T23-22-18/results.json	2026-08-27	0	automated	results.json	TRD-TC-D03	FAIL
e2e-test-results/2026-08-27T23-22-18/results.json	2026-08-27	0	automated	results.json	TRD-TC-D04	FAIL
e2e-test-results/2026-08-27T23-22-18/results.json	2026-08-27	0	automated	results.json	TRD-TC-D05	FAIL
e2e-test-results/2026-08-27T23-22-18/results.json	2026-08-27	0	automated	results.json	TRD-TC-F01	FAIL
e2e-test-results/2026-08-27T23-22-18/results.json	2026-08-27	0	automated	results.json	TRD-TC-F02	FAIL
e2e-test-results/2026-08-27T23-22-18/results.json	2026-08-27	0	automated	results.json	TRD-TC-F03	FAIL
e2e-test-results/2026-08-27T23-22-18/results.json	2026-08-27	0	automated	results.json	TRD-TC-B02	SKIPPED
e2e-test-results/2026-08-27T23-22-18/results.json	2026-08-27	0	automated	results.json	TRD-TC-B06	SKIPPED
e2e-test-results/2026-08-27T23-22-18/results.json	2026-08-27	0	automated	results.json	TRD-TC-C03	SKIPPED
e2e-test-results/2026-08-27T23-30-35/report.md	2026-08-27	0	automated	report.md	TRD-TC-A01	FAIL
e2e-test-results/2026-08-27T23-30-35/report.md	2026-08-27	0	automated	report.md	TRD-TC-A02	FAIL
e2e-test-results/2026-08-27T23-30-35/report.md	2026-08-27	0	automated	report.md	TRD-TC-A03	FAIL
e2e-test-results/2026-08-27T23-30-35/report.md	2026-08-27	0	automated	report.md	TRD-TC-A04	FAIL
e2e-test-results/2026-08-27T23-30-35/report.md	2026-08-27	0	automated	report.md	TRD-TC-B01	FAIL
e2e-test-results/2026-08-27T23-30-35/report.md	2026-08-27	0	automated	report.md	TRD-TC-B03	FAIL
e2e-test-results/2026-08-27T23-30-35/report.md	2026-08-27	0	automated	report.md	TRD-TC-B04	FAIL
e2e-test-results/2026-08-27T23-30-35/report.md	2026-08-27	0	automated	report.md	TRD-TC-B05	FAIL
e2e-test-results/2026-08-27T23-30-35/report.md	2026-08-27	0	automated	report.md	TRD-TC-C01	FAIL
e2e-test-results/2026-08-27T23-30-35/report.md	2026-08-27	0	automated	report.md	TRD-TC-C02	FAIL
e2e-test-results/2026-08-27T23-30-35/report.md	2026-08-27	0	automated	report.md	TRD-TC-C04	FAIL
e2e-test-results/2026-08-27T23-30-35/report.md	2026-08-27	0	automated	report.md	TRD-TC-C05	FAIL
e2e-test-results/2026-08-27T23-30-35/report.md	2026-08-27	0	automated	report.md	TRD-TC-C06	FAIL
e2e-test-results/2026-08-27T23-30-35/report.md	2026-08-27	0	automated	report.md	TRD-TC-C07	FAIL
e2e-test-results/2026-08-27T23-30-35/report.md	2026-08-27	0	automated	report.md	TRD-TC-C08	FAIL
e2e-test-results/2026-08-27T23-30-35/report.md	2026-08-27	0	automated	report.md	TRD-TC-D01	FAIL
e2e-test-results/2026-08-27T23-30-35/report.md	2026-08-27	0	automated	report.md	TRD-TC-D02	FAIL
e2e-test-results/2026-08-27T23-30-35/report.md	2026-08-27	0	automated	report.md	TRD-TC-D03	FAIL
e2e-test-results/2026-08-27T23-30-35/report.md	2026-08-27	0	automated	report.md	TRD-TC-D04	FAIL
e2e-test-results/2026-08-27T23-30-35/report.md	2026-08-27	0	automated	report.md	TRD-TC-D05	FAIL
e2e-test-results/2026-08-27T23-30-35/report.md	2026-08-27	0	automated	report.md	TRD-TC-F01	FAIL
e2e-test-results/2026-08-27T23-30-35/report.md	2026-08-27	0	automated	report.md	TRD-TC-F02	FAIL
e2e-test-results/2026-08-27T23-30-35/report.md	2026-08-27	0	automated	report.md	TRD-TC-F03	FAIL
e2e-test-results/2026-08-27T23-30-35/report.md	2026-08-27	0	automated	report.md	TRD-TC-B02	SKIPPED
e2e-test-results/2026-08-27T23-30-35/report.md	2026-08-27	0	automated	report.md	TRD-TC-B06	SKIPPED
e2e-test-results/2026-08-27T23-30-35/report.md	2026-08-27	0	automated	report.md	TRD-TC-C03	SKIPPED
e2e-test-results/2026-08-27T23-30-35/results.json	2026-08-27	0	automated	results.json	TRD-TC-A01	FAIL
e2e-test-results/2026-08-27T23-30-35/results.json	2026-08-27	0	automated	results.json	TRD-TC-A02	FAIL
e2e-test-results/2026-08-27T23-30-35/results.json	2026-08-27	0	automated	results.json	TRD-TC-A03	FAIL
e2e-test-results/2026-08-27T23-30-35/results.json	2026-08-27	0	automated	results.json	TRD-TC-A04	FAIL
e2e-test-results/2026-08-27T23-30-35/results.json	2026-08-27	0	automated	results.json	TRD-TC-B01	FAIL
e2e-test-results/2026-08-27T23-30-35/results.json	2026-08-27	0	automated	results.json	TRD-TC-B03	FAIL
e2e-test-results/2026-08-27T23-30-35/results.json	2026-08-27	0	automated	results.json	TRD-TC-B04	FAIL
e2e-test-results/2026-08-27T23-30-35/results.json	2026-08-27	0	automated	results.json	TRD-TC-B05	FAIL
e2e-test-results/2026-08-27T23-30-35/results.json	2026-08-27	0	automated	results.json	TRD-TC-C01	FAIL
e2e-test-results/2026-08-27T23-30-35/results.json	2026-08-27	0	automated	results.json	TRD-TC-C02	FAIL
e2e-test-results/2026-08-27T23-30-35/results.json	2026-08-27	0	automated	results.json	TRD-TC-C04	FAIL
e2e-test-results/2026-08-27T23-30-35/results.json	2026-08-27	0	automated	results.json	TRD-TC-C05	FAIL
e2e-test-results/2026-08-27T23-30-35/results.json	2026-08-27	0	automated	results.json	TRD-TC-C06	FAIL
e2e-test-results/2026-08-27T23-30-35/results.json	2026-08-27	0	automated	results.json	TRD-TC-C07	FAIL
e2e-test-results/2026-08-27T23-30-35/results.json	2026-08-27	0	automated	results.json	TRD-TC-C08	FAIL
e2e-test-results/2026-08-27T23-30-35/results.json	2026-08-27	0	automated	results.json	TRD-TC-D01	FAIL
e2e-test-results/2026-08-27T23-30-35/results.json	2026-08-27	0	automated	results.json	TRD-TC-D02	FAIL
e2e-test-results/2026-08-27T23-30-35/results.json	2026-08-27	0	automated	results.json	TRD-TC-D03	FAIL
e2e-test-results/2026-08-27T23-30-35/results.json	2026-08-27	0	automated	results.json	TRD-TC-D04	FAIL
e2e-test-results/2026-08-27T23-30-35/results.json	2026-08-27	0	automated	results.json	TRD-TC-D05	FAIL
e2e-test-results/2026-08-27T23-30-35/results.json	2026-08-27	0	automated	results.json	TRD-TC-F01	FAIL
e2e-test-results/2026-08-27T23-30-35/results.json	2026-08-27	0	automated	results.json	TRD-TC-F02	FAIL
e2e-test-results/2026-08-27T23-30-35/results.json	2026-08-27	0	automated	results.json	TRD-TC-F03	FAIL
e2e-test-results/2026-08-27T23-30-35/results.json	2026-08-27	0	automated	results.json	TRD-TC-B02	SKIPPED
e2e-test-results/2026-08-27T23-30-35/results.json	2026-08-27	0	automated	results.json	TRD-TC-B06	SKIPPED
e2e-test-results/2026-08-27T23-30-35/results.json	2026-08-27	0	automated	results.json	TRD-TC-C03	SKIPPED
e2e-test-results/trd-part2-2026-08-27/report.md	2026-08-27	0	manual	report.md	TRD-TC-C01	PASS
e2e-test-results/trd-part2-2026-08-27/report.md	2026-08-27	0	manual	report.md	TRD-TC-A01	PASS
e2e-test-results/trd-part2-2026-08-27/report.md	2026-08-27	0	manual	report.md	TRD-TC-A02	PASS (partial)
e2e-test-results/qa-trd-b-c-d-e-2026-08-28/decision-outcome-log.md	2026-08-28	0	manual	decision-log	TRD-TC-C08	PASS
e2e-test-results/qa-trd-b-c-d-e-2026-08-28/decision-outcome-log.md	2026-08-28	0	manual	decision-log	TRD-TC-B02	PASS
e2e-test-results/qa-trd-b-c-d-e-2026-08-28/report.md	2026-08-28	0	manual	report.md	TRD-TC-B02	PASS
e2e-test-results/qa-trd-b-c-d-e-2026-08-28/report.md	2026-08-28	0	manual	report.md	TRD-TC-B03	SKIPPED
e2e-test-results/qa-trd-b-c-d-e-2026-08-28/report.md	2026-08-28	0	manual	report.md	TRD-TC-B05c	SKIPPED
e2e-test-results/qa-trd-b-c-d-e-2026-08-28/report.md	2026-08-28	0	manual	report.md	TRD-TC-C01	PASS
e2e-test-results/qa-trd-b-c-d-e-2026-08-28/report.md	2026-08-28	0	manual	report.md	TRD-TC-C02	PASS
e2e-test-results/qa-trd-b-c-d-e-2026-08-28/report.md	2026-08-28	0	manual	report.md	TRD-TC-C03	PASS
e2e-test-results/qa-trd-b-c-d-e-2026-08-28/report.md	2026-08-28	0	manual	report.md	TRD-TC-C04	PASS
e2e-test-results/qa-trd-b-c-d-e-2026-08-28/report.md	2026-08-28	0	manual	report.md	TRD-TC-C05	PASS
e2e-test-results/qa-trd-b-c-d-e-2026-08-28/report.md	2026-08-28	0	manual	report.md	TRD-TC-C06	PASS
e2e-test-results/qa-trd-b-c-d-e-2026-08-28/report.md	2026-08-28	0	manual	report.md	TRD-TC-C07	PASS
e2e-test-results/qa-trd-b-c-d-e-2026-08-28/report.md	2026-08-28	0	manual	report.md	TRD-TC-C08	PASS
e2e-test-results/qa-trd-b-c-d-e-2026-08-28/report.md	2026-08-28	0	manual	report.md	TRD-TC-D01	PASS
e2e-test-results/qa-trd-b-c-d-e-2026-08-28/report.md	2026-08-28	0	manual	report.md	TRD-TC-D02	SKIPPED
e2e-test-results/qa-trd-b-c-d-e-2026-08-28/report.md	2026-08-28	0	manual	report.md	TRD-TC-D03	PASS
e2e-test-results/qa-trd-b-c-d-e-2026-08-28/report.md	2026-08-28	0	manual	report.md	TRD-TC-D04	PASS
e2e-test-results/qa-trd-b-c-d-e-2026-08-28/report.md	2026-08-28	0	manual	report.md	TRD-TC-E01	BLOCKED
e2e-test-results/qa-trd-b-c-d-e-2026-08-28/report.md	2026-08-28	0	manual	report.md	TRD-TC-E02	PASS
e2e-test-results/qa-trd-b-c-d-e-2026-08-28/report.md	2026-08-28	0	manual	report.md	TRD-TC-E03	PASS
e2e-test-results/qa-trd-b-c-d-e-2026-08-28/report.md	2026-08-28	0	manual	report.md	TRD-TC-E04	PASS
e2e-test-results/qa-trd-b-c-d-e-2026-08-28/report.md	2026-08-28	0	manual	report.md	TRD-TC-E07	BLOCKED
e2e-test-results/qa-trd-b-c-d-e-2026-08-28/report.md	2026-08-28	0	manual	report.md	TRD-TC-E08	BLOCKED
e2e-test-results/qa-trd-b-c-d-e-2026-08-28/report.md	2026-08-28	0	manual	report.md	TRD-TC-E09	BLOCKED
e2e-test-results/qa-trd-b-c-d-e-2026-08-28/report.md	2026-08-28	0	manual	report.md	TRD-TC-E10	BLOCKED
e2e-test-results/qa-trd-b01-b02-reverify-2026-08-28/report.md	2026-08-28	0	manual	report.md	TRD-TC-B01	PASS
e2e-test-results/qa-trd-b01-b02-reverify-2026-08-28/report.md	2026-08-28	0	manual	report.md	TRD-TC-B02	PASS
e2e-test-results/qa-trd-b05e-j-admin-deps-2026-08-28/report.md	2026-08-28	0	manual	report.md	TRD-TC-B05e	PASS
e2e-test-results/qa-trd-b05e-j-admin-deps-2026-08-28/report.md	2026-08-28	0	manual	report.md	TRD-TC-B05f	PASS
e2e-test-results/qa-trd-b05e-j-admin-deps-2026-08-28/report.md	2026-08-28	0	manual	report.md	TRD-TC-B05g	PASS
e2e-test-results/qa-trd-b05e-j-admin-deps-2026-08-28/report.md	2026-08-28	0	manual	report.md	TRD-TC-B05h	PASS
e2e-test-results/qa-trd-b05e-j-admin-deps-2026-08-28/report.md	2026-08-28	0	manual	report.md	TRD-TC-B05i	PASS
e2e-test-results/qa-trd-b05e-j-admin-deps-2026-08-28/report.md	2026-08-28	0	manual	report.md	TRD-TC-B05j	PASS
e2e-test-results/qa-trd-group-a-b-2026-08-28/decision-outcome-log.md	2026-08-28	0	manual	decision-log	TRD-TC-A01	PASS
e2e-test-results/qa-trd-group-a-b-2026-08-28/decision-outcome-log.md	2026-08-28	0	manual	decision-log	TRD-TC-B05i	BLOCKED
e2e-test-results/qa-trd-group-a-b-2026-08-28/decision-outcome-log.md	2026-08-28	0	manual	decision-log	TRD-TC-B05e	BLOCKED
e2e-test-results/qa-trd-group-a-b-2026-08-28/decision-outcome-log.md	2026-08-28	0	manual	decision-log	TRD-TC-B05f	SKIPPED
e2e-test-results/qa-trd-group-a-b-2026-08-28/decision-outcome-log.md	2026-08-28	0	manual	decision-log	TRD-TC-B05j	BLOCKED
e2e-test-results/qa-trd-group-a-b-2026-08-28/decision-outcome-log.md	2026-08-28	0	manual	decision-log	TRD-TC-B06	BLOCKED
e2e-test-results/qa-trd-group-a-b-2026-08-28/decision-outcome-log.md	2026-08-28	0	manual	decision-log	TRD-TC-B03	SKIPPED
e2e-test-results/qa-trd-group-a-b-2026-08-28/decision-outcome-log.md	2026-08-28	0	manual	decision-log	TRD-TC-B05c	SKIPPED
e2e-test-results/qa-trd-group-a-b-2026-08-28/decision-outcome-log.md	2026-08-28	0	manual	decision-log	TRD-TC-F1	BLOCKED
e2e-test-results/qa-trd-group-a-b-2026-08-28/decision-outcome-log.md	2026-08-28	0	manual	decision-log	TRD-TC-F5	BLOCKED
e2e-test-results/qa-trd-group-a-b-2026-08-28/decision-outcome-log.md	2026-08-28	0	manual	decision-log	TRD-TC-F10	BLOCKED
e2e-test-results/qa-trd-group-a-b-2026-08-28/report.md	2026-08-28	0	manual	report.md	TRD-TC-A01	PASS
e2e-test-results/qa-trd-group-a-b-2026-08-28/report.md	2026-08-28	0	manual	report.md	TRD-TC-A02	FAIL
e2e-test-results/qa-trd-group-a-b-2026-08-28/report.md	2026-08-28	0	manual	report.md	TRD-TC-B01	PASS
e2e-test-results/qa-trd-group-a-b-2026-08-28/report.md	2026-08-28	0	manual	report.md	TRD-TC-B02	FAIL
e2e-test-results/qa-trd-group-a-b-2026-08-28/report.md	2026-08-28	0	manual	report.md	TRD-TC-B03	SKIPPED
e2e-test-results/qa-trd-group-a-b-2026-08-28/report.md	2026-08-28	0	manual	report.md	TRD-TC-B04	PASS
e2e-test-results/qa-trd-group-a-b-2026-08-28/report.md	2026-08-28	0	manual	report.md	TRD-TC-B05	BLOCKED
e2e-test-results/qa-trd-group-a-b-2026-08-28/report.md	2026-08-28	0	manual	report.md	TRD-TC-B05a	PASS
e2e-test-results/qa-trd-group-a-b-2026-08-28/report.md	2026-08-28	0	manual	report.md	TRD-TC-B05b	PASS
e2e-test-results/qa-trd-group-a-b-2026-08-28/report.md	2026-08-28	0	manual	report.md	TRD-TC-B05c	SKIPPED
e2e-test-results/qa-trd-group-a-b-2026-08-28/report.md	2026-08-28	0	manual	report.md	TRD-TC-B05d	PASS
e2e-test-results/qa-trd-group-a-b-2026-08-28/report.md	2026-08-28	0	manual	report.md	TRD-TC-B05e	BLOCKED
e2e-test-results/qa-trd-group-a-b-2026-08-28/report.md	2026-08-28	0	manual	report.md	TRD-TC-B05f	SKIPPED
e2e-test-results/qa-trd-group-a-b-2026-08-28/report.md	2026-08-28	0	manual	report.md	TRD-TC-B05g	SKIPPED
e2e-test-results/qa-trd-group-a-b-2026-08-28/report.md	2026-08-28	0	manual	report.md	TRD-TC-B05h	SKIPPED
e2e-test-results/qa-trd-group-a-b-2026-08-28/report.md	2026-08-28	0	manual	report.md	TRD-TC-B05i	BLOCKED
e2e-test-results/qa-trd-group-a-b-2026-08-28/report.md	2026-08-28	0	manual	report.md	TRD-TC-B05j	BLOCKED
e2e-test-results/qa-trd-group-a-b-2026-08-28/report.md	2026-08-28	0	manual	report.md	TRD-TC-B06	BLOCKED
e2e-test-results/qa-trd-group-a-b-2026-08-28/report.md	2026-08-28	0	manual	report.md	TRD-TC-B07	PASS
e2e-test-results/qa-trd-group-a-b-2026-08-28/report.md	2026-08-28	0	manual	report.md	TRD-TC-B08	PASS
e2e-test-results/qa-trd-reverify-a02-b02-b06-2026-08-28/report.md	2026-08-28	0	manual	report.md	TRD-TC-A02	FAIL
e2e-test-results/qa-trd-reverify-a02-b02-b06-2026-08-28/report.md	2026-08-28	0	manual	report.md	TRD-TC-B02	FAIL
e2e-test-results/qa-trd-reverify-a02-b02-b06-2026-08-28/report.md	2026-08-28	0	manual	report.md	TRD-TC-B06	BLOCKED
e2e-test-results/qa-task5-trd-f-k-2026-08-29/report.md	2026-08-29	0	manual	report.md	TRD-TC-F01	PASS
e2e-test-results/qa-task5-trd-f-k-2026-08-29/report.md	2026-08-29	0	manual	report.md	TRD-TC-F02	PASS
e2e-test-results/qa-task5-trd-f-k-2026-08-29/report.md	2026-08-29	0	manual	report.md	TRD-TC-F03	PASS
e2e-test-results/qa-task5-trd-f-k-2026-08-29/report.md	2026-08-29	0	manual	report.md	TRD-TC-G01	PASS
e2e-test-results/qa-task5-trd-f-k-2026-08-29/report.md	2026-08-29	0	manual	report.md	TRD-TC-G02	PASS
e2e-test-results/qa-task5-trd-f-k-2026-08-29/report.md	2026-08-29	0	manual	report.md	TRD-TC-G03	PASS
e2e-test-results/qa-task5-trd-f-k-2026-08-29/report.md	2026-08-29	0	manual	report.md	TRD-TC-H01	PASS
e2e-test-results/qa-task5-trd-f-k-2026-08-29/report.md	2026-08-29	0	manual	report.md	TRD-TC-H02	PASS
e2e-test-results/qa-task5-trd-f-k-2026-08-29/report.md	2026-08-29	0	manual	report.md	TRD-TC-H03	PASS
e2e-test-results/qa-task5-trd-f-k-2026-08-29/report.md	2026-08-29	0	manual	report.md	TRD-TC-H04	PASS
e2e-test-results/qa-task5-trd-f-k-2026-08-29/report.md	2026-08-29	0	manual	report.md	TRD-TC-H05	BLOCKED
e2e-test-results/qa-task5-trd-f-k-2026-08-29/report.md	2026-08-29	0	manual	report.md	TRD-TC-I01	PASS
e2e-test-results/qa-task5-trd-f-k-2026-08-29/report.md	2026-08-29	0	manual	report.md	TRD-TC-I02	PASS
e2e-test-results/qa-task5-trd-f-k-2026-08-29/report.md	2026-08-29	0	manual	report.md	TRD-TC-I03	PASS
e2e-test-results/qa-task5-trd-f-k-2026-08-29/report.md	2026-08-29	0	manual	report.md	TRD-TC-I04	PASS
e2e-test-results/qa-task5-trd-f-k-2026-08-29/report.md	2026-08-29	0	manual	report.md	TRD-TC-I05	FAIL
e2e-test-results/qa-task5-trd-f-k-2026-08-29/report.md	2026-08-29	0	manual	report.md	TRD-TC-I06	PASS
e2e-test-results/qa-task5-trd-f-k-2026-08-29/report.md	2026-08-29	0	manual	report.md	TRD-TC-I07	PASS
e2e-test-results/qa-task5-trd-f-k-2026-08-29/report.md	2026-08-29	0	manual	report.md	TRD-TC-I08	PASS
e2e-test-results/qa-task5-trd-f-k-2026-08-29/report.md	2026-08-29	0	manual	report.md	TRD-TC-I09	PASS
e2e-test-results/qa-task5-trd-f-k-2026-08-29/report.md	2026-08-29	0	manual	report.md	TRD-TC-I10	PASS
e2e-test-results/qa-task5-trd-f-k-2026-08-29/report.md	2026-08-29	0	manual	report.md	TRD-TC-I11	PASS
e2e-test-results/qa-task5-trd-f-k-2026-08-29/report.md	2026-08-29	0	manual	report.md	TRD-TC-J01	FAIL
e2e-test-results/qa-task5-trd-f-k-2026-08-29/report.md	2026-08-29	0	manual	report.md	TRD-TC-J02	FAIL
e2e-test-results/qa-task5-trd-f-k-2026-08-29/report.md	2026-08-29	0	manual	report.md	TRD-TC-J03	FAIL
e2e-test-results/qa-task5-trd-f-k-2026-08-29/report.md	2026-08-29	0	manual	report.md	TRD-TC-J04	PASS
e2e-test-results/qa-task5-trd-f-k-2026-08-29/report.md	2026-08-29	0	manual	report.md	TRD-TC-J05	PASS
e2e-test-results/qa-task5-trd-f-k-2026-08-29/report.md	2026-08-29	0	manual	report.md	TRD-TC-K01	PASS
e2e-test-results/qa-task5-trd-f-k-2026-08-29/report.md	2026-08-29	0	manual	report.md	TRD-TC-K02	PASS
e2e-test-results/qa-task5-trd-f-k-2026-08-29/report.md	2026-08-29	0	manual	report.md	TRD-TC-K03	PASS
e2e-test-results/qa-task5-trd-f-k-2026-08-29/report.md	2026-08-29	0	manual	report.md	TRD-TC-K04	PASS
e2e-test-results/qa-task5-trd-f-k-2026-08-29/report.md	2026-08-29	0	manual	report.md	TRD-TC-K05	PASS
e2e-test-results/qa-task5-trd-f-k-2026-08-29/report.md	2026-08-29	0	manual	report.md	TRD-TC-K06	PASS
e2e-test-results/qa-task5-trd-f-k-2026-08-29/report.md	2026-08-29	0	manual	report.md	TRD-TC-K07	PASS (partial)
e2e-test-results/qa-task5-trd-f-k-2026-08-29/report.md	2026-08-29	0	manual	report.md	TRD-TC-K08	PASS
e2e-test-results/qa-task5-trd-f-k-2026-08-29/report.md	2026-08-29	0	manual	report.md	TRD-TC-K09	PASS (partial)
e2e-test-results/qa-task5-trd-f-k-2026-08-29/report.md	2026-08-29	0	manual	report.md	TRD-TC-K11	PASS
e2e-test-results/qa-task6-e-reverify-2026-08-29/report.md	2026-08-29	0	manual	report.md	TRD-TC-E01	BLOCKED
e2e-test-results/qa-task6-e-reverify-2026-08-29/report.md	2026-08-29	0	manual	report.md	TRD-TC-E07	BLOCKED
e2e-test-results/qa-task6-e-reverify-2026-08-29/report.md	2026-08-29	0	manual	report.md	TRD-TC-E08	BLOCKED
e2e-test-results/qa-task6-e-reverify-2026-08-29/report.md	2026-08-29	0	manual	report.md	TRD-TC-E09	BLOCKED
e2e-test-results/qa-task6-e-reverify-2026-08-29/report.md	2026-08-29	0	manual	report.md	TRD-TC-E10	BLOCKED
e2e-test-results/qa-task6-e-reverify-2026-08-29/report.md	2026-08-29	0	manual	report.md	TRD-TC-E03	PASS
e2e-test-results/qa-task6-e-reverify-2026-08-29/report.md	2026-08-29	0	manual	report.md	TRD-TC-E04	PASS
e2e-test-results/qa-task11-nopqr-2026-08-30/report.md	2026-08-30	0	manual	report.md	TRD-TC-N04	PASS
e2e-test-results/qa-task11-nopqr-2026-08-30/report.md	2026-08-30	0	manual	report.md	TRD-TC-N05	BLOCKED
e2e-test-results/qa-task11-nopqr-2026-08-30/report.md	2026-08-30	0	manual	report.md	TRD-TC-N09	PASS
e2e-test-results/qa-task11-nopqr-2026-08-30/report.md	2026-08-30	0	manual	report.md	TRD-TC-N10	PASS
e2e-test-results/qa-task11-nopqr-2026-08-30/report.md	2026-08-30	0	manual	report.md	TRD-TC-N11	PASS
e2e-test-results/qa-task11-nopqr-2026-08-30/report.md	2026-08-30	0	manual	report.md	TRD-TC-N12	PASS
e2e-test-results/qa-task11-nopqr-2026-08-30/report.md	2026-08-30	0	manual	report.md	TRD-TC-N13	BLOCKED
e2e-test-results/qa-task11-nopqr-2026-08-30/report.md	2026-08-30	0	manual	report.md	TRD-TC-N14	PASS (partial)
e2e-test-results/qa-task11-nopqr-2026-08-30/report.md	2026-08-30	0	manual	report.md	TRD-TC-O01	PASS
e2e-test-results/qa-task11-nopqr-2026-08-30/report.md	2026-08-30	0	manual	report.md	TRD-TC-O02	PASS
e2e-test-results/qa-task11-nopqr-2026-08-30/report.md	2026-08-30	0	manual	report.md	TRD-TC-O03	FAIL
e2e-test-results/qa-task11-nopqr-2026-08-30/report.md	2026-08-30	0	manual	report.md	TRD-TC-O05	PASS
e2e-test-results/qa-task11-nopqr-2026-08-30/report.md	2026-08-30	0	manual	report.md	TRD-TC-O06	PASS
e2e-test-results/qa-task11-nopqr-2026-08-30/report.md	2026-08-30	0	manual	report.md	TRD-TC-O08	PASS
e2e-test-results/qa-task11-nopqr-2026-08-30/report.md	2026-08-30	0	manual	report.md	TRD-TC-O2	PASS
e2e-test-results/qa-task11-nopqr-2026-08-30/report.md	2026-08-30	0	manual	report.md	TRD-TC-O3	PASS
e2e-test-results/qa-task11-nopqr-2026-08-30/report.md	2026-08-30	0	manual	report.md	TRD-TC-P04	FAIL
e2e-test-results/qa-task11-nopqr-2026-08-30/report.md	2026-08-30	0	manual	report.md	TRD-TC-Q01	PASS
e2e-test-results/qa-task11-nopqr-2026-08-30/report.md	2026-08-30	0	manual	report.md	TRD-TC-Q02	PASS
e2e-test-results/qa-task11-nopqr-2026-08-30/report.md	2026-08-30	0	manual	report.md	TRD-TC-Q03	PASS
e2e-test-results/qa-task11-nopqr-2026-08-30/report.md	2026-08-30	0	manual	report.md	TRD-TC-Q04	PASS
e2e-test-results/qa-task11-nopqr-2026-08-30/report.md	2026-08-30	0	manual	report.md	TRD-TC-Q06	PASS
e2e-test-results/qa-task11-nopqr-2026-08-30/report.md	2026-08-30	0	manual	report.md	TRD-TC-Q07	PASS
e2e-test-results/qa-task11-nopqr-2026-08-30/report.md	2026-08-30	0	manual	report.md	TRD-TC-Q08	PASS
e2e-test-results/qa-task11-nopqr-2026-08-30/report.md	2026-08-30	0	manual	report.md	TRD-TC-Q09	PASS
e2e-test-results/qa-task11-nopqr-2026-08-30/report.md	2026-08-30	0	manual	report.md	TRD-TC-Q12	PASS
e2e-test-results/qa-task11-nopqr-2026-08-30/report.md	2026-08-30	0	manual	report.md	TRD-TC-R01	PASS
e2e-test-results/qa-task11-nopqr-2026-08-30/report.md	2026-08-30	0	manual	report.md	TRD-TC-R02	PASS
e2e-test-results/qa-task11-nopqr-2026-08-30/report.md	2026-08-30	0	manual	report.md	TRD-TC-R03	PASS
e2e-test-results/qa-task11-nopqr-2026-08-30/report.md	2026-08-30	0	manual	report.md	TRD-TC-R04	PASS
e2e-test-results/qa-task11-nopqr-2026-08-30/report.md	2026-08-30	0	manual	report.md	TRD-TC-R05	PASS
e2e-test-results/qa-task11-nopqr-2026-08-30/report.md	2026-08-30	0	manual	report.md	TRD-TC-R08	PASS
e2e-test-results/qa-task12-close-2026-08-30/report.md	2026-08-30	0	manual	report.md	TRD-TC-O03	PASS
e2e-test-results/qa-task12-close-2026-08-30/report.md	2026-08-30	0	manual	report.md	TRD-TC-P04	PASS
e2e-test-results/qa-task12-close-2026-08-30/report.md	2026-08-30	0	manual	report.md	TRD-TC-R06	PASS
e2e-test-results/qa-task12-close-2026-08-30/report.md	2026-08-30	0	manual	report.md	TRD-TC-N14	PASS (partial)
e2e-test-results/qa-task12-close-2026-08-30/report.md	2026-08-30	0	manual	report.md	TRD-TC-O04	PASS
e2e-test-results/qa-task12-close-2026-08-30/report.md	2026-08-30	0	manual	report.md	TRD-TC-O1	PASS
e2e-test-results/qa-task12-close-2026-08-30/report.md	2026-08-30	0	manual	report.md	TRD-TC-P08	PASS
e2e-test-results/qa-task12-close-2026-08-30/report.md	2026-08-30	0	manual	report.md	TRD-TC-N06	PASS
e2e-test-results/qa-task12-close-2026-08-30/report.md	2026-08-30	0	manual	report.md	TRD-TC-P01	PASS
e2e-test-results/qa-task12-close-2026-08-30/report.md	2026-08-30	0	manual	report.md	TRD-TC-P05	PASS
e2e-test-results/qa-task12-close-2026-08-30/report.md	2026-08-30	0	manual	report.md	TRD-TC-P06	PASS
e2e-test-results/qa-task12-close-2026-08-30/report.md	2026-08-30	0	manual	report.md	TRD-TC-Q18	PASS
e2e-test-results/qa-task12-close-2026-08-30/report.md	2026-08-30	0	manual	report.md	TRD-TC-Q19	PASS
e2e-test-results/qa-task12-close-2026-08-30/report.md	2026-08-30	0	manual	report.md	TRD-TC-Q20	PASS
e2e-test-results/qa-task12-close-2026-08-30/report.md	2026-08-30	0	manual	report.md	TRD-TC-S01	PASS
e2e-test-results/qa-task12-close-2026-08-30/report.md	2026-08-30	0	manual	report.md	TRD-TC-S02	PASS
e2e-test-results/qa-task12-close-2026-08-30/report.md	2026-08-30	0	manual	report.md	TRD-TC-S04	PASS
e2e-test-results/qa-task12-close-2026-08-30/report.md	2026-08-30	0	manual	report.md	TRD-TC-S05	PASS
e2e-test-results/qa-task12-close-2026-08-30/report.md	2026-08-30	0	manual	report.md	TRD-TC-S07	PASS
e2e-test-results/qa-task12-close-2026-08-30/report.md	2026-08-30	0	manual	report.md	TRD-TC-S09	PASS
e2e-test-results/qa-task12-close-2026-08-30/report.md	2026-08-30	0	manual	report.md	TRD-TC-S13	PASS
e2e-test-results/qa-task12-close-2026-08-30/report.md	2026-08-30	0	manual	report.md	TRD-TC-S14	PASS
e2e-test-results/qa-task12-close-2026-08-30/report.md	2026-08-30	0	manual	report.md	TRD-TC-S17	PASS
e2e-test-results/qa-task12-close-2026-08-30/report.md	2026-08-30	0	manual	report.md	TRD-TC-S20	PASS
e2e-test-results/qa-task12-close-2026-08-30/report.md	2026-08-30	0	manual	report.md	TRD-TC-S21	PASS
e2e-test-results/qa-task12-close-2026-08-30/report.md	2026-08-30	0	manual	report.md	TRD-TC-S23	PASS
e2e-test-results/qa-task12-close-2026-08-30/report.md	2026-08-30	0	manual	report.md	TRD-TC-T01	PASS
e2e-test-results/qa-task12-close-2026-08-30/report.md	2026-08-30	0	manual	report.md	TRD-TC-T03	PASS
e2e-test-results/qa-task12-close-2026-08-30/report.md	2026-08-30	0	manual	report.md	TRD-TC-T05	PASS
e2e-test-results/qa-task12-close-2026-08-30/report.md	2026-08-30	0	manual	report.md	TRD-TC-T06	PASS
e2e-test-results/qa-task9-dt63-fix-verify-2026-08-30/report.md	2026-08-30	0	manual	report.md	TRD-TC-M13	PASS
e2e-test-results/qa-task9-dt63-fix-verify-2026-08-30/report.md	2026-08-30	0	manual	report.md	TRD-TC-M10	PASS
e2e-test-results/qa-task9-dt63-fix-verify-2026-08-30/report.md	2026-08-30	0	manual	report.md	TRD-TC-N02	PASS
e2e-test-results/qa-task9-dt63-fix-verify-2026-08-30/report.md	2026-08-30	0	manual	report.md	TRD-TC-M12	PASS
e2e-test-results/qa-task9-dt63-fix-verify-2026-08-30/report.md	2026-08-30	0	manual	report.md	TRD-TC-M20	PASS
e2e-test-results/qa-task9-dt63-fix-verify-2026-08-30/report.md	2026-08-30	0	manual	report.md	TRD-TC-M05	PASS
e2e-test-results/qa-task13-dt71-dt72-verify-2026-08-31/report.md	2026-08-31	0	manual	report.md	TRD-TC-A1	PASS
e2e-test-results/qa-task13-dt71-dt72-verify-2026-08-31/report.md	2026-08-31	0	manual	report.md	TRD-TC-R06	PASS
e2e-test-results/qa-task13-dt71-dt72-verify-2026-08-31/report.md	2026-08-31	0	manual	report.md	TRD-TC-P2	PASS
e2e-test-results/qa-task13-dt71-dt72-verify-2026-08-31/report.md	2026-08-31	0	manual	report.md	TRD-TC-A2	PASS
e2e-test-results/qa-task13-dt71-dt72-verify-2026-08-31/report.md	2026-08-31	0	manual	report.md	TRD-TC-A3	PASS (partial)
e2e-test-results/qa-task13-dt71-dt72-verify-2026-08-31/report.md	2026-08-31	0	manual	report.md	TRD-TC-N05	PASS (partial)
e2e-test-results/qa-task13-dt71-dt72-verify-2026-08-31/report.md	2026-08-31	0	manual	report.md	TRD-TC-N13	PASS (partial)
e2e-test-results/qa-task13-dt71-dt72-verify-2026-08-31/report.md	2026-08-31	0	manual	report.md	TRD-TC-N14	PASS (partial)
e2e-test-results/qa-task13-dt71-dt72-verify-2026-08-31/report.md	2026-08-31	0	manual	report.md	TRD-TC-B1	PASS
e2e-test-results/qa-task13-dt71-dt72-verify-2026-08-31/report.md	2026-08-31	0	manual	report.md	TRD-TC-T01	PASS
e2e-test-results/qa-task13-dt71-dt72-verify-2026-08-31/report.md	2026-08-31	0	manual	report.md	TRD-TC-T03	PASS
e2e-test-results/qa-task13-dt71-dt72-verify-2026-08-31/report.md	2026-08-31	0	manual	report.md	TRD-TC-T05	PASS
e2e-test-results/qa-task13-dt71-dt72-verify-2026-08-31/report.md	2026-08-31	0	manual	report.md	TRD-TC-T06	PASS
e2e-test-results/qa-task13-dt71-dt72-verify-2026-08-31/report.md	2026-08-31	0	manual	report.md	TRD-TC-B2	PASS
e2e-test-results/qa-task14-dt73-u-y-2026-08-31/report.md	2026-08-31	0	manual	report.md	TRD-TC-V01	FAIL
e2e-test-results/qa-task14-dt73-u-y-2026-08-31/report.md	2026-08-31	0	manual	report.md	TRD-TC-V02	PASS
e2e-test-results/qa-task14-dt73-u-y-2026-08-31/report.md	2026-08-31	0	manual	report.md	TRD-TC-V03	PASS
e2e-test-results/qa-task14-dt73-u-y-2026-08-31/report.md	2026-08-31	0	manual	report.md	TRD-TC-V04	PASS
e2e-test-results/qa-task14-dt73-u-y-2026-08-31/report.md	2026-08-31	0	manual	report.md	TRD-TC-V05	PASS
e2e-test-results/qa-task14-dt73-u-y-2026-08-31/report.md	2026-08-31	0	manual	report.md	TRD-TC-V06	PASS
e2e-test-results/qa-task14-dt73-u-y-2026-08-31/report.md	2026-08-31	0	manual	report.md	TRD-TC-V07	PASS
e2e-test-results/qa-task14-dt73-u-y-2026-08-31/report.md	2026-08-31	0	manual	report.md	TRD-TC-V08	FAIL
e2e-test-results/qa-task14-dt73-u-y-2026-08-31/report.md	2026-08-31	0	manual	report.md	TRD-TC-V09	PASS
e2e-test-results/qa-task14-dt73-u-y-2026-08-31/report.md	2026-08-31	0	manual	report.md	TRD-TC-V10	PASS
e2e-test-results/qa-task14-dt73-u-y-2026-08-31/report.md	2026-08-31	0	manual	report.md	TRD-TC-V11	PASS
e2e-test-results/qa-task14-dt73-u-y-2026-08-31/report.md	2026-08-31	0	manual	report.md	TRD-TC-V12	PASS
e2e-test-results/qa-task14-dt73-u-y-2026-08-31/report.md	2026-08-31	0	manual	report.md	TRD-TC-V14	PASS
e2e-test-results/qa-task14-dt73-u-y-2026-08-31/report.md	2026-08-31	0	manual	report.md	TRD-TC-Q05	PASS
e2e-test-results/qa-task14-dt73-u-y-2026-08-31/report.md	2026-08-31	0	manual	report.md	TRD-TC-O07	PASS
e2e-test-results/qa-task14-dt73-u-y-2026-08-31/report.md	2026-08-31	0	manual	report.md	TRD-TC-Q15	PASS
e2e-test-results/qa-task14-dt73-u-y-2026-08-31/report.md	2026-08-31	0	manual	report.md	TRD-TC-Q17	PASS
e2e-test-results/qa-task16-close-trd-2026-08-31/report.md	2026-08-31	0	manual	report.md	TRD-TC-T06	PASS
e2e-test-results/qa-task16-close-trd-2026-08-31/report.md	2026-08-31	0	manual	report.md	TRD-TC-A1	PASS
e2e-test-results/qa-task16-close-trd-2026-08-31/report.md	2026-08-31	0	manual	report.md	TRD-TC-T08	PASS
e2e-test-results/qa-task16-close-trd-2026-08-31/report.md	2026-08-31	0	manual	report.md	TRD-TC-A2	PASS
e2e-test-results/qa-task16-close-trd-2026-08-31/report.md	2026-08-31	0	manual	report.md	TRD-TC-T10	PASS
e2e-test-results/qa-task16-close-trd-2026-08-31/report.md	2026-08-31	0	manual	report.md	TRD-TC-A3	PASS
e2e-test-results/qa-task16-close-trd-2026-08-31/report.md	2026-08-31	0	manual	report.md	TRD-TC-W12	PASS
e2e-test-results/qa-task16-close-trd-2026-08-31/report.md	2026-08-31	0	manual	report.md	TRD-TC-A4	PASS
e2e-test-results/qa-task16-close-trd-2026-08-31/report.md	2026-08-31	0	manual	report.md	TRD-TC-T04	PASS
e2e-test-results/qa-task16-close-trd-2026-08-31/report.md	2026-08-31	0	manual	report.md	TRD-TC-W09	BLOCKED
e2e-test-results/qa-task16-close-trd-2026-08-31/report.md	2026-08-31	0	manual	report.md	TRD-TC-W10	PASS
e2e-test-results/qa-task16-close-trd-2026-08-31/report.md	2026-08-31	0	manual	report.md	TRD-TC-I06	PASS
e2e-test-results/qa-task16-close-trd-2026-08-31/report.md	2026-08-31	0	manual	report.md	TRD-TC-I07	PASS
e2e-test-results/qa-task16-close-trd-2026-08-31/report.md	2026-08-31	0	manual	report.md	TRD-TC-I08	PASS
e2e-test-results/qa-task16-close-trd-2026-08-31/report.md	2026-08-31	0	manual	report.md	TRD-TC-I09	PASS
e2e-test-results/qa-task16-close-trd-2026-08-31/report.md	2026-08-31	0	manual	report.md	TRD-TC-H01	PASS
e2e-test-results/qa-task16-close-trd-2026-08-31/report.md	2026-08-31	0	manual	report.md	TRD-TC-H02	PASS
e2e-test-results/qa-task16-close-trd-2026-08-31/report.md	2026-08-31	0	manual	report.md	TRD-TC-H03	PASS
e2e-test-results/qa-task16-close-trd-2026-08-31/report.md	2026-08-31	0	manual	report.md	TRD-TC-H04	PASS
e2e-test-results/qa-task16-close-trd-2026-08-31/report.md	2026-08-31	0	manual	report.md	TRD-TC-K11	PASS
e2e-test-results/qa-task19-sub-kickoff-2026-09-02/report.md	2026-09-02	0	manual	report.md	SUB-TC-A01	PASS
e2e-test-results/qa-task19-sub-kickoff-2026-09-02/report.md	2026-09-02	0	manual	report.md	SUB-TC-A03	PASS
e2e-test-results/qa-task19-sub-kickoff-2026-09-02/report.md	2026-09-02	0	manual	report.md	SUB-TC-A04	PASS
e2e-test-results/qa-task19-sub-kickoff-2026-09-02/report.md	2026-09-02	0	manual	report.md	SUB-TC-C01	PASS
e2e-test-results/qa-task19-sub-kickoff-2026-09-02/report.md	2026-09-02	0	manual	report.md	SUB-TC-C02	PASS
e2e-test-results/qa-task19-sub-kickoff-2026-09-02/report.md	2026-09-02	0	manual	report.md	SUB-TC-C03	PASS
e2e-test-results/qa-task19-sub-kickoff-2026-09-02/report.md	2026-09-02	0	manual	report.md	SUB-TC-C10	PASS
e2e-test-results/qa-task19-sub-kickoff-2026-09-02/report.md	2026-09-02	0	manual	report.md	SUB-TC-C11	PASS
e2e-test-results/qa-task19-sub-kickoff-2026-09-02/report.md	2026-09-02	0	manual	report.md	SUB-TC-C12	PASS
e2e-test-results/qa-task19-sub-kickoff-2026-09-02/report.md	2026-09-02	0	manual	report.md	SUB-TC-N01	PASS
e2e-test-results/qa-task19-sub-kickoff-2026-09-02/report.md	2026-09-02	0	manual	report.md	SUB-TC-N02	PASS
e2e-test-results/qa-task19-sub-kickoff-2026-09-02/report.md	2026-09-02	0	manual	report.md	SUB-TC-I01	PASS
e2e-test-results/qa-task19-sub-kickoff-2026-09-02/report.md	2026-09-02	0	manual	report.md	SUB-TC-I02	PASS
e2e-test-results/qa-task19-sub-kickoff-2026-09-02/report.md	2026-09-02	0	manual	report.md	SUB-TC-I03	PASS
e2e-test-results/qa-task19-sub-kickoff-2026-09-02/report.md	2026-09-02	0	manual	report.md	SUB-TC-I04	PASS
e2e-test-results/qa-task19-sub-kickoff-2026-09-02/report.md	2026-09-02	0	manual	report.md	SUB-TC-I05	PASS
e2e-test-results/qa-task19-sub-kickoff-2026-09-02/report.md	2026-09-02	0	manual	report.md	SUB-TC-I07	PASS
e2e-test-results/qa-task19-sub-kickoff-2026-09-02/report.md	2026-09-02	0	manual	report.md	SUB-TC-I09	PASS
e2e-test-results/qa-task19-sub-kickoff-2026-09-02/report.md	2026-09-02	0	manual	report.md	SUB-TC-J01	PASS
e2e-test-results/qa-task19-sub-kickoff-2026-09-02/report.md	2026-09-02	0	manual	report.md	SUB-TC-J02	PASS
e2e-test-results/qa-task19-sub-kickoff-2026-09-02/report.md	2026-09-02	0	manual	report.md	SUB-TC-K01	PASS
e2e-test-results/qa-task19-sub-kickoff-2026-09-02/report.md	2026-09-02	0	manual	report.md	SUB-TC-M02	PASS
e2e-test-results/qa-task19-sub-kickoff-2026-09-02/report.md	2026-09-02	0	manual	report.md	SUB-TC-M03	PASS
e2e-test-results/qa-task19-sub-kickoff-2026-09-02/report.md	2026-09-02	0	manual	report.md	SUB-TC-M04	PASS
e2e-test-results/qa-task19-sub-kickoff-2026-09-02/report.md	2026-09-02	0	manual	report.md	SUB-TC-M05	PASS
e2e-test-results/qa-task19-sub-kickoff-2026-09-02/report.md	2026-09-02	0	manual	report.md	SUB-TC-F02	PASS
e2e-test-results/qa-task19-sub-kickoff-2026-09-02/report.md	2026-09-02	0	manual	report.md	SUB-TC-H05	PASS
e2e-test-results/qa-task19-sub-kickoff-2026-09-02/report.md	2026-09-02	0	manual	report.md	TRD-TC-B10	PASS
e2e-test-results/qa-task21-sub-close-2026-09-02/report.md	2026-09-02	0	manual	report.md	SUB-TC-L01	PASS (partial)
e2e-test-results/qa-task21-sub-close-2026-09-02/report.md	2026-09-02	0	manual	report.md	SUB-TC-L04	PASS (partial)
e2e-test-results/qa-task21-sub-close-2026-09-02/report.md	2026-09-02	0	manual	report.md	SUB-TC-L02	PASS (partial)
e2e-test-results/qa-task21-sub-close-2026-09-02/report.md	2026-09-02	0	manual	report.md	SUB-TC-L03	PASS (partial)
e2e-test-results/qa-task21-sub-close-2026-09-02/report.md	2026-09-02	0	manual	report.md	SUB-TC-L05	PASS (partial)
e2e-test-results/qa-task21-sub-close-2026-09-02/report.md	2026-09-02	0	manual	report.md	SUB-TC-E03	BLOCKED
e2e-test-results/qa-task21-sub-close-2026-09-02/report.md	2026-09-02	0	manual	report.md	SUB-TC-I08	BLOCKED
e2e-test-results/qa-task21-sub-close-2026-09-02/report.md	2026-09-02	0	manual	report.md	SUB-TC-E04	BLOCKED
e2e-test-results/qa-task21-sub-close-2026-09-02/report.md	2026-09-02	0	manual	report.md	SUB-TC-D06	BLOCKED
e2e-test-results/qa-task21-sub-close-2026-09-02/report.md	2026-09-02	0	manual	report.md	SUB-TC-D07	BLOCKED
e2e-test-results/qa-task21-sub-close-2026-09-02/report.md	2026-09-02	0	manual	report.md	SUB-TC-E02	BLOCKED
e2e-test-results/qa-task21-sub-close-2026-09-02/report.md	2026-09-02	0	manual	report.md	SUB-TC-J03	BLOCKED
e2e-test-results/qa-task21-sub-close-2026-09-02/report.md	2026-09-02	0	manual	report.md	SUB-TC-J04	BLOCKED
e2e-test-results/qa-msg-first-live-2026-09-03/decision-outcome-log.md	2026-09-03	0	manual	decision-log	MSG-TC-P1	PASS
e2e-test-results/qa-msg-first-live-2026-09-03/decision-outcome-log.md	2026-09-03	0	manual	decision-log	MSG-TC-B01	PASS
e2e-test-results/qa-msg-first-live-2026-09-03/decision-outcome-log.md	2026-09-03	0	manual	decision-log	MSG-TC-B03	PASS
e2e-test-results/qa-msg-first-live-2026-09-03/decision-outcome-log.md	2026-09-03	0	manual	decision-log	MSG-TC-B05	PASS
e2e-test-results/qa-msg-first-live-2026-09-03/decision-outcome-log.md	2026-09-03	0	manual	decision-log	MSG-TC-P2	PASS (partial)
e2e-test-results/qa-msg-first-live-2026-09-03/decision-outcome-log.md	2026-09-03	0	manual	decision-log	MSG-TC-I03	PASS (partial)
e2e-test-results/qa-msg-first-live-2026-09-03/decision-outcome-log.md	2026-09-03	0	manual	decision-log	MSG-TC-I06	PASS (partial)
e2e-test-results/qa-msg-first-live-2026-09-03/decision-outcome-log.md	2026-09-03	0	manual	decision-log	MSG-TC-P3	PASS
e2e-test-results/qa-msg-first-live-2026-09-03/decision-outcome-log.md	2026-09-03	0	manual	decision-log	MSG-TC-J01	PASS
e2e-test-results/qa-msg-first-live-2026-09-03/decision-outcome-log.md	2026-09-03	0	manual	decision-log	MSG-TC-J04	PASS
e2e-test-results/qa-msg-first-live-2026-09-03/decision-outcome-log.md	2026-09-03	0	manual	decision-log	MSG-TC-P4	PASS
e2e-test-results/qa-msg-first-live-2026-09-03/decision-outcome-log.md	2026-09-03	0	manual	decision-log	MSG-TC-C01	PASS
e2e-test-results/qa-msg-first-live-2026-09-03/decision-outcome-log.md	2026-09-03	0	manual	decision-log	MSG-TC-C06	PASS
e2e-test-results/qa-msg-first-live-2026-09-03/decision-outcome-log.md	2026-09-03	0	manual	decision-log	MSG-TC-P5	PASS
e2e-test-results/qa-msg-first-live-2026-09-03/decision-outcome-log.md	2026-09-03	0	manual	decision-log	MSG-TC-A01	PASS
e2e-test-results/qa-msg-first-live-2026-09-03/decision-outcome-log.md	2026-09-03	0	manual	decision-log	MSG-TC-A03	PASS
e2e-test-results/qa-msg-first-live-2026-09-03/decision-outcome-log.md	2026-09-03	0	manual	decision-log	MSG-TC-A08	PASS
e2e-test-results/qa-msg-first-live-2026-09-03/decision-outcome-log.md	2026-09-03	0	manual	decision-log	MSG-TC-A09	PASS
e2e-test-results/qa-msg-first-live-2026-09-03/decision-outcome-log.md	2026-09-03	0	manual	decision-log	MSG-TC-P6	PASS
e2e-test-results/qa-msg-first-live-2026-09-03/decision-outcome-log.md	2026-09-03	0	manual	decision-log	MSG-TC-F01	PASS
e2e-test-results/qa-msg-first-live-2026-09-03/decision-outcome-log.md	2026-09-03	0	manual	decision-log	MSG-TC-F05	PASS
e2e-test-results/qa-msg-first-live-2026-09-03/decision-outcome-log.md	2026-09-03	0	manual	decision-log	MSG-TC-R29	PASS
e2e-test-results/qa-msg-first-live-2026-09-03/decision-outcome-log.md	2026-09-03	0	manual	decision-log	MSG-TC-R1	PASS
e2e-test-results/qa-msg-first-live-2026-09-03/decision-outcome-log.md	2026-09-03	0	manual	decision-log	MSG-TC-I04	PASS
e2e-test-results/qa-msg-first-live-2026-09-03/decision-outcome-log.md	2026-09-03	0	manual	decision-log	MSG-TC-I05	PASS
e2e-test-results/qa-msg-first-live-2026-09-03/decision-outcome-log.md	2026-09-03	0	manual	decision-log	MSG-TC-J03	PASS
e2e-test-results/qa-msg-first-live-2026-09-03/decision-outcome-log.md	2026-09-03	0	manual	decision-log	MSG-TC-C05	PASS
e2e-test-results/qa-msg-first-live-2026-09-03/decision-outcome-log.md	2026-09-03	0	manual	decision-log	MSG-TC-C02	PASS
e2e-test-results/qa-msg-first-live-2026-09-03/decision-outcome-log.md	2026-09-03	0	manual	decision-log	MSG-TC-C04	PASS
e2e-test-results/qa-msg-first-live-2026-09-03/decision-outcome-log.md	2026-09-03	0	manual	decision-log	MSG-TC-C03	PASS
e2e-test-results/qa-msg-first-live-2026-09-03/decision-outcome-log.md	2026-09-03	0	manual	decision-log	MSG-TC-A02	PASS
e2e-test-results/qa-msg-first-live-2026-09-03/decision-outcome-log.md	2026-09-03	0	manual	decision-log	MSG-TC-F02	PASS
e2e-test-results/qa-msg-first-live-2026-09-03/decision-outcome-log.md	2026-09-03	0	manual	decision-log	MSG-TC-F03	PASS
e2e-test-results/qa-msg-first-live-2026-09-03/report.md	2026-09-03	0	manual	report.md	MSG-TC-B01	PASS
e2e-test-results/qa-msg-first-live-2026-09-03/report.md	2026-09-03	0	manual	report.md	MSG-TC-B02	PASS
e2e-test-results/qa-msg-first-live-2026-09-03/report.md	2026-09-03	0	manual	report.md	MSG-TC-B03	PASS
e2e-test-results/qa-msg-first-live-2026-09-03/report.md	2026-09-03	0	manual	report.md	MSG-TC-B05	BLOCKED
e2e-test-results/qa-msg-first-live-2026-09-03/report.md	2026-09-03	0	manual	report.md	MSG-TC-C01	PASS
e2e-test-results/qa-msg-first-live-2026-09-03/report.md	2026-09-03	0	manual	report.md	MSG-TC-C02	PASS
e2e-test-results/qa-msg-first-live-2026-09-03/report.md	2026-09-03	0	manual	report.md	MSG-TC-C03	PASS
e2e-test-results/qa-msg-first-live-2026-09-03/report.md	2026-09-03	0	manual	report.md	MSG-TC-C04	PASS
e2e-test-results/qa-msg-first-live-2026-09-03/report.md	2026-09-03	0	manual	report.md	MSG-TC-C05	PASS
e2e-test-results/qa-msg-first-live-2026-09-03/report.md	2026-09-03	0	manual	report.md	MSG-TC-C06	PASS
e2e-test-results/qa-msg-first-live-2026-09-03/report.md	2026-09-03	0	manual	report.md	MSG-TC-A01	PASS
e2e-test-results/qa-msg-first-live-2026-09-03/report.md	2026-09-03	0	manual	report.md	MSG-TC-A02	PASS
e2e-test-results/qa-msg-first-live-2026-09-03/report.md	2026-09-03	0	manual	report.md	MSG-TC-A03	PASS
e2e-test-results/qa-msg-first-live-2026-09-03/report.md	2026-09-03	0	manual	report.md	MSG-TC-A08	PASS
e2e-test-results/qa-msg-first-live-2026-09-03/report.md	2026-09-03	0	manual	report.md	MSG-TC-A09	PASS
e2e-test-results/qa-msg-first-live-2026-09-03/report.md	2026-09-03	0	manual	report.md	MSG-TC-I03	PASS
e2e-test-results/qa-msg-first-live-2026-09-03/report.md	2026-09-03	0	manual	report.md	MSG-TC-I04	PASS
e2e-test-results/qa-msg-first-live-2026-09-03/report.md	2026-09-03	0	manual	report.md	MSG-TC-I05	PASS
e2e-test-results/qa-msg-first-live-2026-09-03/report.md	2026-09-03	0	manual	report.md	MSG-TC-J01	PASS
e2e-test-results/qa-msg-first-live-2026-09-03/report.md	2026-09-03	0	manual	report.md	MSG-TC-J02	PASS
e2e-test-results/qa-msg-first-live-2026-09-03/report.md	2026-09-03	0	manual	report.md	MSG-TC-J03	PASS
e2e-test-results/qa-msg-first-live-2026-09-03/report.md	2026-09-03	0	manual	report.md	MSG-TC-J04	PASS
e2e-test-results/qa-msg-first-live-2026-09-03/report.md	2026-09-03	0	manual	report.md	MSG-TC-F01	PASS
e2e-test-results/qa-msg-first-live-2026-09-03/report.md	2026-09-03	0	manual	report.md	MSG-TC-F02	PASS
e2e-test-results/qa-msg-first-live-2026-09-03/report.md	2026-09-03	0	manual	report.md	MSG-TC-F03	PASS
e2e-test-results/qa-msg-first-live-2026-09-03/report.md	2026-09-03	0	manual	report.md	MSG-TC-F04	PASS
e2e-test-results/qa-msg-first-live-2026-09-03/report.md	2026-09-03	0	manual	report.md	MSG-TC-F05	PASS
e2e-test-results/qa-task24-msg-complete-2026-09-03/report.md	2026-09-03	0	manual	report.md	MSG-TC-B1	PASS
e2e-test-results/qa-task24-msg-complete-2026-09-03/report.md	2026-09-03	0	manual	report.md	MSG-TC-I06	PASS
e2e-test-results/qa-task24-msg-complete-2026-09-03/report.md	2026-09-03	0	manual	report.md	MSG-TC-B2	PASS
e2e-test-results/qa-task24-msg-complete-2026-09-03/report.md	2026-09-03	0	manual	report.md	MSG-TC-A04	PASS
e2e-test-results/qa-task24-msg-complete-2026-09-03/report.md	2026-09-03	0	manual	report.md	MSG-TC-A05	PASS
e2e-test-results/qa-task24-msg-complete-2026-09-03/report.md	2026-09-03	0	manual	report.md	MSG-TC-A07	PASS
e2e-test-results/qa-task24-msg-complete-2026-09-03/report.md	2026-09-03	0	manual	report.md	MSG-TC-I07	PASS
e2e-test-results/qa-task24-msg-complete-2026-09-03/report.md	2026-09-03	0	manual	report.md	MSG-TC-B3	PASS
e2e-test-results/qa-task24-msg-complete-2026-09-03/report.md	2026-09-03	0	manual	report.md	MSG-TC-A06	PASS
e2e-test-results/qa-task24-msg-complete-2026-09-03/report.md	2026-09-03	0	manual	report.md	MSG-TC-A10	PASS
e2e-test-results/qa-task24-msg-complete-2026-09-03/report.md	2026-09-03	0	manual	report.md	MSG-TC-B4	PASS
e2e-test-results/qa-task24-msg-complete-2026-09-03/report.md	2026-09-03	0	manual	report.md	MSG-TC-F06	PASS
e2e-test-results/qa-task24-msg-complete-2026-09-03/report.md	2026-09-03	0	manual	report.md	MSG-TC-F07	PASS
e2e-test-results/qa-task24-msg-complete-2026-09-03/report.md	2026-09-03	0	manual	report.md	MSG-TC-F08	PASS
e2e-test-results/qa-task24-msg-complete-2026-09-03/report.md	2026-09-03	0	manual	report.md	MSG-TC-B5	PASS
e2e-test-results/qa-task24-msg-complete-2026-09-03/report.md	2026-09-03	0	manual	report.md	MSG-TC-B04	PASS
e2e-test-results/qa-task24-msg-complete-2026-09-03/report.md	2026-09-03	0	manual	report.md	MSG-TC-B6	PASS
e2e-test-results/qa-task24-msg-complete-2026-09-03/report.md	2026-09-03	0	manual	report.md	MSG-TC-D01	PASS
e2e-test-results/qa-task24-msg-complete-2026-09-03/report.md	2026-09-03	0	manual	report.md	MSG-TC-D06	PASS
e2e-test-results/qa-task24-msg-complete-2026-09-03/report.md	2026-09-03	0	manual	report.md	MSG-TC-D09	PASS
e2e-test-results/qa-task24-msg-complete-2026-09-03/report.md	2026-09-03	0	manual	report.md	MSG-TC-E01	PASS
e2e-test-results/qa-task24-msg-complete-2026-09-03/report.md	2026-09-03	0	manual	report.md	MSG-TC-E06	PASS
e2e-test-results/qa-task24-msg-complete-2026-09-03/report.md	2026-09-03	0	manual	report.md	MSG-TC-E02	BLOCKED
e2e-test-results/qa-task24-msg-complete-2026-09-03/report.md	2026-09-03	0	manual	report.md	MSG-TC-E05	BLOCKED
e2e-test-results/qa-task24-msg-complete-2026-09-03/report.md	2026-09-03	0	manual	report.md	MSG-TC-D07	BLOCKED
e2e-test-results/qa-task24-msg-complete-2026-09-03/report.md	2026-09-03	0	manual	report.md	MSG-TC-D08	BLOCKED
e2e-test-results/qa-task24-msg-complete-2026-09-03/report.md	2026-09-03	0	manual	report.md	MSG-TC-B7	PASS
e2e-test-results/qa-task24-msg-complete-2026-09-03/report.md	2026-09-03	0	manual	report.md	MSG-TC-H01	PASS
e2e-test-results/qa-task24-msg-complete-2026-09-03/report.md	2026-09-03	0	manual	report.md	MSG-TC-H04	PASS
e2e-test-results/qa-task24-msg-complete-2026-09-03/report.md	2026-09-03	0	manual	report.md	MSG-TC-B8	PASS
e2e-test-results/qa-task24-msg-complete-2026-09-03/report.md	2026-09-03	0	manual	report.md	MSG-TC-R01	PASS
e2e-test-results/qa-task24-msg-complete-2026-09-03/report.md	2026-09-03	0	manual	report.md	MSG-TC-R05	PASS
e2e-test-results/qa-task24-msg-complete-2026-09-03/report.md	2026-09-03	0	manual	report.md	MSG-TC-R06	PASS
e2e-test-results/qa-task24-msg-complete-2026-09-03/report.md	2026-09-03	0	manual	report.md	MSG-TC-R02	BLOCKED
e2e-test-results/qa-task24-msg-complete-2026-09-03/report.md	2026-09-03	0	manual	report.md	MSG-TC-R03	BLOCKED
e2e-test-results/qa-task24-msg-complete-2026-09-03/report.md	2026-09-03	0	manual	report.md	MSG-TC-R04	BLOCKED
e2e-test-results/qa-task24-msg-complete-2026-09-03/report.md	2026-09-03	0	manual	report.md	MSG-TC-E03	BLOCKED
e2e-test-results/qa-task25-consolidated-2026-09-03/report.md	2026-09-03	0	manual	report.md	MSG-TC-B1	PASS (partial)
e2e-test-results/qa-task25-consolidated-2026-09-03/report.md	2026-09-03	0	manual	report.md	MSG-TC-E02	PASS (partial)
e2e-test-results/qa-task25-consolidated-2026-09-03/report.md	2026-09-03	0	manual	report.md	MSG-TC-E03	PASS (partial)
e2e-test-results/qa-task25-consolidated-2026-09-03/report.md	2026-09-03	0	manual	report.md	MSG-TC-E04	PASS (partial)
e2e-test-results/qa-task25-consolidated-2026-09-03/report.md	2026-09-03	0	manual	report.md	MSG-TC-E05	PASS (partial)
e2e-test-results/qa-task25-consolidated-2026-09-03/report.md	2026-09-03	0	manual	report.md	MSG-TC-D07	PASS (partial)
e2e-test-results/qa-task25-consolidated-2026-09-03/report.md	2026-09-03	0	manual	report.md	MSG-TC-D08	PASS (partial)
e2e-test-results/qa-task25-consolidated-2026-09-03/report.md	2026-09-03	0	manual	report.md	MSG-TC-R04	PASS (partial)
e2e-test-results/qa-task25-consolidated-2026-09-03/report.md	2026-09-03	0	manual	report.md	MSG-TC-B3	BLOCKED
e2e-test-results/qa-task25-consolidated-2026-09-03/report.md	2026-09-03	0	manual	report.md	MSG-TC-G01	BLOCKED
e2e-test-results/qa-task25-consolidated-2026-09-03/report.md	2026-09-03	0	manual	report.md	MSG-TC-G04	BLOCKED
e2e-test-results/qa-task25-consolidated-2026-09-03/report.md	2026-09-03	0	manual	report.md	MSG-TC-G06	BLOCKED
e2e-test-results/qa-task25-consolidated-2026-09-03/report.md	2026-09-03	0	manual	report.md	MSG-TC-G07	BLOCKED
e2e-test-results/qa-task25-consolidated-2026-09-03/report.md	2026-09-03	0	manual	report.md	MSG-TC-H05	PASS
e2e-test-results/qa-task25-consolidated-2026-09-03/report.md	2026-09-03	0	manual	report.md	MSG-TC-H06	PASS
e2e-test-results/qa-task25-consolidated-2026-09-03/report.md	2026-09-03	0	manual	report.md	MSG-TC-C09	PASS
e2e-test-results/qa-task25-consolidated-2026-09-03/report.md	2026-09-03	0	manual	report.md	MSG-TC-D03	PASS
e2e-test-results/qa-task25-consolidated-2026-09-03/report.md	2026-09-03	0	manual	report.md	MSG-TC-B4	PASS
e2e-test-results/qa-task25-consolidated-2026-09-03/report.md	2026-09-03	0	manual	report.md	MSG-TC-L02	PASS
e2e-test-results/qa-task25-consolidated-2026-09-03/report.md	2026-09-03	0	manual	report.md	SUB-TC-C09	PASS
e2e-test-results/qa-task25-consolidated-2026-09-03/report.md	2026-09-03	0	manual	report.md	SUB-TC-D03	PASS
e2e-test-results/qa-task25-consolidated-2026-09-03/report.md	2026-09-03	0	manual	report.md	SUB-TC-E03	FAIL
e2e-test-results/qa-task25-consolidated-2026-09-03/report.md	2026-09-03	0	manual	report.md	SUB-TC-E04	PASS
e2e-test-results/qa-task25-consolidated-2026-09-03/report.md	2026-09-03	0	manual	report.md	SUB-TC-L02	PASS (partial)
